1688169600,55.94,55.95,54.76,55.09,127.4047021,32
1688173200,55.05,55.31,53.97,54.74,395.19197834,54
1688176800,55.16,55.24,54.29,54.44,280.12535746,25
1688180400,54.33,55.13,54.05,54.32,317.33527563,35
1688184000,54.46,54.78,53.56,54.2,284.38373206,35
1688187600,53.82,54.12,53.72,53.87,73.45199375,17
1688191200,53.82,53.98,53.77,53.98,73.04545495,17
1688194800,54.54,55.43,54.52,54.7,141.02027899,25
1688198400,54.7,54.7,53.7,54.05,137.67757594,22
1688202000,53.76,53.76,53.12,53.41,999.55299893,36
1688205600,53.2,53.2,52.51,52.84,193.26854423,47
1688209200,53.06,53.29,52.77,53.24,327.35252334,33
1688212800,53.17,53.32,53.03,53.03,89.90919972,9
1688216400,53.19,53.86,53.19,53.82,1140.97013679,55
1688220000,53.99,54.24,53.39,53.55,115.84904849,37
1688223600,53.51,53.52,52.69,52.95,103.62447877,22
1688227200,53.03,53.25,52.25,52.25,343.4306892,34
1688230800,51.93,51.98,51.6,51.66,240.55345067,27
1688234400,51.69,52.5,51.69,52.5,23.2926012,7
1688238000,52.5,52.5,52.35,52.35,48.5748318,4
1688241600,52.57,52.57,52.25,52.36,179.46173714,18
1688245200,52.15,52.15,51.83,51.83,6.01166937,4
1688248800,51.8,51.91,51.57,51.57,96.31415882,19
1688252400,52.06,52.66,52.06,52.55,136.5484512,10
1688256000,52.65,52.72,51.98,52.59,75.84049244,9
1688259600,52.79,52.9,51.83,51.83,172.49476145,17
1688263200,51.74,52.35,51.05,52.35,216.2192552,40
1688266800,52.3,52.79,51.13,51.13,142.52688818,18
1688270400,51.33,52.85,51.33,52.63,331.71906044,80
1688274000,52.95,53.5,52.85,53.45,457.32430208,70
1688277600,53.27,54.26,53.1,53.86,301.0247003,44
1688281200,54.04,54.04,53.22,53.26,24.48111261,14
1688284800,53.17,55.67,53.07,54.89,1865.62590995,118
1688288400,54.73,55.9,54.41,55.51,216.423767,52
1688292000,55.98,61.86,55.98,61.4,1582.54341934,252
1688295600,61.54,63.63,61.52,61.52,1337.31749091,252
1688299200,61.72,62.8,60.55,62.57,2988.28857289,217
1688302800,62.62,63.25,61.45,62.92,1551.3871251,80
1688306400,62.65,64.81,62.33,62.78,2824.25828445,269
1688310000,62.69,63.15,61.23,61.64,951.86951404,98
1688313600,61.86,63.15,61.37,62.87,268.2231803,69
1688317200,62.86,63.53,61.89,62.02,36.22781226,28
1688320800,62.02,62.7,61.67,62.7,909.50334562,57
1688324400,63.1,63.1,62.51,62.51,366.87197096,45
1688328000,62.69,64.02,62.45,63.14,1138.68871019,73
1688331600,63.12,63.61,62.83,63.47,125.61181166,42
1688335200,63.83,64.73,63.46,64.17,394.98193438,58
1688338800,64.49,70.18,63.92,68.4,2358.1246085,305
1688342400,68.46,69.69,67.59,69.07,1809.06060785,246
1688346000,69.32,69.7,66.78,67.3,1648.07222369,222
1688349600,67.05,67.56,66.02,66.27,437.50428492,84
1688353200,66.0,66.41,65.76,65.99,529.01033103,59
1688356800,65.87,66.82,65.68,66.54,542.40551224,61
1688360400,66.19,66.19,63.75,64.79,519.34896971,96
1688364000,64.72,64.72,62.76,64.56,1038.78534326,103
1688367600,64.41,66.4,64.12,65.81,2012.72538442,165
1688371200,65.39,65.52,64.87,65.0,132.54504023,25
1688374800,64.75,64.75,63.88,64.21,105.99085598,27
1688378400,63.77,64.06,61.52,62.85,951.13848578,123
1688382000,62.73,62.73,62.0,62.21,399.52225851,54
1688385600,62.16,63.09,61.03,63.08,1607.88580578,125
1688389200,63.1,63.27,62.13,62.34,133.09902897,22
1688392800,62.73,63.4,62.72,63.09,204.50582257,44
1688396400,63.27,64.38,63.08,63.62,328.06381917,68
1688400000,64.03,64.15,63.28,63.83,279.06269131,41
1688403600,64.3,65.38,64.28,64.86,1020.99016419,99
1688407200,64.84,64.84,63.75,64.1,457.67028273,40
1688410800,64.06,65.14,63.73,64.21,882.05484296,72
1688414400,64.51,64.51,63.88,64.01,355.64249232,41
1688418000,63.89,64.03,63.45,63.45,72.09678836,12
1688421600,63.65,63.73,62.7,63.2,450.42581776,41
1688425200,63.35,63.64,63.35,63.44,30.04294143,11
1688428800,63.03,63.04,62.21,62.21,227.56922639,31
1688432400,62.4,62.63,61.46,61.6,538.96130774,52
1688436000,61.64,62.14,61.15,61.23,216.13363787,27
1688439600,61.51,62.8,61.51,62.45,269.69137455,31
1688443200,62.45,63.8,61.63,63.27,298.70637894,43
1688446800,63.42,70.66,63.04,68.32,2681.56550275,351
1688450400,68.41,68.53,63.7,64.71,6160.44658845,424
1688454000,64.42,64.89,62.47,63.15,615.05847062,58
1688457600,63.09,63.15,62.38,62.79,121.32415115,25
1688461200,63.13,63.33,62.51,63.08,6.98215728,9
1688464800,62.77,65.98,62.77,65.14,1219.90726997,97
1688468400,65.06,65.17,63.77,65.07,319.40073023,35
1688472000,65.0,67.01,64.78,65.4,849.43524494,101
1688475600,65.4,65.4,64.46,64.83,759.24967662,69
1688479200,64.6,65.62,64.24,64.32,428.74596815,55
1688482800,64.3,64.39,63.55,63.71,883.88551868,74
1688486400,63.99,64.95,63.58,63.75,274.07866344,45
1688490000,63.7,64.33,63.56,63.84,165.19077561,23
1688493600,63.36,64.57,63.33,64.0,432.97997675,43
1688497200,63.95,64.1,63.37,64.0,668.52295517,43
1688500800,64.05,64.18,63.71,63.72,33.25294186,14
1688504400,63.46,63.59,62.86,63.11,114.11039034,31
1688508000,62.9,62.99,62.48,62.99,208.83069382,17
1688511600,62.73,62.73,62.45,62.45,25.99204955,3
1688515200,63.1,65.0,63.1,64.2,497.67500046,51
1688518800,64.4,64.83,63.77,63.77,15.65109187,9
1688522400,63.48,64.33,63.48,64.33,12.31176502,5
1688526000,64.21,64.29,63.22,63.45,167.83072838,30
1688529600,63.92,64.23,63.89,63.89,380.35749185,24
1688533200,64.56,65.83,63.71,63.71,501.41061834,63
1688536800,64.25,64.36,64.11,64.11,30.09433288,9
1688540400,63.52,63.61,63.23,63.57,39.87275425,8
1688544000,63.4,63.4,61.14,62.22,846.51126354,103
1688547600,62.73,62.73,60.18,60.18,248.98477672,40
1688551200,60.64,60.9,56.78,58.01,1642.35439798,211
1688554800,58.38,58.85,57.83,58.06,590.23231068,97
1688558400,57.79,58.51,56.67,57.05,327.59683221,53
1688562000,57.4,57.58,56.93,57.37,275.40467283,42
1688565600,57.26,57.83,56.56,56.79,954.31492433,92
1688569200,56.5,56.69,54.72,55.37,667.03421036,106
1688572800,55.57,58.53,55.57,58.47,2666.65958398,200
1688576400,58.64,59.24,58.09,58.28,326.26827824,46
1688580000,58.31,58.49,57.24,57.24,123.07538961,28
1688583600,57.21,57.7,57.09,57.12,56.45592988,21
1688587200,57.12,57.48,57.0,57.25,110.73688548,18
1688590800,57.33,57.47,57.19,57.43,160.57691525,22
1688594400,57.79,58.36,57.79,58.36,211.2251727,19
1688598000,58.3,60.18,58.3,59.59,256.81758079,51
1688601600,59.34,59.62,58.62,59.43,184.23404679,58
1688605200,59.65,62.03,58.86,61.81,213.03942023,98
1688608800,61.49,61.49,60.82,60.93,146.98560727,20
1688612400,60.86,60.86,59.8,60.3,209.7913475,37
1688616000,60.35,60.35,59.27,59.37,133.90580765,20
1688619600,59.23,61.61,59.23,61.33,113.70617241,40
1688623200,60.71,63.33,60.63,61.52,180.23147655,66
1688626800,61.83,62.73,61.83,62.51,4248.18633603,275
1688630400,62.36,63.85,62.06,63.85,352.56484974,51
1688634000,63.86,63.86,62.15,62.15,248.83506823,35
1688637600,62.2,62.2,61.17,62.14,776.02793298,49
1688641200,61.64,61.64,59.68,60.3,291.03515786,39
1688644800,60.38,60.38,58.5,59.48,2067.23884955,139
1688648400,59.97,59.97,57.97,57.97,44.03396278,24
1688652000,58.35,58.39,56.85,58.06,603.09481541,75
1688655600,57.84,58.27,57.66,58.12,114.49150759,25
1688659200,58.22,58.45,56.39,57.35,225.5393462,67
1688662800,57.59,57.79,57.3,57.66,75.58005914,22
1688666400,57.98,58.51,57.66,57.66,2112.9195891,101
1688670000,57.78,57.82,57.09,57.09,192.51091804,24
1688673600,57.46,57.95,57.46,57.95,15.33575035,12
1688677200,57.8,57.86,57.09,57.3,70.56971756,17
1688680800,57.77,57.79,57.41,57.64,5.49424914,10
1688684400,57.09,57.26,56.35,56.51,218.91547404,24
1688688000,56.28,57.18,55.48,56.64,320.09976447,68
1688691600,57.09,58.18,56.89,58.06,57.5495004,17
1688695200,57.97,58.52,57.9,57.9,140.46557636,28
1688698800,57.79,59.04,57.79,58.53,57.30123436,27
1688702400,58.5,58.53,57.79,57.87,2.13236722,7
1688706000,57.43,59.46,57.04,58.74,1144.47748386,128
1688709600,58.83,59.1,57.7,57.7,70.18515221,24
1688713200,57.69,58.54,57.34,58.36,775.02063155,65
1688716800,58.15,58.91,57.7,58.91,91.53354896,24
1688720400,59.04,59.23,58.38,58.38,279.85501651,20
1688724000,58.21,58.21,55.34,56.17,583.80805565,93
1688727600,56.16,56.16,55.06,55.06,150.31330854,15
1688731200,55.27,56.12,54.34,54.72,416.57437409,128
1688734800,54.34,55.76,54.1,55.49,227.92080877,43
1688738400,55.61,56.63,55.51,56.43,478.88050501,79
1688742000,56.44,56.44,55.63,55.79,348.95658461,29
1688745600,55.75,56.41,55.75,56.27,7.41209435,6
1688749200,55.88,55.91,55.88,55.91,1.13496719,2
1688752800,55.92,56.02,55.7,55.7,44.14958957,7
1688756400,56.11,56.18,56.11,56.18,36.1392285,4
1688760000,55.94,56.16,55.84,56.16,6.55416544,6
1688763600,55.95,55.95,55.93,55.93,4.69138628,2
1688767200,55.99,55.99,55.6,55.6,313.2443973,21
1688770800,55.9,55.9,55.66,55.66,0.34343757,2
1688774400,55.62,55.94,55.62,55.94,22.49787643,4
1688778000,56.08,57.18,56.06,56.77,54.81647027,17
1688781600,56.71,57.39,56.68,56.98,66.84219718,15
1688785200,56.73,56.86,56.39,56.39,44.76948943,10
1688788800,56.28,56.28,56.13,56.13,4.32908439,2
1688792400,56.28,56.28,56.19,56.26,100.82245683,14
1688796000,56.13,56.75,56.06,56.75,116.6316782,15
1688803200,57.05,57.05,56.34,56.34,17.89522172,2
1688806800,56.13,56.13,55.86,55.87,11.65093891,7
1688810400,55.87,55.87,54.66,54.66,241.17319039,52
1688814000,54.86,54.86,53.27,53.65,262.05669964,39
1688817600,53.66,54.23,53.54,53.6,148.03576955,18
1688821200,53.6,54.19,53.6,54.16,50.04558312,9
1688824800,54.01,54.37,53.86,53.87,44.96828248,7
1688828400,53.68,54.09,53.68,53.84,4.52793717,6
1688832000,53.9,53.9,53.52,53.7,2364.99612117,71
1688835600,53.57,53.57,53.38,53.41,19.93274111,9
1688839200,53.34,53.78,53.28,53.68,10.98921524,7
1688842800,53.67,53.67,52.79,53.23,99.96276155,39
1688846400,53.02,53.32,53.02,53.3,57.85873674,7
1688850000,53.17,53.33,53.17,53.21,223.01539346,14
1688853600,53.67,53.68,53.67,53.68,28.35425066,3
1688857200,53.66,54.03,53.47,54.03,3.33669305,7
1688860800,53.98,54.15,53.75,54.15,49.51581055,11
1688864400,54.26,54.57,54.06,54.06,102.83239167,21
1688868000,53.9,54.11,53.68,53.71,45.32806009,6
1688871600,53.51,53.88,53.51,53.72,67.72584067,15
1688875200,53.56,53.56,53.28,53.42,35.13028609,15
1688878800,53.15,53.15,52.78,52.78,33.41450935,6
1688882400,52.64,52.64,51.96,52.21,197.84820921,44
1688886000,52.13,52.21,51.89,52.21,57.7611388,11
1688889600,52.72,52.79,52.43,52.43,2.23800263,5
1688893200,52.74,52.74,52.37,52.6,61.28438552,5
1688896800,52.57,52.57,52.48,52.48,22.07355175,4
1688900400,52.41,52.69,52.41,52.69,6.10211457,4
1688904000,52.67,55.02,52.67,54.98,877.62255629,74
1688907600,55.03,58.35,54.83,57.95,2012.10149316,260
1688911200,57.69,60.71,57.69,60.48,1291.63606642,253
1688914800,60.24,61.07,58.8,59.79,689.12798367,124
1688918400,59.82,60.4,59.61,59.99,323.65007484,34
1688922000,60.01,63.04,59.99,61.35,1719.97368781,251
1688925600,61.46,61.84,61.36,61.43,227.1471402,63
1688929200,61.4,61.4,59.95,60.22,99.39469409,36
1688932800,60.11,60.77,60.06,60.06,24.95670859,17
1688936400,60.4,60.95,60.0,60.93,286.39683474,29
1688940000,60.52,60.74,60.01,60.55,288.72289737,35
1688943600,60.66,60.69,60.06,60.25,99.60151798,21
1688947200,59.97,59.97,58.64,58.97,545.16599286,122
1688950800,58.71,59.57,57.96,58.51,246.97352488,72
1688954400,58.6,60.43,58.6,60.1,824.0292499,121
1688958000,59.83,59.83,59.23,59.27,150.70782546,26
1688961600,59.36,59.59,58.92,59.54,71.65430874,15
1688965200,59.33,59.66,58.5,58.5,303.36980701,56
1688968800,58.39,58.76,57.58,57.58,286.00564531,44
1688972400,57.96,58.12,57.26,57.31,59.57435681,22
1688976000,57.52,58.02,57.09,58.02,240.05661427,28
1688979600,57.6,58.75,57.33,58.5,509.66057984,30
1688983200,58.27,59.64,58.27,59.06,189.21544182,35
1688986800,59.22,59.46,58.79,58.81,29.73586698,13
1688990400,59.01,62.57,59.01,60.67,642.64039868,142
1688994000,60.98,61.79,60.66,60.86,357.18344976,64
1688997600,60.71,60.71,59.37,59.68,218.64225956,60
1689001200,59.72,59.72,58.25,58.25,94.80836922,33
1689004800,58.11,58.56,58.11,58.51,97.64612373,28
1689008400,58.56,58.72,58.31,58.31,9.25849706,8
1689012000,58.36,59.01,58.36,59.0,80.01285951,17
1689015600,59.13,59.68,58.9,59.68,223.52951164,26
1689019200,59.79,60.25,59.61,59.99,48.46841274,14
1689022800,59.34,60.96,59.27,60.06,389.3345082,41
1689026400,59.97,59.97,59.01,59.01,342.73404604,50
1689030000,58.97,59.27,58.97,59.03,90.1557,10
1689033600,59.54,60.34,59.54,60.16,357.95861883,30
1689037200,60.36,60.39,59.59,59.59,339.22828339,20
1689040800,59.4,59.51,58.87,58.87,53.54142835,10
1689044400,59.07,59.14,58.84,59.14,28.40185041,6
1689048000,59.79,63.5,59.79,63.5,1022.15737698,202
1689051600,63.5,66.18,63.08,64.28,1412.95449478,225
1689055200,64.17,64.2,63.29,63.66,183.27560147,39
1689058800,64.01,64.3,63.58,63.74,551.94170159,51
1689062400,64.0,65.48,64.0,64.35,215.26388123,40
1689066000,64.06,65.2,63.54,65.2,722.16734621,61
1689069600,65.18,65.99,64.56,65.74,237.76912336,55
1689073200,65.65,66.78,64.79,65.31,166.10358933,36
1689076800,64.7,65.7,64.3,65.7,650.43224054,69
1689080400,65.69,66.78,65.69,66.62,1258.46102985,72
1689084000,66.8,68.25,66.08,67.62,307.49713527,111
1689087600,67.26,67.5,65.83,66.17,1072.82641022,137
1689091200,66.37,66.37,65.5,66.1,128.43766362,38
1689094800,66.26,66.33,65.52,65.9,415.08628611,42
1689098400,65.94,67.26,65.81,65.81,125.68758716,56
1689102000,65.9,66.49,65.56,65.87,243.27424385,26
1689105600,66.09,66.5,65.37,65.52,265.46871038,43
1689109200,65.49,65.87,65.4,65.87,6.59161548,6
1689112800,65.99,66.49,65.78,65.78,189.65401069,24
1689116400,65.86,66.49,65.69,66.49,75.99522919,13
1689120000,66.33,68.8,66.33,68.25,353.31826894,76
1689123600,67.86,68.93,67.57,68.13,97.43441672,39
1689127200,67.58,67.66,66.98,67.26,85.54401012,15
1689130800,66.62,66.62,66.07,66.07,163.49569379,21
1689134400,66.21,66.59,66.01,66.51,143.31620109,17
1689138000,66.3,67.09,66.3,66.58,207.15516803,29
1689141600,66.5,67.5,66.42,66.92,124.11188286,18
1689145200,66.86,66.9,66.39,66.51,55.49215597,18
1689148800,66.61,67.04,66.29,66.29,43.47314087,5
1689152400,66.79,66.79,66.62,66.73,15.58451279,4
1689156000,67.36,67.36,66.74,67.08,131.37363501,12
1689159600,67.19,67.38,66.81,67.22,411.5619868,36
1689163200,66.88,68.24,66.04,66.04,204.17659245,42
1689166800,66.58,66.58,65.71,66.24,91.99199876,21
1689170400,66.28,66.33,65.51,66.1,86.52017487,21
1689174000,66.0,66.34,65.9,66.12,65.52519856,15
1689177600,66.16,66.58,66.02,66.53,103.35415391,28
1689181200,66.74,67.17,66.33,66.63,142.38384903,81
1689184800,66.52,66.53,66.17,66.21,35.83863523,13
1689188400,65.97,65.97,64.68,65.22,530.31506075,57
1689192000,65.4,65.76,65.24,65.63,7.7396968,14
1689195600,65.7,65.7,65.31,65.31,3.54663118,3
1689199200,65.3,65.3,65.3,65.3,2.09420307,2
1689202800,65.85,74.07,65.85,71.0,1074.77410267,226
1689206400,70.81,73.01,69.0,70.32,935.45910774,155
1689210000,69.94,72.01,69.56,71.42,813.27470589,124
1689213600,71.38,72.45,70.71,71.26,465.47167137,84
1689217200,71.28,71.4,68.99,69.19,550.41652175,72
1689220800,69.02,69.94,68.64,69.82,327.05879615,58
1689224400,69.79,69.93,69.33,69.51,65.76702736,20
1689228000,69.25,69.6,68.69,69.6,42.60303171,30
1689231600,69.2,69.62,68.98,69.62,10.22809909,11
1689235200,69.61,70.59,69.57,70.31,103.52896789,33
1689238800,70.39,70.68,69.93,70.19,217.83521504,20
1689242400,70.21,70.62,70.0,70.61,54.05709999,12
1689246000,70.02,70.02,69.54,69.54,541.50352743,54
1689249600,69.69,70.0,69.34,69.41,712.45211298,77
1689253200,69.33,70.24,69.05,70.24,69.08978399,22
1689256800,70.12,71.37,70.09,70.37,303.13712987,61
1689260400,70.23,72.05,70.23,70.98,267.73001859,71
1689264000,71.24,71.27,69.14,69.23,559.05689575,99
1689267600,69.0,70.33,68.5,70.07,1146.54905817,114
1689271200,70.09,72.63,69.51,70.02,1810.62618229,243
1689274800,70.03,70.25,69.37,69.37,302.9116109,34
1689278400,69.45,70.69,68.14,68.52,579.96640947,103
1689282000,68.66,68.66,67.78,68.57,126.97007637,34
1689285600,68.86,69.05,68.31,68.34,25.24560986,13
1689289200,68.35,69.75,68.35,69.75,399.51912176,34
1689292800,69.61,70.59,68.7,69.88,203.77776594,53
1689296400,69.79,70.31,69.2,70.1,87.97265321,35
1689300000,70.13,70.14,69.74,69.86,37.12501809,12
1689303600,69.86,70.66,69.73,70.61,204.58327125,31
1689307200,70.17,70.18,69.1,69.1,246.1219085,29
1689310800,69.08,69.24,68.87,69.24,136.10785633,16
1689314400,69.16,69.16,67.78,67.78,150.26933646,31
1689318000,67.75,67.93,66.75,67.26,120.61984883,33
1689321600,67.22,68.18,67.22,68.18,124.72448892,15
1689325200,68.46,68.51,67.92,67.92,13.63546705,12
1689328800,68.51,68.64,67.91,67.91,10.35339068,11
1689332400,68.16,69.2,68.16,68.6,772.96114608,77
1689336000,68.45,68.52,68.12,68.45,127.92749729,25
1689339600,68.35,70.0,68.35,68.98,190.27409545,47
1689343200,68.95,68.95,68.11,68.48,148.46455781,28
1689346800,68.82,69.96,68.81,69.7,352.45729752,36
1689350400,69.72,69.79,68.2,69.57,235.65815119,44
1689354000,68.98,72.37,68.64,70.85,545.04077392,127
1689357600,70.85,71.57,68.5,68.76,365.48386717,119
1689361200,68.64,70.8,68.46,69.85,228.95177456,62
1689364800,69.67,69.67,68.64,68.79,116.56772885,21
1689368400,68.71,68.88,68.71,68.71,65.5735616,16
1689372000,68.59,68.67,66.43,66.43,120.09893106,41
1689375600,66.48,67.34,66.17,66.73,199.3170622,34
1689379200,66.64,66.89,65.78,66.77,245.80689155,34
1689382800,66.84,66.84,66.3,66.51,8.89343209,7
1689386400,66.1,66.1,65.27,65.64,19.56526809,20
1689390000,65.61,65.91,65.42,65.8,123.73446695,19
1689393600,65.56,65.56,65.43,65.43,2.27469657,2
1689397200,65.63,65.63,65.32,65.47,11.16327082,8
1689400800,65.48,65.69,65.48,65.5,139.59743716,11
1689404400,65.81,71.94,65.8,71.0,992.90638109,193
1689408000,71.58,75.1,70.65,74.97,1896.34060128,257
1689411600,75.27,76.17,73.33,73.37,1612.29574934,186
1689415200,73.52,74.22,73.22,74.05,151.36099408,33
1689418800,74.36,78.1,74.36,76.32,2474.61472868,377
1689422400,76.7,76.8,75.03,75.4,725.91327992,154
1689426000,75.21,75.72,74.47,75.02,139.05961418,54
1689429600,75.18,75.36,73.6,73.8,859.79883735,105
1689433200,74.01,75.07,73.49,74.71,890.01047907,105
1689436800,74.88,76.54,73.8,76.52,589.93159984,134
1689440400,76.39,77.25,74.73,74.73,248.76953892,99
1689444000,74.44,75.6,74.44,75.37,48.89980014,32
1689447600,75.4,75.93,75.4,75.55,69.06697951,24
1689451200,75.4,75.76,75.19,75.26,31.8238509,12
1689454800,75.12,75.2,74.49,75.08,186.17608063,30
1689458400,74.92,75.64,74.55,75.51,552.04808472,31
1689462000,75.72,76.33,75.72,76.15,42.34120825,16
1689465600,76.0,76.5,74.36,75.03,136.62506845,56
1689469200,75.07,77.09,74.95,76.88,136.18658208,53
1689472800,76.71,76.77,74.94,76.59,556.93122764,112
1689476400,76.61,78.55,76.09,76.77,159.39866415,91
1689480000,76.63,79.64,76.62,77.07,685.9701511,149
1689483600,77.36,79.32,77.36,78.36,248.87115239,76
1689487200,78.77,81.91,78.72,81.62,577.43033314,157
1689490800,81.53,85.97,79.85,80.02,1145.52811749,362
1689494400,80.23,82.6,78.67,82.15,1111.56009664,194
1689498000,81.86,82.6,79.16,79.22,424.18855655,90
1689501600,79.67,80.14,78.79,79.38,474.44567415,93
1689505200,79.3,80.19,78.71,79.86,101.40365911,25
1689508800,79.6,80.23,79.34,80.23,83.85114601,15
1689512400,79.97,81.17,79.97,80.53,222.15320029,62
1689516000,80.18,80.18,79.31,80.03,359.29806466,75
1689519600,80.28,80.44,76.87,77.04,586.75782559,180
1689523200,76.93,79.02,76.74,77.63,336.7703157,72
1689526800,77.67,78.12,77.41,78.12,11.79674844,15
1689530400,78.43,78.48,77.98,78.25,194.25581787,23
1689534000,78.22,78.36,76.96,77.14,250.14413275,44
1689537600,77.3,78.09,77.23,78.09,44.99366888,16
1689541200,77.41,77.41,76.85,77.05,264.48001803,46
1689544800,77.0,78.32,76.41,78.07,425.38426634,82
1689548400,77.9,77.95,76.77,77.16,178.49996066,48
1689552000,77.33,79.0,76.6,76.87,214.60662143,52
1689555600,76.73,76.73,75.58,75.91,277.53871743,74
1689559200,76.25,77.02,76.25,76.49,235.59744211,27
1689562800,76.58,76.8,76.46,76.51,331.7744401,27
1689566400,76.38,76.41,75.28,75.53,206.84331226,65
1689570000,75.72,75.88,74.24,74.27,51.9279144,43
1689573600,74.19,74.5,73.68,74.43,213.38165539,46
1689577200,74.08,74.08,73.06,73.41,509.78190977,78
1689580800,73.41,74.07,72.91,73.13,316.2107462,72
1689584400,73.24,73.24,72.48,72.5,969.78439503,134
1689588000,72.44,73.25,70.91,73.22,731.71204759,200
1689591600,73.33,73.47,71.95,72.06,96.4659729,30
1689595200,72.3,72.3,71.32,71.75,186.47767263,73
1689598800,71.88,72.76,71.04,72.49,688.98182205,62
1689602400,72.41,74.91,72.02,74.52,644.24911334,145
1689606000,74.2,75.9,74.2,74.7,575.77530375,110
1689609600,74.59,78.48,74.59,77.25,1802.30732083,227
1689613200,77.6,77.8,76.6,77.35,1034.7515793,76
1689616800,77.37,77.94,74.84,75.27,726.55391664,111
1689620400,75.25,76.26,75.03,75.03,171.41133708,37
1689624000,74.96,76.13,74.96,75.19,97.67214038,31
1689627600,75.51,77.8,75.51,77.24,45.64861152,34
1689631200,77.02,77.02,75.71,75.73,143.1109432,37
1689634800,76.49,76.95,75.79,76.07,26.82529681,16
1689638400,75.65,76.6,74.78,74.81,381.90983925,62
1689642000,75.16,76.19,75.16,75.87,70.19230423,17
1689645600,75.83,76.04,75.39,75.75,243.41418542,35
1689649200,75.18,75.3,74.68,74.68,5.52137633,14
1689652800,74.38,74.71,73.72,74.57,222.23837063,42
1689656400,74.6,74.6,74.32,74.45,33.14176798,14
1689660000,74.84,76.29,72.58,72.98,1389.44005039,194
1689663600,72.9,72.9,71.88,71.88,239.47853069,44
1689667200,71.81,73.33,71.71,72.15,255.71312638,45
1689670800,72.57,72.57,71.77,71.79,24.61086101,17
1689674400,72.37,72.37,71.92,72.08,106.58617863,19
1689678000,71.99,72.77,70.92,71.39,96.89372171,46
1689681600,71.65,72.28,70.65,70.86,435.35759611,81
1689685200,71.04,71.21,69.9,69.9,204.62972142,67
1689688800,70.14,71.54,70.01,70.9,93.98866578,60
1689692400,71.09,71.09,70.56,71.09,110.87891217,16
1689696000,70.91,71.59,69.27,69.56,276.8479232,65
1689699600,69.76,70.17,69.0,70.17,946.92883045,128
1689703200,69.98,70.35,69.79,69.95,97.85259251,24
1689706800,70.45,70.61,70.29,70.61,91.67642289,15
1689710400,70.6,72.33,70.6,71.93,569.28421007,86
1689714000,72.37,72.76,72.04,72.11,92.4110907,23
1689717600,72.18,72.18,71.65,71.81,24.03963586,17
1689721200,71.76,71.82,71.08,71.08,109.23701677,16
1689724800,71.07,72.1,70.93,71.52,52.96655949,44
1689728400,71.69,72.01,70.91,71.65,13.69202642,21
1689732000,71.29,72.37,71.19,72.37,64.290657,37
1689735600,72.29,72.59,71.07,71.07,202.9138714,71
1689739200,71.13,71.66,70.92,71.3,179.06346216,22
1689742800,71.76,72.03,71.76,71.92,42.97444786,19
1689746400,72.03,83.44,71.31,71.38,5948.00000419,704
1689750000,71.32,71.57,70.79,71.17,950.17764812,75
1689753600,70.99,70.99,70.3,70.44,50.29192633,12
1689757200,70.21,72.37,70.0,71.74,82.26877014,45
1689760800,72.15,73.3,72.15,73.0,233.10113092,53
1689764400,73.0,73.89,72.37,72.37,560.36448318,75
1689768000,72.29,72.47,71.43,71.43,533.97814824,68
1689771600,71.34,72.39,71.01,71.49,548.11441591,58
1689775200,71.43,71.43,70.71,71.08,151.18576563,32
1689778800,70.75,71.91,70.75,71.51,146.55860031,34
1689782400,71.35,71.65,71.05,71.48,99.30813524,19
1689786000,71.23,71.39,70.88,70.93,62.13908324,38
1689789600,70.71,70.71,70.27,70.28,82.00691527,29
1689793200,70.51,70.86,70.02,70.02,145.30428255,26
1689796800,70.12,70.55,69.87,69.9,313.95630903,40
1689800400,69.81,69.81,69.14,69.67,58.73855579,29
1689804000,69.6,69.61,69.1,69.1,93.21215673,59
1689807600,69.07,69.21,69.07,69.2,178.26382393,22
1689811200,69.87,69.91,68.8,69.56,924.15190167,61
1689814800,69.89,69.92,69.89,69.92,28.64098524,5
1689818400,70.21,70.21,70.21,70.21,0.85516446,1
1689822000,69.51,69.51,69.18,69.49,14.71614512,10
1689825600,69.89,70.4,69.58,70.4,102.15265061,13
1689829200,70.06,73.0,70.06,72.74,454.84244056,68
1689832800,73.1,73.79,71.32,71.48,865.5156018,136
1689836400,71.46,71.64,71.45,71.46,4.82125057,4
1689840000,72.01,73.87,72.01,73.28,389.77386793,69
1689843600,72.88,73.47,72.88,72.88,89.82424417,14
1689847200,73.47,74.36,73.25,73.34,145.4543662,31
1689850800,73.1,73.7,73.0,73.61,51.25346471,12
1689854400,73.34,73.76,73.21,73.51,153.56782489,20
1689858000,73.18,73.62,73.18,73.52,80.03600648,14
1689861600,73.82,73.82,71.12,71.47,750.63547288,109
1689865200,71.33,71.58,71.26,71.34,70.01705342,15
1689868800,72.01,73.02,71.89,72.62,100.74294098,50
1689872400,73.0,74.75,72.71,74.07,163.0292532,49
1689876000,74.29,74.64,72.7,72.76,311.67292938,55
1689879600,72.76,72.76,71.59,72.41,76.35614787,51
1689883200,72.3,72.42,71.8,71.93,21.52627352,19
1689886800,72.54,74.47,72.54,73.77,475.65537608,77
1689890400,73.92,73.92,73.06,73.45,110.35603537,38
1689894000,73.7,73.7,73.1,73.25,136.82200052,18
1689897600,73.19,73.89,72.86,73.85,196.22190844,28
1689901200,74.15,76.14,73.88,75.86,371.84615414,75
1689904800,75.85,76.57,75.11,75.9,917.53100466,123
1689908400,76.05,76.05,74.88,75.62,195.94993094,38
1689912000,74.97,75.11,74.36,74.76,74.22501799,33
1689915600,74.75,74.83,74.26,74.32,103.48638442,13
1689919200,74.54,74.58,74.2,74.58,8.2404336,3
1689922800,74.59,74.78,73.81,74.11,12.13429584,11
1689926400,74.18,74.4,72.81,73.19,360.58692322,62
1689930000,73.19,73.28,71.66,71.66,198.62980839,56
1689933600,71.97,72.32,71.69,72.32,2.53819738,3
1689937200,72.13,72.37,72.13,72.25,22.69098423,6
1689940800,72.45,72.78,72.38,72.44,868.04645608,66
1689944400,72.44,72.44,71.55,71.71,600.25077232,47
1689948000,71.98,72.37,71.98,72.26,5.97914002,7
1689951600,72.53,73.11,72.28,72.37,144.24270269,32
1689955200,72.46,72.49,71.91,71.93,100.57109546,9
1689958800,72.03,72.32,71.99,72.0,18.33070312,13
1689962400,72.5,72.5,71.88,72.08,173.50518077,25
1689966000,71.79,72.01,71.12,71.88,195.74748039,27
1689969600,71.69,71.69,71.43,71.45,31.92892803,10
1689973200,71.48,71.48,70.95,71.15,6.44248705,11
1689976800,71.37,71.37,71.04,71.05,142.00459791,8
1689980400,71.12,71.12,71.0,71.05,33.37480827,7
1689984000,70.94,71.64,70.92,71.43,49.96554143,14
1689987600,71.2,71.2,71.2,71.2,0.28093833,1
1689991200,71.24,71.43,71.22,71.32,119.34769739,14
1689994800,71.28,71.68,71.09,71.65,41.83638874,8
1689998400,71.93,71.93,71.3,71.3,42.43047631,5
1690002000,71.2,71.29,71.07,71.07,6.99860421,6
1690005600,71.14,71.39,71.14,71.24,459.61344436,29
1690009200,71.1,71.12,70.92,71.0,37.84349788,10
1690012800,71.65,71.65,71.16,71.16,382.88118085,17
1690016400,71.18,71.19,70.98,71.05,34.89824623,12
1690020000,70.98,70.98,70.21,70.24,130.23603447,26
1690023600,70.42,70.94,70.42,70.94,93.52283871,8
1690027200,71.02,71.28,70.97,70.97,21.79695696,12
1690030800,71.16,71.47,71.16,71.35,16.17757989,7
1690034400,71.6,71.6,70.88,70.88,88.72003956,22
1690038000,70.88,70.96,70.29,70.96,27.57974952,12
1690041600,70.58,71.15,70.55,70.95,23.0116204,14
1690045200,71.06,71.06,71.01,71.01,6.40993345,4
1690048800,70.97,71.29,70.86,71.29,86.06268295,13
1690052400,71.35,71.35,71.25,71.35,7.49510052,5
1690056000,71.39,71.39,71.07,71.07,101.24064555,10
1690059600,70.86,70.88,70.71,70.71,12.00934873,5
1690063200,70.83,70.88,70.6,70.6,29.87262495,9
1690066800,70.53,70.53,69.38,70.28,169.55048705,42
1690070400,70.3,70.78,70.0,70.37,60.41081503,20
1690074000,70.71,71.46,70.67,70.97,75.5506312,17
1690077600,70.98,72.03,70.98,71.62,25.77833668,20
1690081200,71.43,71.43,71.36,71.36,11.48439599,5
1690084800,71.12,71.12,70.99,70.99,15.55557811,10
1690088400,70.99,70.99,70.96,70.96,7.32728207,2
1690092000,71.11,71.11,70.7,70.7,5.22603543,8
1690095600,70.5,70.58,70.29,70.47,73.45466084,14
1690099200,70.68,70.74,70.68,70.74,2.77503928,3
1690102800,70.94,70.94,70.94,70.94,0.26520654,1
1690106400,70.97,71.28,70.86,71.18,71.0401678,8
1690113600,71.55,71.79,71.46,71.57,318.78668779,32
1690117200,71.9,71.9,71.23,71.52,12.55268226,9
1690120800,71.72,71.9,71.66,71.89,165.38624379,27
1690124400,71.87,71.87,71.64,71.64,0.66001022,2
1690128000,71.51,72.16,71.51,72.03,4.19366989,6
1690131600,72.29,72.55,72.29,72.55,14.58084537,8
1690135200,72.74,72.74,72.2,72.45,12.35029415,6
1690138800,72.54,72.54,71.79,71.79,135.31599073,17
1690142400,71.83,71.83,71.82,71.82,20.3182741,2
1690146000,71.74,71.74,71.21,71.24,3.97399165,5
1690149600,71.17,71.17,70.71,70.71,166.65001028,15
1690153200,70.62,70.63,70.21,70.33,7.48949327,10
1690156800,70.06,70.06,69.13,69.89,131.33284253,26
1690160400,69.33,69.65,68.82,69.29,250.93923308,50
1690164000,69.01,69.01,68.03,68.73,307.06721069,39
1690167600,68.37,68.37,67.26,67.31,125.4341606,41
1690171200,67.08,67.21,66.12,67.12,578.60575645,93
1690174800,66.94,67.2,66.94,67.07,176.17951291,20
1690178400,67.33,67.7,67.16,67.2,359.48975852,34
1690182000,67.18,67.5,66.86,67.39,67.2179093,19
1690185600,67.35,67.35,66.89,66.89,19.18589975,13
1690189200,66.72,66.72,63.24,65.05,784.77509444,126
1690192800,65.1,66.39,65.1,65.94,154.355865,31
1690196400,65.77,65.86,65.0,65.0,251.00049508,34
1690200000,65.43,65.68,64.83,65.2,466.18963579,43
1690203600,65.25,65.58,65.03,65.03,47.52739748,15
1690207200,65.0,65.12,64.21,64.21,82.96700333,22
1690210800,64.25,64.95,64.03,64.93,307.5670952,28
1690214400,65.04,65.1,64.16,64.26,445.35361645,40
1690218000,64.04,64.04,63.12,63.15,164.25132006,32
1690221600,63.1,63.6,62.6,63.6,200.62783826,31
1690225200,63.68,63.68,63.09,63.17,8.87098842,7
1690228800,63.37,63.38,62.6,63.07,115.99275287,61
1690232400,63.29,63.69,63.17,63.33,352.50079425,70
1690236000,63.26,63.46,62.9,63.07,52.27853641,36
1690239600,63.12,63.87,63.12,63.42,14.00864477,42
1690243200,63.53,63.83,63.35,63.35,23.29036797,28
1690246800,63.45,63.45,62.24,62.26,451.84437633,90
1690250400,62.17,63.4,61.95,63.0,98.9833621,42
1690254000,63.21,63.22,62.6,62.61,103.12486757,42
1690257600,62.66,62.66,62.36,62.36,338.60887572,27
1690261200,62.33,62.62,61.71,61.73,140.48084238,34
1690264800,61.93,61.93,58.44,59.93,2745.73254666,334
1690268400,59.99,60.91,59.94,60.8,401.47683173,53
1690272000,60.8,62.27,60.35,60.71,379.01163271,62
1690275600,60.68,61.85,60.65,61.42,265.53326986,30
1690279200,61.25,61.25,60.64,60.64,24.77204204,20
1690282800,60.65,61.26,60.65,60.67,52.27094376,13
1690286400,60.64,60.67,60.33,60.33,39.06128053,16
1690290000,60.78,62.08,60.59,61.53,605.3241932,64
1690293600,61.64,62.83,61.55,61.55,68.42572476,30
1690297200,61.25,62.27,61.24,61.69,59.62167542,17
1690300800,61.62,62.43,61.55,61.55,170.02438787,32
1690304400,61.45,62.66,61.45,62.66,36.0480571,14
1690308000,62.5,62.5,62.32,62.37,40.09260654,7
1690311600,62.16,62.52,61.85,61.85,167.48833953,26
1690315200,61.85,62.0,61.8,62.0,119.46211749,16
1690318800,62.21,62.29,62.17,62.25,13.09602891,6
1690322400,62.35,62.62,62.21,62.21,148.75443971,15
1690326000,62.25,62.73,62.21,62.24,78.90331378,8
1690329600,62.65,65.53,62.65,65.03,3523.64931438,343
1690333200,65.2,66.73,65.17,65.93,865.91666326,97
1690336800,66.02,67.27,65.31,67.2,783.98480363,113
1690340400,67.32,69.75,67.21,68.31,1031.37588668,196
1690344000,67.96,68.89,67.32,68.21,253.60279821,57
1690347600,68.51,70.17,68.49,69.32,878.33957639,130
1690351200,69.34,69.65,67.89,67.95,611.58637266,100
1690354800,68.0,68.35,67.41,68.35,302.2185459,53
1690358400,68.22,69.19,67.99,69.03,311.2383275,52
1690362000,69.2,69.2,67.91,68.07,82.43102163,21
1690365600,68.13,69.23,68.13,69.2,13.65292891,15
1690369200,69.06,69.65,68.63,68.69,160.77416303,52
1690372800,68.82,69.7,68.65,69.23,471.30402428,69
1690376400,69.45,69.95,69.33,69.55,95.85870727,23
1690380000,69.5,71.99,69.37,70.6,668.62268119,116
1690383600,70.68,72.02,70.68,71.57,554.54150944,65
1690387200,71.78,73.16,71.7,72.27,664.46077146,93
1690390800,72.09,72.13,70.76,70.76,720.82889188,75
1690394400,71.47,72.3,70.98,71.23,998.85585244,121
1690398000,71.25,71.39,70.8,71.26,91.27694373,25
1690401600,71.4,71.9,71.33,71.37,342.59572551,37
1690405200,71.41,71.42,70.71,70.74,161.62201963,58
1690408800,71.28,71.28,70.29,70.68,711.68687275,68
1690412400,70.94,71.19,70.53,70.84,90.2627492,15
1690416000,70.37,71.74,70.18,70.74,561.97354773,52
1690419600,70.65,71.29,70.56,71.2,75.92966485,10
1690423200,71.4,72.03,71.4,71.95,80.09290673,13
1690426800,71.43,71.43,70.7,70.7,115.76345234,22
1690430400,71.05,71.65,71.04,71.63,34.65245064,6
1690434000,71.46,71.91,71.46,71.89,25.12027178,6
1690437600,71.89,72.75,71.82,72.15,363.39371703,46
1690441200,72.74,73.14,72.17,72.17,422.69519447,62
1690444800,72.15,72.15,71.12,71.75,19.87965186,16
1690448400,71.33,72.81,71.33,72.81,7.61295745,11
1690452000,72.68,74.17,71.79,71.83,831.52117382,101
1690455600,71.66,72.59,71.43,71.79,11.96245398,15
1690459200,71.83,71.83,71.09,71.5,196.87151944,32
1690462800,71.42,71.65,71.0,71.52,21.68403955,10
1690466400,71.07,71.25,70.46,70.76,40.84476482,19
1690470000,71.0,71.0,70.6,70.69,124.87684764,15
1690473600,70.65,70.65,70.36,70.59,147.37475307,25
1690477200,70.94,70.94,70.43,70.43,0.4725676,4
1690480800,70.48,70.56,69.67,69.67,384.37168516,48
1690484400,69.92,70.72,69.8,70.16,536.74643571,52
1690488000,70.06,70.06,69.57,69.77,346.86699743,154
1690491600,69.8,70.34,69.8,70.34,47.8467777,6
1690495200,70.16,70.34,70.1,70.16,133.74918121,10
1690498800,70.0,70.14,69.87,70.14,17.96500383,9
1690502400,70.05,71.59,69.97,71.41,146.8773869,40
1690506000,71.34,71.34,70.71,70.71,109.10095669,12
1690509600,70.37,70.37,70.08,70.09,253.59846529,20
1690513200,70.46,70.46,70.46,70.46,26.27581589,1
1690516800,70.07,70.07,69.95,69.96,1.10405639,5
1690520400,69.67,69.67,69.32,69.32,31.08016224,12
1690524000,69.89,70.03,69.78,69.8,6.45116798,7
1690527600,69.99,70.05,69.43,69.49,255.76919417,17
1690531200,69.58,69.58,69.58,69.58,91.7297514,4
1690534800,69.54,69.75,69.54,69.75,9.24227,6
1690538400,69.86,70.11,69.86,69.99,156.37171708,15
1690542000,70.21,70.59,70.21,70.3,4.66859593,11
1690545600,70.39,70.69,70.39,70.69,11.13923807,5
1690549200,70.78,70.78,69.94,69.94,23.23075494,17
1690552800,70.08,71.05,70.08,70.77,212.46359243,29
1690556400,71.02,71.34,70.77,70.77,247.19238452,27
1690560000,70.88,70.88,70.6,70.6,13.20163764,7
1690563600,70.37,70.37,69.92,69.92,112.3387825,13
1690567200,69.9,69.91,69.9,69.91,2.0198317,2
1690570800,70.09,70.34,70.04,70.34,85.55167678,8
1690574400,70.13,70.97,70.12,70.97,39.32690236,30
1690578000,70.94,70.95,70.94,70.94,13.9972798,3
1690581600,71.05,71.67,71.05,71.45,69.32781593,30
1690585200,71.45,72.41,71.45,72.41,116.21867595,24
1690588800,72.52,74.73,72.21,74.15,786.84507523,96
1690592400,74.58,74.84,74.28,74.37,293.78276986,32
1690596000,74.61,74.61,73.41,73.41,407.89742839,46
1690599600,73.74,73.74,72.78,72.78,176.22283538,20
1690603200,72.85,73.28,72.57,73.25,301.2611537,28
1690606800,73.06,73.06,72.71,72.8,100.01278404,11
1690610400,72.95,72.98,72.51,72.51,7.15609112,4
1690614000,72.77,72.77,72.66,72.77,66.73443002,8
1690617600,72.55,72.55,71.92,71.92,4.57878133,7
1690621200,71.91,71.93,71.91,71.91,4E+1,3
1690624800,71.94,72.11,71.87,72.03,1.27732652,5
1690628400,72.13,72.14,71.82,71.9,8.62164139,4
1690632000,71.87,72.0,71.66,71.66,467.93677003,26
1690635600,71.71,71.76,71.71,71.76,2.67387082,2
1690639200,71.87,72.0,71.87,72.0,6.88065753,2
1690642800,71.91,72.08,71.91,72.08,167.29101867,6
1690646400,71.9,71.9,71.46,71.71,173.6244974,14
1690650000,71.9,72.92,71.9,72.9,83.07099391,11
1690653600,72.43,72.51,71.79,72.04,7.13297157,12
1690660800,72.02,72.65,71.91,72.65,315.81712181,30
1690664400,72.4,72.4,72.4,72.4,0.11,1
1690668000,72.39,72.49,72.37,72.49,1.71164799,4
1690671600,72.34,72.38,72.33,72.38,131.38221884,7
1690675200,72.17,72.17,71.71,71.71,3.93744393,4
1690678800,71.96,71.98,71.96,71.98,9.13689097,4
1690682400,72.23,72.6,72.23,72.6,87.81338006,7
1690686000,72.48,72.55,72.48,72.53,3.83390279,3
1690689600,72.28,72.86,72.27,72.86,178.52665163,16
1690693200,72.81,73.1,72.81,73.1,2.10883068,6
1690696800,72.76,72.76,72.05,72.24,79.57198674,13
1690700400,72.09,72.09,71.82,72.04,11.22590073,7
1690707600,72.03,72.03,72.03,72.03,3.52292926,1
1690711200,71.96,72.01,71.96,72.01,4.34543276,2
1690718400,72.6,72.74,72.58,72.58,63.7902065,6
1690722000,72.61,72.67,72.35,72.36,83.23389103,10
1690725600,72.74,73.25,72.71,73.25,616.38392375,59
1690729200,73.01,73.01,72.51,72.51,77.28003043,11
1690732800,72.53,72.68,72.24,72.39,0.58255699,6
1690736400,72.53,73.89,72.53,73.56,208.33007629,39
1690740000,73.58,73.85,73.58,73.69,16.15706565,5
1690743600,73.47,73.47,72.0,72.18,274.00195759,35
1690747200,72.0,72.15,71.06,72.02,1983.97154091,119
1690750800,71.52,71.52,71.24,71.26,170.66186704,13
1690754400,71.15,71.2,70.78,70.78,264.654674,24
1690758000,70.77,71.35,70.73,70.94,200.29892708,16
1690761600,70.71,72.81,70.46,72.81,155.37049254,36
1690765200,72.48,75.77,72.44,75.77,420.55858396,103
1690768800,75.78,76.87,74.95,76.72,569.42007989,97
1690772400,76.82,77.39,74.84,75.72,1140.22588595,136
1690776000,76.1,76.29,75.02,75.8,241.85557478,44
1690779600,75.89,76.46,75.36,76.43,162.11266891,35
1690783200,76.15,79.34,76.15,77.36,2064.1798833,319
1690786800,77.25,77.51,75.38,76.16,519.8854444,126
1690790400,76.25,76.77,74.9,75.44,1667.22696631,219
1690794000,75.48,75.52,72.81,73.52,951.13915539,148
1690797600,73.5,73.85,73.25,73.25,69.541143,15
1690801200,73.19,73.19,71.23,71.55,562.36038585,92
1690804800,71.44,72.01,71.22,71.67,147.15311951,36
1690808400,71.43,71.51,69.1,70.02,675.81315701,136
1690812000,70.21,70.58,69.42,69.53,794.4135358,115
1690815600,69.48,69.48,66.35,67.32,2402.97285196,364
1690819200,67.33,68.05,66.96,68.05,766.87385857,73
1690822800,67.99,68.01,66.63,67.09,729.45436504,82
1690826400,67.26,67.57,67.05,67.28,443.62757947,76
1690830000,67.33,67.97,67.1,67.88,206.7703281,40
1690833600,68.01,68.79,68.01,68.25,94.15417881,36
1690837200,67.97,68.26,65.59,65.77,865.61999724,152
1690840800,65.7,66.05,65.64,65.98,33.35641896,10
1690844400,66.11,66.18,65.86,66.11,304.20991725,27
1690848000,66.37,66.45,65.81,66.21,328.60530339,35
1690851600,66.06,66.06,61.94,62.58,1673.96495787,250
1690855200,62.66,63.43,61.02,62.78,365.23535408,124
1690858800,62.85,63.08,61.36,61.36,1418.40218956,107
1690862400,61.54,62.1,61.54,61.95,525.63016979,84
1690866000,61.9,62.45,61.83,62.45,140.28644267,154
1690869600,62.42,63.96,62.42,63.93,402.72633833,78
1690873200,63.93,64.79,63.41,64.79,693.41757397,121
1690876800,64.54,65.64,64.17,65.44,321.22998658,78
1690880400,65.35,65.37,63.94,63.95,220.07434682,48
1690884000,63.81,64.37,63.0,63.18,735.51106753,110
1690887600,63.2,64.51,63.19,63.8,549.61849705,101
1690891200,63.95,64.26,63.09,64.26,46.52605903,29
1690894800,64.07,64.07,62.47,62.47,108.72955551,31
1690898400,62.45,62.77,61.68,62.07,675.12484545,84
1690902000,62.17,63.06,61.76,62.74,554.0432052,58
1690905600,62.54,63.37,62.29,63.05,594.12459972,63
1690909200,63.12,63.31,62.82,63.31,3120.3797305,184
1690912800,63.31,64.41,63.31,64.26,459.71477787,46
1690916400,64.35,65.04,64.0,64.04,670.31975702,81
1690920000,64.0,64.37,63.89,64.37,19.42720321,12
1690923600,64.24,64.67,64.24,64.67,2.41462896,7
1690927200,64.04,65.85,64.04,65.64,91.8370684,31
1690930800,65.7,65.88,65.15,65.88,141.75101663,33
1690934400,65.98,67.25,65.38,66.61,455.7237351,110
1690938000,66.51,66.95,65.7,65.7,259.31200364,43
1690941600,65.65,66.85,64.95,66.23,350.94707254,90
1690945200,66.26,66.85,65.88,65.88,530.05887649,53
1690948800,65.82,66.24,65.82,65.89,28.33174102,12
1690952400,65.8,65.93,65.1,65.15,319.75945167,48
1690956000,65.04,65.22,64.36,64.36,715.40638266,70
1690959600,64.72,65.06,64.21,64.35,416.3936129,46
1690963200,64.46,64.5,63.69,64.4,66.79944759,25
1690966800,63.88,64.01,63.5,64.01,129.18742206,16
1690970400,63.93,63.94,63.85,63.85,6.13304716,4
1690974000,63.87,64.21,63.87,64.17,79.94996726,23
1690977600,64.24,64.26,62.78,62.98,191.84962376,51
1690981200,62.99,62.99,62.4,62.4,21.02100403,16
1690984800,62.44,62.92,62.0,62.0,675.75355462,102
1690988400,62.04,63.33,62.04,63.33,414.74233054,61
1690992000,63.19,63.9,62.26,62.47,374.51505761,60
1690995600,62.93,63.29,62.66,62.66,17.15847058,13
1690999200,62.9,62.9,62.88,62.9,43.99422986,11
1691002800,63.17,63.2,62.9,62.9,80.18931499,9
1691006400,62.93,62.96,62.93,62.95,10.49947,5
1691010000,62.47,62.47,62.3,62.43,7.59874066,9
1691013600,62.98,63.41,62.45,62.45,107.41595551,19
1691017200,62.55,62.55,61.54,61.58,168.27722118,45
1691020800,61.52,61.6,60.83,60.91,263.49110956,67
1691024400,60.9,61.93,60.81,61.9,111.18826319,39
1691028000,62.05,62.15,59.63,60.28,750.0908546,132
1691031600,60.01,60.01,59.27,59.66,378.77079965,116
1691035200,59.58,60.1,59.53,59.97,331.32240312,32
1691038800,59.98,60.02,59.7,59.72,85.81237438,18
1691042400,59.57,59.66,59.22,59.63,318.5804158,42
1691046000,59.5,59.59,59.23,59.34,37.06333966,11
1691049600,59.57,59.57,58.7,59.5,304.07903033,66
1691053200,59.52,59.52,59.33,59.38,416.73171184,92
1691056800,58.86,59.45,58.86,59.45,34.17074361,16
1691060400,59.33,59.9,59.33,59.77,238.77554062,46
1691064000,59.74,59.76,58.85,58.98,31.61492625,14
1691067600,59.21,59.23,58.95,59.23,11.14615265,8
1691071200,59.22,60.95,59.22,60.3,330.40258429,65
1691074800,60.27,60.37,59.74,59.84,1475.97350527,110
1691078400,59.83,60.48,59.7,60.29,189.58424237,30
1691082000,60.34,60.5,60.09,60.09,5.5401674,7
1691085600,60.0,60.42,60.0,60.42,12.49644115,7
1691089200,60.53,60.65,59.78,59.78,66.18935134,12
1691092800,59.99,60.0,59.86,59.88,21.10623,6
1691096400,59.98,60.04,59.75,59.88,460.65318483,34
1691100000,60.04,60.3,58.86,60.11,397.15924475,63
1691103600,59.98,60.01,59.74,60.01,17.82885885,8
1691107200,59.88,60.83,59.74,60.51,77.97710375,26
1691110800,61.02,61.22,59.3,59.3,138.18312045,36
1691114400,59.36,59.36,57.73,58.2,876.82629729,93
1691118000,58.16,58.16,57.39,57.72,616.75874749,39
1691121600,57.33,57.42,56.42,56.48,437.17324691,110
1691125200,56.8,57.36,56.8,57.18,504.2013988,31
1691128800,57.31,57.59,57.31,57.31,24.98430204,7
1691132400,57.23,57.24,56.07,56.49,414.26662812,71
1691136000,56.49,57.04,56.49,56.85,157.18407886,24
1691143200,56.5,56.5,56.5,56.5,2.3,1
1691146800,56.49,56.86,56.4,56.86,71.57533,8
1691150400,56.81,57.0,56.62,56.91,65.04418297,21
1691154000,56.89,58.31,56.89,57.46,725.72775599,67
1691157600,57.42,57.59,56.84,56.84,265.05074573,54
1691161200,57.3,57.41,57.13,57.34,87.25068514,14
1691164800,57.46,58.2,57.05,57.89,861.55066864,155
1691168400,57.71,57.86,57.34,57.34,82.84224722,15
1691172000,57.24,57.24,56.57,56.58,109.9149423,14
1691175600,56.77,56.84,56.63,56.84,48.03318441,5
1691179200,56.88,57.5,56.43,57.38,96.69446214,29
1691182800,57.32,58.12,57.24,57.83,173.50878916,29
1691186400,57.73,57.98,57.44,57.46,801.0956945,94
1691190000,57.42,58.21,57.42,58.21,1.70377198,6
1691193600,58.02,58.1,57.71,58.02,58.14111976,11
1691197200,58.09,58.09,56.82,56.82,23.76173945,30
1691200800,56.91,57.71,56.68,57.46,203.38638658,24
1691204400,57.04,57.04,57.03,57.03,5.25762355,3
1691208000,57.12,57.12,54.57,55.01,213.33774922,72
1691211600,55.13,56.11,55.13,56.11,137.69054943,20
1691215200,56.11,57.63,56.11,57.19,520.43825259,72
1691218800,57.31,58.21,57.31,57.71,93.47572276,20
1691222400,57.71,57.88,57.71,57.75,10.9106135,4
1691226000,57.5,58.0,57.4,57.99,125.24157393,18
1691229600,57.77,57.77,57.42,57.75,47.9155299,11
1691233200,57.75,58.18,57.31,57.31,293.3997301,44
1691236800,57.52,57.53,57.29,57.46,21.27157821,7
1691240400,57.55,57.77,57.47,57.47,26.52586662,11
1691244000,57.82,58.54,57.05,57.11,266.19541197,51
1691247600,56.99,57.46,56.35,57.17,413.88678561,56
1691251200,57.16,57.51,57.07,57.13,309.56035084,33
1691254800,57.26,57.3,57.09,57.22,75.04923717,13
1691258400,57.74,57.81,57.48,57.69,409.37967823,34
1691262000,57.59,57.59,56.99,57.18,2085.15241519,88
1691265600,57.19,57.27,57.19,57.27,12.01081163,6
1691269200,57.4,57.69,57.4,57.5,117.94317795,13
1691272800,57.6,57.81,57.6,57.63,154.32500536,13
1691276400,57.71,57.71,57.64,57.68,108.55443639,9
1691280000,57.41,58.12,57.41,58.03,112.93654067,23
1691283600,57.84,57.84,57.57,57.57,1.84886962,6
1691287200,57.42,59.69,57.42,58.71,410.56313922,97
1691290800,58.32,58.93,58.28,58.92,165.86338676,23
1691294400,58.79,58.79,58.16,58.16,13.39224962,6
1691298000,58.63,58.63,58.19,58.2,17.19630516,5
1691301600,58.4,58.4,58.13,58.25,409.05342193,23
1691305200,57.99,57.99,57.76,57.76,3.78151046,5
1691308800,58.02,58.02,57.69,57.81,323.26435465,26
1691312400,57.84,57.84,57.7,57.7,24.05455478,4
1691316000,57.76,57.76,57.76,57.76,0.71127811,1
1691319600,57.71,57.71,57.71,57.71,0.23109642,1
1691323200,57.89,58.09,57.6,57.6,119.84625365,15
1691326800,57.43,57.43,57.09,57.27,98.82366042,20
1691330400,57.1,57.36,56.69,57.21,31.02175427,27
1691334000,57.16,57.51,57.09,57.41,388.27070596,35
1691337600,57.11,57.49,57.09,57.43,62.13688639,56
1691341200,57.48,57.48,56.88,56.9,395.31623281,54
1691344800,56.77,56.96,56.68,56.68,115.22301796,12
1691348400,56.75,56.75,56.66,56.66,1.12319886,3
1691352000,56.75,56.9,56.75,56.9,7,3
1691355600,57.19,57.31,56.46,56.55,17.36212515,7
1691359200,56.73,56.9,56.73,56.83,107.25355921,8
1691362800,56.77,56.77,56.74,56.74,9.01148,2
1691366400,56.66,56.67,55.98,56.27,140.0668681,22
1691370000,56.16,58.28,55.62,58.13,1577.03526429,243
1691373600,58.05,58.21,56.97,57.05,578.4913641,67
1691377200,57.21,57.24,57.21,57.24,32.64661848,3
1691380800,57.46,57.49,56.98,57.0,524.12064708,36
1691384400,57.16,57.16,56.79,56.92,2.54534673,4
1691388000,56.66,56.82,56.66,56.82,44.54047652,7
1691391600,56.46,56.8,56.04,56.04,52.63884543,11
1691395200,56.19,56.2,55.99,56.01,16.36192724,10
1691398800,56.11,56.48,56.11,56.48,35.60573948,3
1691402400,56.23,56.37,55.31,56.17,633.80281138,75
1691406000,56.43,56.49,55.71,55.91,550.63721314,53
1691409600,55.79,55.93,55.52,55.52,387.82314034,27
1691413200,55.47,55.56,54.68,54.89,434.42976471,40
1691416800,54.87,54.9,54.22,54.69,144.63939822,27
1691420400,54.64,54.64,53.89,53.98,124.69747356,25
1691424000,53.94,54.21,53.1,53.23,711.91872866,117
1691427600,53.65,53.79,53.27,53.27,156.36986245,20
1691431200,54.01,54.05,53.85,53.85,121.12489012,20
1691434800,53.64,53.95,53.45,53.95,341.9310753,30
1691438400,54.07,54.28,54.07,54.28,61.06998981,10
1691442000,54.45,54.45,54.13,54.15,185.22152501,8
1691445600,54.2,54.53,54.2,54.53,60.43463221,6
1691449200,54.3,54.32,54.26,54.26,51.84297825,7
1691452800,54.38,54.41,54.03,54.05,78.64891909,8
1691456400,53.93,53.93,53.74,53.85,91.53927006,9
1691460000,53.6,54.0,53.6,53.69,12.07149896,6
1691463600,53.73,54.09,53.73,54.02,458.71169853,23
1691467200,54.06,54.52,54.06,54.52,201.29546827,20
1691470800,54.11,54.12,53.91,53.91,50.18628624,5
1691474400,53.93,53.99,53.93,53.99,55.47796879,2
1691478000,53.66,53.85,53.66,53.7,49.17713,7
1691481600,53.94,54.51,53.84,54.2,366.8955772,35
1691485200,54.28,54.28,54.26,54.26,68.78142,4
1691488800,54.47,54.58,54.23,54.58,69.43111692,8
1691492400,54.69,55.05,54.69,55.05,14.1418264,9
1691496000,54.99,55.33,54.99,55.33,396.97672326,14
1691499600,55.36,55.58,54.64,54.64,157.83019706,21
1691503200,54.86,54.87,54.72,54.83,37.03500274,5
1691506800,54.84,55.32,54.84,55.23,40.10904969,4
1691510400,55.21,56.04,55.21,55.85,163.91430302,16
1691514000,55.96,56.07,55.6,55.9,1195.28281577,75
1691517600,56.16,56.32,56.16,56.32,26.79373623,9
1691521200,55.76,56.04,55.76,55.92,160.5790701,19
1691524800,56.0,56.0,55.86,55.86,20.31639482,3
1691528400,55.95,56.14,55.71,56.11,5.87277701,6
1691532000,56.11,56.13,56.11,56.13,162.6182,10
1691535600,55.96,55.96,55.84,55.84,2.75151184,2
1691539200,55.97,55.97,55.84,55.84,3.6822369,3
1691542800,56.32,56.34,56.11,56.11,51.22319115,4
1691546400,56.36,56.36,55.7,55.74,106.1601496,8
1691550000,55.7,55.7,55.47,55.47,6.30122368,2
1691553600,55.33,55.33,55.33,55.33,0.89461442,1
1691557200,55.76,56.22,55.76,56.22,15.08227482,6
1691560800,56.29,56.29,55.81,55.96,103.65037324,8
1691564400,56.07,56.16,56.03,56.03,37.33045489,9
1691568000,56.12,56.12,55.97,56.08,133.99698615,12
1691571600,56.11,56.11,55.93,55.94,85.41632787,9
1691575200,56.11,56.16,56.11,56.16,5.15593,3
1691578800,56.33,56.71,56.31,56.31,352.94249902,34
1691582400,56.23,56.4,56.04,56.4,2.32076164,5
1691586000,56.5,56.68,56.49,56.49,291.19742172,16
1691589600,56.34,56.34,56.17,56.17,0.7486001,2
1691593200,55.84,55.85,55.76,55.85,160.4809429,5
1691596800,55.74,55.74,55.66,55.66,5.12691487,3
1691600400,55.66,55.82,55.35,55.35,352.93605284,21
1691607600,55.45,55.48,55.36,55.36,388.23545261,22
1691611200,55.5,55.56,55.5,55.56,77.20212753,3
1691614800,55.38,55.38,54.93,55.13,26.72208674,11
1691618400,55.44,55.72,55.44,55.67,50.34681069,7
1691622000,55.72,56.04,55.72,55.97,13.87384403,7
1691625600,55.88,55.88,55.83,55.83,0.90766571,2
1691629200,55.72,55.85,55.72,55.85,72.11033,9
1691632800,55.78,56.16,55.78,56.16,1.17734201,2
1691636400,56.42,56.93,56.35,56.35,314.6997743,30
1691640000,56.17,56.22,55.86,56.22,39.63053162,67
1691643600,56.13,56.13,56.13,56.13,1.45,1
1691647200,55.82,55.82,55.79,55.79,3.83393144,2
1691650800,55.92,56.7,55.92,56.45,45.60016911,14
1691654400,56.17,56.17,56.17,56.17,19,3
1691658000,55.88,55.88,55.87,55.87,28.70265108,2
1691665200,55.89,55.89,55.72,55.72,23.25490833,4
1691668800,55.59,56.18,55.59,56.06,31.33050251,29
1691672400,56.09,56.34,56.06,56.34,0.67604135,3
1691676000,56.74,57.39,55.91,55.91,327.37942663,40
1691679600,55.83,55.98,55.73,55.9,27.45210665,8
1691683200,55.67,55.9,55.67,55.74,44.30797389,6
1691686800,55.69,55.69,55.16,55.2,218.31089724,17
1691690400,55.24,55.24,54.99,54.99,45.14068889,21
1691694000,54.99,54.99,54.86,54.88,2.85826981,8
1691697600,55.18,55.26,55.11,55.15,12.67777887,7
1691701200,55.33,55.46,55.33,55.46,8.93785,5
1691704800,55.43,55.45,55.43,55.45,34,3
1691712000,55.39,55.4,55.25,55.28,263.0634545,21
1691715600,55.44,55.47,55.34,55.34,56.90944107,9
1691719200,55.47,55.58,55.05,55.05,111.50597898,9
1691722800,55.17,55.19,55.17,55.19,131.40542572,6
1691726400,55.39,55.39,55.39,55.39,0.620332,1
1691730000,55.31,55.38,55.31,55.38,0.30470714,2
1691737200,55.89,55.89,55.84,55.84,4.49799576,4
1691740800,55.55,55.55,55.53,55.53,17.33259386,2
1691744400,55.55,55.55,55.55,55.55,5.40054005,1
1691748000,55.76,55.77,55.66,55.66,7.08986704,4
1691751600,55.77,55.77,55.77,55.77,0.20055587,1
1691755200,55.79,55.79,55.4,55.4,28.06582917,9
1691758800,55.37,55.39,55.32,55.39,20.60852811,5
1691762400,55.46,55.47,55.46,55.47,2.72892639,2
1691766000,55.69,55.69,55.07,55.07,158.86300292,19
1691769600,55.22,55.22,55.14,55.14,4.57970308,3
1691773200,55.21,55.21,55.21,55.21,1,1
1691776800,55.44,55.44,55.44,55.44,3.6104,1
1691780400,55.3,55.3,55.29,55.29,4.0884376,3
1691784000,55.32,55.32,55.32,55.32,2.93965,2
1691791200,55.5,55.5,55.43,55.45,18.62868763,4
1691794800,55.52,55.52,55.4,55.4,12.91730505,4
1691798400,55.96,56.38,55.96,56.38,55.20964508,13
1691802000,56.38,56.81,56.26,56.72,90.04758452,12
1691805600,56.8,56.8,56.06,56.12,106.18300071,14
1691809200,55.82,55.87,55.82,55.87,4.55790334,2
1691812800,55.46,55.46,55.4,55.4,7.31960866,2
1691816400,55.31,55.31,55.16,55.23,23.38933988,7
1691820000,55.21,55.52,55.19,55.52,29.16331549,8
1691823600,55.43,55.43,55.43,55.43,0.17774,1
1691827200,55.47,55.47,55.39,55.42,101.31842808,7
1691834400,55.45,55.45,55.37,55.39,325.32595835,27
1691841600,55.42,55.44,55.42,55.43,11.51592788,3
1691848800,55.48,55.5,55.45,55.5,67.36883594,9
1691856000,55.48,55.5,55.39,55.5,23.05,3
1691859600,55.32,55.32,55.31,55.31,2.15056,3
1691863200,55.21,55.21,55.21,55.21,8.23481139,2
1691866800,55.15,55.15,54.96,54.96,117.99568861,23
1691870400,55.08,55.08,55.04,55.06,0.53555,3
1691874000,54.98,55.31,54.98,55.31,3.18454,2
1691877600,55.44,55.45,55.44,55.45,63.27049406,3
1691881200,55.45,55.45,55.45,55.45,86.72950594,4
1691892000,55.47,55.47,55.47,55.47,0.90138813,1
1691895600,55.4,55.4,55.4,55.4,0.63292,1
1691899200,55.32,55.32,55.32,55.32,21.2024078,1
1691902800,55.1,55.1,55.1,55.1,36.29999999,2
1691910000,55.24,55.25,54.95,54.96,14.1550357,7
1691913600,54.89,54.89,54.53,54.58,107.79973196,17
1691924400,54.58,54.58,54.58,54.58,3.66636113,1
1691928000,54.75,55.02,54.54,54.59,244.928057,24
1691931600,54.49,54.49,54.24,54.32,121.762806,11
1691935200,54.41,54.42,54.37,54.37,140.45814574,7
1691938800,54.37,54.37,53.92,53.99,96.53836556,14
1691942400,54.01,54.03,53.72,53.99,196.63499235,19
1691949600,54.64,54.72,54.59,54.62,23.4655637,7
1691953200,54.63,54.74,54.63,54.74,21.26782359,5
1691956800,54.86,54.88,54.84,54.85,132.22600389,10
1691960400,54.75,54.75,54.6,54.6,300.97266482,12
1691964000,54.62,54.62,54.02,54.03,289.60132496,20
1691971200,54.38,54.38,54.21,54.21,11.0507684,2
1691978400,54.27,54.42,54.27,54.4,71.64472851,8
1691982000,54.37,54.63,54.37,54.63,1.40084114,3
1691985600,54.8,55.07,54.8,55.07,5.65043652,3
1691989200,55.07,55.25,55.05,55.05,51.26333191,9
1691992800,54.88,54.88,54.87,54.87,6.46418556,4
1691996400,55.11,55.12,54.95,55.07,30.16934734,8
1692000000,55.16,55.33,55.16,55.31,10.63777587,5
1692003600,55.35,55.35,54.99,54.99,14.47113602,3
1692007200,55.23,55.23,55.13,55.13,0.32782636,2
1692010800,55.13,55.13,55.13,55.13,0.05417587,1
1692014400,54.88,54.95,54.88,54.95,4.75952,2
1692018000,54.61,54.67,54.46,54.67,278.09359517,14
1692021600,55.23,55.23,55.23,55.23,0.22173356,1
1692025200,55.14,55.64,55.14,55.64,1.89681502,6
1692028800,55.42,55.9,55.38,55.9,52.88879791,11
1692032400,55.75,55.75,55.31,55.32,4.50919884,4
1692036000,55.2,55.2,55.2,55.2,0.52332035,1
1692039600,54.9,55.19,54.89,55.02,223.40946088,23
1692043200,54.98,55.09,54.79,55.09,396.73932825,31
1692046800,55.33,55.99,55.33,55.91,95.3442343,17
1692050400,56.06,56.62,56.04,56.51,53.86165377,18
1692054000,56.44,56.44,55.96,55.96,1.79852611,6
1692057600,55.72,56.29,55.67,56.27,154.29600907,15
1692061200,56.24,56.24,55.66,55.66,22.41041684,7
1692064800,55.45,55.5,55.45,55.5,18.66175537,2
1692068400,55.36,55.36,55.36,55.36,3.6095,1
1692072000,55.37,55.61,55.33,55.61,117.81480081,8
1692075600,55.7,55.7,55.0,55.09,13.1369712,9
1692079200,55.5,55.5,55.5,55.5,15.89,1
1692082800,55.68,55.68,55.68,55.68,0.65553609,1
1692086400,55.94,56.19,55.94,56.19,15.78411656,7
1692090000,55.94,55.96,55.94,55.96,142.46039348,6
1692097200,55.97,55.97,55.37,55.37,2.63199014,4
1692100800,55.35,55.48,55.0,55.0,209.07461563,19
1692104400,54.89,54.89,54.23,54.34,245.94499753,54
1692108000,54.55,54.75,54.43,54.64,13.5694428,6
1692111600,54.59,54.6,54.43,54.6,1.52163452,3
1692115200,54.63,54.63,54.63,54.63,0.02088,1
1692118800,54.44,54.65,54.44,54.65,15.86199807,4
1692122400,54.45,54.45,54.31,54.37,143.23793628,11
1692126000,54.0,54.0,47.66,50.97,2058.53196862,277
1692129600,51.11,51.66,51.01,51.01,695.34784882,66
1692133200,51.0,51.33,50.89,51.22,102.57152742,12
1692136800,51.04,51.04,50.61,50.61,23.67129027,10
1692140400,51.04,51.04,50.86,50.87,0.80307029,3
1692144000,50.78,50.78,50.52,50.52,20.20859223,4
1692147600,50.51,50.69,50.28,50.28,70.03761328,13
1692151200,50.33,50.35,50.19,50.2,68.84204094,9
1692154800,50.14,50.18,49.8,50.02,510.46491517,36
1692158400,49.97,49.97,49.63,49.63,26.95316618,6
1692162000,49.65,49.65,49.43,49.65,189.84964573,30
1692165600,49.58,49.68,49.4,49.68,7.25464415,6
1692169200,49.97,50.12,49.95,49.95,21.01485635,6
1692172800,49.87,49.9,49.74,49.9,106.05475204,9
1692176400,49.6,49.63,49.22,49.43,84.25514764,25
1692180000,49.6,49.8,49.59,49.7,15.71761152,8
1692183600,49.62,49.75,49.55,49.55,253.64729784,11
1692187200,49.31,49.31,48.71,49.26,346.54497827,36
1692190800,49.25,49.25,48.5,48.69,41.92572054,17
1692194400,48.61,49.0,48.61,48.91,5.87279132,10
1692198000,49.09,49.09,48.72,48.91,112.98735707,12
1692201600,48.81,48.86,48.49,48.86,28.15673409,13
1692205200,48.99,49.45,48.99,49.03,25.76833665,21
1692208800,49.05,49.36,49.05,49.18,6.7970205,4
1692212400,49.18,49.18,48.77,48.77,56.20373014,7
1692216000,48.79,48.79,46.45,47.29,582.028281,96
1692219600,47.28,47.28,45.93,46.08,223.0512498,42
1692223200,46.31,46.39,46.31,46.34,20.3524596,4
1692226800,46.51,46.77,46.47,46.73,20.05785993,10
1692230400,46.44,46.49,45.63,46.26,746.87105236,55
1692234000,46.53,47.08,46.48,46.99,111.10377187,19
1692237600,46.84,46.9,46.61,46.71,340.34588093,21
1692241200,47.04,47.14,47.04,47.05,22.9740779,13
1692244800,46.95,46.96,46.8,46.83,206.53509809,16
1692248400,46.83,47.31,46.83,47.31,492.81381059,30
1692252000,47.12,47.16,47.12,47.16,10.37077935,3
1692255600,46.92,46.93,46.92,46.92,16.40660005,4
1692259200,46.88,46.89,46.72,46.72,0.72567978,5
1692262800,46.7,46.78,46.51,46.62,9.03308,7
1692266400,46.43,46.43,46.32,46.32,3.02359676,5
1692270000,46.23,46.3,46.23,46.3,5.94532288,2
1692273600,46.2,46.39,46.2,46.39,0.96121435,2
1692277200,46.22,46.3,46.03,46.03,79.54108891,13
1692280800,45.97,46.03,45.54,45.83,88.58527613,26
1692284400,45.45,45.98,44.85,45.08,161.29662008,71
1692288000,45.27,46.01,44.88,45.73,41.57132347,26
1692291600,45.92,46.35,45.92,46.21,19.0396104,13
1692295200,46.33,46.52,46.33,46.39,6.47689241,6
1692298800,46.58,46.79,46.53,46.74,19.09999437,5
1692302400,46.76,46.83,45.94,45.94,141.64835157,61
1692306000,46.32,46.4,35.87,39.78,3793.38448388,495
1692309600,39.45,40.69,39.29,40.69,841.51683607,147
1692313200,40.59,41.04,39.85,39.99,525.70944913,101
1692316800,39.97,41.15,39.84,41.08,176.41403782,67
1692320400,41.19,41.3,40.56,41.29,728.70488073,40
1692324000,41.19,41.7,40.91,40.91,314.16160709,45
1692327600,41.13,41.66,41.13,41.32,755.10729855,50
1692331200,41.42,41.51,40.91,40.91,798.43112003,41
1692334800,41.23,41.65,41.23,41.65,4.77601188,4
1692338400,41.68,42.0,41.68,42.0,332.19097993,27
1692342000,41.99,42.05,41.65,41.84,136.27101052,14
1692345600,41.87,42.24,41.85,41.92,126.71298023,17
1692352800,42.2,42.2,41.99,41.99,23.3307451,4
1692356400,42.04,42.34,42.04,42.23,36.89293277,7
1692360000,42.48,42.48,42.17,42.22,19.98661233,6
1692363600,42.15,42.47,42.15,42.22,581.9016264,31
1692367200,42.21,42.36,42.21,42.25,76.46574478,10
1692370800,42.32,42.48,41.8,41.8,306.46704339,25
1692374400,41.96,41.96,41.5,41.56,214.86554321,18
1692378000,41.34,42.02,41.32,41.98,107.31052894,22
1692381600,41.7,41.81,41.58,41.66,158.92233738,18
1692385200,41.58,41.75,41.51,41.75,9.12660232,4
1692388800,41.66,42.11,41.65,42.02,452.86977142,35
1692392400,42.03,42.28,42.03,42.11,2.77500395,8
1692396000,42.0,42.26,42.0,42.26,71.72002298,12
1692399600,42.12,42.12,42.12,42.12,16.08,1
1692403200,42.09,42.48,42.09,42.32,71.89409871,8
1692406800,42.03,42.03,41.93,41.93,9.337952,3
1692410400,41.82,41.82,41.82,41.82,1.5,1
1692414000,41.86,41.86,41.53,41.75,206.03032,12
1692417600,41.74,41.77,41.74,41.77,1.59801332,2
1692421200,41.79,41.79,41.37,41.37,36.29034044,13
1692424800,41.37,41.37,41.28,41.28,5.32315357,3
1692428400,41.29,41.72,41.29,41.72,18.3854521,8
1692432000,41.62,42.14,41.61,42.14,31.14860028,6
1692435600,42.22,42.34,42.22,42.34,0.9968327,3
1692439200,42.05,42.05,42.05,42.05,0.11597956,1
1692442800,42.07,42.07,41.99,41.99,35.99806724,5
1692446400,41.93,42.05,41.93,41.96,17.84864132,5
1692450000,42.03,42.09,42.01,42.07,44.98637014,7
1692453600,42.14,42.21,42.14,42.21,0.07608,2
1692457200,42.22,42.91,42.22,42.91,186.77223003,26
1692460800,43.13,43.76,42.97,43.76,111.38173097,30
1692464400,43.62,43.62,42.72,42.85,36.3570645,13
1692468000,42.63,42.81,42.56,42.81,259.7527904,21
1692471600,42.86,42.86,42.86,42.86,0.45974,1
1692475200,42.65,42.65,42.46,42.48,51.0815964,10
1692478800,42.58,42.58,42.58,42.58,0.18946336,1
1692482400,42.53,42.53,42.53,42.53,4.6981,1
1692486000,42.68,42.69,42.67,42.67,1.23387139,3
1692489600,42.65,42.79,42.51,42.51,155.5693519,9
1692493200,42.58,42.58,42.52,42.52,5.96374224,2
1692496800,42.37,42.39,42.3,42.3,3.40889305,3
1692500400,42.25,42.25,42.12,42.12,150.1152256,14
1692504000,42.08,42.23,42.02,42.23,432.78171524,35
1692507600,42.27,42.35,42.02,42.02,239.73164903,31
1692511200,41.98,42.03,41.98,41.98,5.99044067,4
1692518400,42.25,42.28,42.15,42.28,116.29184715,10
1692522000,42.5,42.52,42.49,42.52,2.98144,3
1692525600,42.51,42.64,42.51,42.59,158.92977843,12
1692529200,42.85,42.94,42.85,42.94,72.29072897,6
1692532800,42.94,42.99,42.81,42.81,281.60350182,12
1692540000,42.55,42.55,42.15,42.15,196.78007829,20
1692543600,42.18,42.46,42.17,42.46,7.84925743,5
1692547200,42.38,42.38,42.38,42.38,0.1987545,1
1692550800,42.16,42.4,42.16,42.4,241.064431,12
1692554400,42.34,42.39,42.3,42.3,141.386794,11
1692558000,42.35,42.35,42.35,42.35,0.21893409,1
1692561600,42.4,42.72,42.4,42.7,528.15783261,25
1692565200,42.5,42.52,42.5,42.52,40.19733244,4
1692568800,42.39,42.4,42.39,42.4,2,2
1692576000,42.29,42.29,42.12,42.12,17.63040074,4
1692579600,42.26,42.36,42.26,42.36,207.26430219,16
1692583200,42.43,42.43,42.14,42.14,209.26635391,14
1692586800,42.11,42.11,42.07,42.07,12.56483,3
1692594000,42.56,42.71,42.56,42.57,40.4009011,3
1692597600,42.2,42.2,42.17,42.17,6.12250614,2
1692601200,41.91,41.91,41.82,41.82,1.25373515,2
1692604800,41.7,41.7,41.59,41.59,196.0953407,13
1692608400,41.98,41.98,41.98,41.98,0.9557694,1
1692612000,41.59,41.59,41.4,41.47,49.29490588,24
1692615600,41.37,41.62,41.19,41.62,96.75346693,13
1692619200,41.8,41.93,41.56,41.56,294.62918577,14
1692622800,41.56,41.57,41.48,41.57,12.95993044,7
1692626400,41.96,41.96,41.72,41.72,6.48377319,4
1692630000,41.33,41.33,40.23,40.63,624.89219845,56
1692633600,40.69,40.77,40.41,40.41,14.87824751,11
1692637200,40.45,41.04,40.45,40.97,424.61639116,22
1692640800,40.96,40.96,40.91,40.91,21.64883851,3
1692644400,41.15,41.56,41.15,41.56,31.22919551,8
1692648000,41.65,41.67,41.65,41.67,0.64762792,2
1692651600,41.4,41.83,41.4,41.83,269.86640118,16
1692655200,41.7,41.7,41.69,41.69,63.85315381,3
1692658800,41.68,41.72,41.68,41.72,1.36901,2
1692662400,41.93,41.93,41.93,41.93,5.18984818,2
1692666000,41.92,42.09,41.9,41.99,44.95058108,7
1692669600,42.24,42.41,42.2,42.41,27.19601749,11
1692673200,42.5,42.5,42.21,42.21,120.33179331,8
1692676800,42.45,42.59,42.44,42.44,238.54864117,16
1692680400,42.15,42.15,42.15,42.15,2E+1,1
1692684000,42.37,43.08,42.35,43.08,278.21578409,26
1692687600,43.19,44.75,43.1,44.66,404.94939798,58
1692691200,44.55,44.64,44.24,44.3,221.49400784,23
1692694800,44.37,45.1,44.37,44.84,69.57398834,33
1692698400,44.8,44.9,44.38,44.38,605.70123392,46
1692702000,44.24,44.24,43.62,43.62,101.61641227,23
1692705600,43.43,43.76,43.08,43.51,41.42966542,14
1692709200,43.23,43.23,42.67,42.67,476.68018872,39
1692712800,42.36,42.64,41.32,42.05,878.93463816,61
1692716400,41.9,42.6,41.9,42.37,205.73871577,29
1692720000,42.54,43.0,42.02,42.35,74.44137074,40
1692723600,42.27,42.27,40.53,40.53,60.27922995,33
1692727200,40.92,41.66,40.89,41.64,27.96907616,18
1692730800,41.6,41.81,41.17,41.17,50.98745363,12
1692734400,41.23,41.56,41.15,41.56,36.24281211,4
1692738000,41.32,41.32,40.01,40.92,236.07755031,56
1692741600,40.96,42.12,40.96,41.89,596.1766209,47
1692745200,42.07,42.91,42.07,42.32,1025.54076076,82
1692748800,42.26,42.81,42.26,42.71,142.04639214,15
1692752400,42.51,42.51,42.23,42.23,115.30092355,10
1692756000,42.37,42.37,42.3,42.3,16.31447614,5
1692763200,42.46,42.62,42.46,42.62,4.84456112,2
1692766800,42.2,42.2,41.91,41.93,132.13299548,22
1692770400,42.11,42.49,42.11,42.39,108.32702915,15
1692774000,42.22,42.25,42.02,42.02,489.33376906,31
1692777600,42.23,42.23,42.23,42.23,6.49925645,1
1692781200,42.29,42.29,42.29,42.29,0.32381089,1
1692788400,42.09,42.1,42.0,42.0,4.06475891,4
1692792000,41.97,41.97,41.66,41.71,317.53569788,19
1692795600,41.66,41.9,41.53,41.9,7.91172231,6
1692799200,42.15,42.18,41.9,42.17,106.56328125,21
1692802800,42.28,42.58,42.28,42.58,6.84487338,6
1692806400,42.45,43.72,42.45,43.3,1452.83820074,72
1692810000,43.23,43.49,42.86,43.06,1314.69779988,68
1692813600,43.24,43.51,43.24,43.51,140.66957934,10
1692817200,43.43,43.92,43.43,43.92,43.7316904,17
1692820800,43.93,43.93,43.4,43.54,321.71258228,25
1692824400,43.33,43.41,42.79,42.79,41.11351151,17
1692828000,43.2,43.32,43.2,43.23,10.98054516,3
1692831600,43.1,43.12,42.99,43.1,3.46889993,6
1692835200,43.02,43.21,42.97,43.21,2.058,5
1692838800,43.0,43.0,42.88,42.88,36.49546543,6
1692842400,42.93,43.07,42.93,43.06,9.56593,6
1692846000,43.33,43.44,43.2,43.41,190.39016171,19
1692849600,43.56,43.7,43.56,43.65,26.19019883,7
1692853200,43.69,43.77,43.39,43.39,26.46690012,5
1692856800,43.3,44.06,43.29,43.9,16.96929811,14
1692860400,43.99,44.56,43.96,44.56,628.71227022,57
1692864000,44.7,44.91,44.42,44.42,51.39859642,12
1692867600,44.54,44.54,44.33,44.34,10.95537976,8
1692871200,44.75,44.95,44.73,44.73,45.39416531,13
1692874800,44.52,44.7,44.4,44.47,4.86007728,4
1692878400,44.15,44.22,43.9,43.98,238.74786537,29
1692882000,43.87,43.87,43.64,43.64,100.77618911,10
1692885600,43.86,43.86,43.11,43.33,382.62263274,40
1692889200,43.05,43.05,42.55,42.57,168.40314241,21
1692892800,42.53,43.05,42.52,43.05,62.11641026,13
1692896400,42.74,42.8,42.61,42.8,122.77212683,16
1692903600,43.2,43.23,43.2,43.23,6.06064068,2
1692907200,42.87,42.95,42.34,42.34,279.39617545,23
1692910800,42.61,43.05,42.6,43.05,4.07248259,5
1692914400,43.2,43.3,43.19,43.3,12.12747878,4
1692918000,43.1,43.44,42.99,43.44,503.83475368,43
1692921600,43.5,43.65,42.98,42.98,255.69495627,24
1692925200,42.77,42.93,42.77,42.93,9.9905,8
1692928800,42.84,42.84,42.84,42.84,0.23525,1
1692932400,42.57,42.57,41.85,42.11,75.93290932,22
1692936000,42.03,42.03,42.0,42.0,0.40652333,3
1692939600,42.11,42.13,42.11,42.13,2.4846,2
1692943200,42.04,42.11,41.92,42.03,245.43007173,16
1692954000,42.05,42.08,42.04,42.07,35.76574002,6
1692957600,41.99,42.1,41.9,41.9,801.80687544,25
1692961200,42.06,42.1,41.96,42.09,76.89230479,10
1692964800,42.19,42.19,42.07,42.1,23.24530506,8
1692968400,42.14,42.45,42.14,42.45,54.73517478,3
1692972000,42.08,42.91,42.03,42.1,68.46864478,24
1692975600,42.29,42.61,42.29,42.58,10.6428331,8
1692979200,42.5,42.91,42.5,42.86,20.38670058,4
1692982800,42.57,42.57,42.42,42.47,82.78451728,5
1692986400,42.53,42.64,42.53,42.6,200.12102,10
1692990000,42.75,42.75,42.48,42.48,114.83265576,12
1692993600,42.44,42.59,42.33,42.53,5.86386609,18
1692997200,42.55,42.58,42.43,42.58,81.73877356,31
1693000800,42.69,42.72,42.59,42.69,111.51020915,24
1693004400,42.74,42.74,42.63,42.63,297.36477733,19
1693008000,42.41,42.41,42.37,42.37,14.9837926,4
1693011600,42.56,43.42,42.56,43.26,72.14107978,23
1693015200,43.17,43.17,42.84,42.97,73.10548918,5
1693018800,42.86,42.97,42.86,42.97,0.852,2
1693022400,42.96,42.96,42.94,42.94,13.5089226,3
1693026000,42.75,42.75,42.74,42.75,12.77609,3
1693029600,42.77,42.87,42.76,42.86,0.852,4
1693033200,42.83,42.83,42.8,42.8,11.91033495,2
1693036800,42.73,42.76,42.73,42.76,1.00756,2
1693040400,42.53,42.53,42.53,42.53,6.32144123,2
1693044000,42.54,42.54,42.54,42.54,0.23506267,1
1693047600,42.51,42.51,42.51,42.51,4.7009,1
1693051200,42.37,42.38,42.37,42.38,7.86077159,2
1693054800,42.21,42.21,42.19,42.19,5.21934858,7
1693058400,42.23,42.31,42.17,42.31,1.5E+2,9
1693062000,42.39,42.4,42.39,42.4,0.4,2
1693065600,42.08,42.08,42.0,42.07,7.84010919,4
1693072800,41.93,41.93,41.88,41.88,0.72886,3
1693076400,42.02,42.02,42.02,42.02,0.03517,1
1693083600,42.15,42.19,42.14,42.17,19.44204,4
1693087200,42.21,42.22,42.18,42.18,4.50813873,5
1693094400,41.98,41.98,41.98,41.98,7.1403,1
1693101600,41.86,42.01,41.86,41.92,20.44317742,3
1693112400,41.83,41.85,41.83,41.85,0.36294965,2
1693116000,42.02,42.03,42.02,42.03,1.8426653,2
1693123200,42.13,42.13,42.13,42.13,0.21130172,1
1693126800,42.19,42.19,42.04,42.04,1.11739499,2
1693130400,42.14,42.15,42.14,42.15,11,3
1693134000,41.98,41.98,41.97,41.97,3.79285,2
1693137600,41.92,41.95,41.92,41.95,8.02190413,2
1693144800,42.47,42.55,42.42,42.55,0.92301489,4
1693148400,42.92,42.93,42.66,42.66,27.57969547,7
1693152000,42.53,42.53,42.53,42.53,0.93263554,1
1693155600,42.4,42.4,42.33,42.33,5.93764078,3
1693159200,42.15,42.15,42.15,42.15,9.50966119,3
1693162800,42.19,42.19,42.19,42.19,4.7365,1
1693166400,42.07,42.07,41.98,41.98,4.96832353,3
1693170000,41.97,41.99,41.97,41.99,27.15898076,3
1693177200,42.16,42.16,42.16,42.16,0.426,1
1693180800,41.98,42.04,41.98,41.99,1.64826967,3
1693184400,41.65,41.74,41.5,41.5,202.28024596,16
1693188000,41.5,41.86,41.5,41.85,86.91138693,10
1693195200,41.93,41.93,41.8,41.8,1.1461283,2
1693198800,41.7,41.7,41.16,41.44,7.93434692,15
1693202400,41.39,41.39,41.39,41.39,7.046466,3
1693206000,41.41,41.41,41.41,41.41,1.00144,1
1693209600,41.6,41.6,41.43,41.43,1.59639096,4
1693213200,41.1,41.35,41.08,41.08,13.3434282,8
1693220400,41.41,41.44,41.41,41.44,43.61794833,2
1693224000,41.55,41.95,41.55,41.81,1.75709305,4
1693227600,41.98,41.98,41.98,41.98,7.1531,1
1693231200,41.89,41.89,41.86,41.86,2.02536,2
1693234800,41.78,42.05,41.72,41.9,14.99580029,8
1693238400,41.68,41.68,41.68,41.68,0.47627055,1
1693245600,42.04,42.04,42.04,42.04,0.629798,1
1693249200,41.59,41.7,41.59,41.7,4.3737329,3
1693252800,41.78,41.85,41.78,41.85,0.876,2
1693256400,41.7,41.72,41.7,41.71,0.986,4
1693267200,42.17,42.17,41.9,41.99,4.12492705,7
1693270800,41.97,41.97,41.88,41.97,6.49177433,5
1693274400,41.76,41.76,41.63,41.63,3.61428123,2
1693278000,41.32,41.32,41.32,41.32,0.438,1
1693281600,41.41,41.41,41.35,41.35,7.50396983,3
1693288800,41.17,41.18,41.02,41.07,19.32449764,9
1693292400,41.0,41.0,41.0,41.0,0.36988792,1
1693296000,40.98,41.11,40.91,41.01,52.2843167,11
1693299600,40.99,41.09,40.96,40.98,49.48496673,13
1693303200,40.86,40.95,40.71,40.95,123.05153043,8
1693306800,41.23,41.29,40.99,40.99,358.23514051,17
1693310400,40.87,41.1,40.76,41.09,124.9006162,15
1693314000,41.11,41.3,41.11,41.2,199.2032128,13
1693317600,41.4,44.29,41.4,43.88,1025.48886221,126
1693321200,44.18,44.18,43.46,43.52,171.85148548,15
1693324800,43.45,43.92,43.3,43.92,578.91777886,48
1693328400,43.81,44.38,43.74,43.86,526.87611349,24
1693332000,43.89,43.9,43.79,43.79,368.14483866,14
1693335600,43.65,43.81,43.65,43.81,42.00933534,6
1693339200,43.88,43.88,43.52,43.53,1.90968731,5
1693342800,43.66,43.89,43.66,43.88,5.52426189,5
1693346400,44.1,44.1,43.82,43.91,25.24388002,9
1693350000,43.82,43.82,43.67,43.73,4.46326081,6
1693353600,44.02,44.11,43.86,43.86,2.77733463,6
1693357200,43.44,43.58,43.44,43.5,117.8971,10
1693364400,43.21,43.4,43.21,43.4,100.48004422,4
1693368000,43.59,43.6,43.59,43.6,1.25705207,2
1693371600,43.69,43.78,43.69,43.78,48.69644824,5
1693375200,43.78,43.78,43.67,43.68,3.18861263,5
1693378800,43.53,43.61,43.39,43.61,9.57781365,8
1693386000,43.3,43.34,42.91,43.06,24.45782884,15
1693389600,43.13,43.13,43.13,43.13,46.61224033,3
1693393200,42.9,42.98,42.9,42.98,9.75347392,3
1693396800,43.04,43.04,42.79,42.92,23.89420878,5
1693400400,42.94,43.08,42.54,43.08,15.54145225,10
1693404000,42.86,42.86,42.47,42.65,5.93324073,10
1693407600,42.4,42.69,42.33,42.69,29.14896387,7
1693411200,42.44,42.44,42.44,42.44,1.70188733,1
1693414800,42.72,42.73,42.72,42.73,0.35294117,2
1693425600,42.76,42.76,42.7,42.7,21.70779187,2
1693429200,42.71,42.81,42.71,42.71,1.19600552,3
1693432800,42.71,42.71,42.71,42.71,102.09479745,3
1693436400,42.84,42.84,42.8,42.8,0.6,2
1693443600,42.47,42.49,42.47,42.49,0.74574383,3
1693450800,42.51,42.55,42.51,42.55,1.65338325,3
1693454400,42.79,42.79,42.79,42.79,22.00822412,2
1693458000,42.86,42.89,42.81,42.83,74.91644182,16
1693461600,42.93,42.93,42.93,42.93,11.41737,1
1693465200,43.18,43.45,43.18,43.19,122.73933852,14
1693468800,43.39,43.39,43.12,43.12,63.04918125,5
1693472400,42.83,43.31,42.83,43.31,0.64982348,2
1693476000,42.98,43.05,42.94,42.94,25.34225483,9
1693479600,42.73,43.24,42.73,43.24,140.78028584,16
1693483200,42.88,42.9,42.68,42.73,65.00704213,14
1693486800,42.61,42.61,42.34,42.39,189.05748495,32
1693490400,42.39,42.54,42.14,42.54,43.14045094,20
1693494000,42.65,42.65,41.58,41.91,41.59893472,28
1693497600,41.99,42.04,40.89,40.89,72.98078256,29
1693501200,40.97,41.16,40.29,41.16,649.44701706,56
1693504800,41.22,41.35,41.2,41.2,238.23684061,13
1693508400,41.0,41.31,40.83,41.27,61.61076818,14
1693512000,41.12,41.32,41.02,41.26,10.28547373,6
1693515600,41.06,41.34,40.96,41.3,10.75446891,10
1693519200,41.23,41.23,41.23,41.23,0.30230796,1
1693526400,41.49,41.49,41.49,41.49,0.15177109,1
1693530000,41.22,41.22,41.22,41.22,1.1891,1
1693537200,41.16,41.16,41.16,41.16,2.8,2
1693540800,41.22,41.22,41.22,41.22,0.438,1
1693544400,41.17,41.17,41.12,41.12,3.0584,3
1693548000,41.1,41.1,40.72,40.77,10.59775011,6
1693555200,40.87,40.87,40.87,40.87,2.30946882,1
1693562400,40.71,40.71,40.57,40.68,524.34649962,19
1693566000,40.66,40.73,40.66,40.73,33.81135414,2
1693569600,40.78,40.83,40.77,40.77,202.81690736,10
1693573200,40.31,40.32,40.31,40.32,1.08627272,2
1693576800,40.4,40.4,39.96,39.96,78.02342969,11
1693580400,40.09,40.37,40.09,40.21,250.81786607,12
1693584000,40.04,40.11,39.83,39.88,63.39062203,10
1693587600,39.77,39.77,39.27,39.39,170.58613305,34
1693591200,39.53,39.98,39.5,39.98,159.49482854,11
1693594800,39.87,39.89,39.86,39.86,8.52910024,4
1693598400,40.03,40.08,40.03,40.08,5.61320072,3
1693602000,40.05,40.05,40.04,40.04,1.81910781,2
1693612800,40.37,40.43,40.37,40.43,5.9585,2
1693620000,40.12,40.12,40.12,40.12,0.28065,1
1693623600,40.46,40.59,40.46,40.59,13.0168891,3
1693627200,40.58,40.82,40.58,40.82,13.97354036,6
1693630800,40.65,40.75,40.65,40.75,1.39925341,2
1693634400,40.84,40.84,40.83,40.83,0.53714158,2
1693638000,40.81,41.03,40.81,41.03,196.53286676,9
1693641600,41.25,41.32,41.15,41.15,20.13088897,7
1693652400,40.86,40.86,40.76,40.76,1.86642183,5
1693656000,40.78,40.78,40.78,40.78,1.04188027,1
1693659600,40.57,40.58,40.37,40.58,4.98405821,7
1693663200,40.67,40.86,40.67,40.84,110.8684152,10
1693666800,40.75,40.75,40.75,40.75,0.85826385,1
1693670400,40.6,40.6,40.38,40.38,253.47986357,13
1693674000,40.41,40.41,40.41,40.41,0.22198605,1
1693677600,40.15,40.34,40.1,40.34,7.83744619,7
1693681200,40.52,40.54,40.51,40.54,0.72726353,3
1693684800,40.42,40.42,40.38,40.39,7.97820415,4
1693688400,40.51,40.51,40.49,40.49,29.7159904,2
1693695600,40.41,40.5,40.41,40.42,2.17782716,3
1693699200,40.33,40.33,40.22,40.22,0.99317379,2
1693702800,40.51,40.53,40.51,40.52,1.53367491,3
1693706400,40.35,40.35,40.35,40.35,0.49566294,1
1693710000,40.55,40.55,40.55,40.55,0.49714991,1
1693713600,40.55,40.55,40.55,40.55,5.7142857,2
1693717200,40.44,40.45,40.44,40.45,0.49443757,2
1693720800,40.81,40.85,40.55,40.62,103.0724655,16
1693724400,40.72,40.8,40.63,40.8,11.83306656,6
1693738800,40.5,40.67,40.47,40.67,3.51916796,5
1693742400,40.65,40.67,40.39,40.39,11.09343108,6
1693746000,40.36,40.5,40.36,40.5,0.56571013,2
1693749600,40.4,40.4,40.4,40.4,35.30286138,3
1693753200,40.32,40.33,39.99,39.99,206.05738995,25
1693756800,40.1,40.1,39.83,39.89,9.82747501,7
1693760400,39.91,40.0,39.9,40.0,5.07983,6
1693764000,40.36,40.46,40.36,40.41,4.5004847,5
1693771200,40.27,40.5,40.27,40.5,84.39365512,6
1693774800,40.2,40.2,40.2,40.2,0.4135223,1
1693778400,40.25,40.28,40.25,40.28,14.17872972,3
1693782000,40.33,40.38,40.24,40.24,124.93919873,13
1693785600,40.35,40.35,40.34,40.34,5.8585922,2
1693792800,40.32,41.17,40.32,41.17,297.37342169,21
1693796400,41.02,41.15,40.73,40.73,29.74149028,9
1693800000,40.74,40.81,40.72,40.77,1.12336709,5
1693803600,40.64,40.64,40.3,40.31,57.06725614,8
1693810800,40.59,40.59,40.39,40.4,2.75258687,7
1693818000,40.62,40.62,40.52,40.52,124.78904098,4
1693821600,40.44,40.44,40.33,40.33,1000.65286931,33
1693825200,40.26,40.26,40.16,40.23,7.4621682,8
1693828800,40.15,40.16,40.11,40.11,19.12338028,4
1693832400,40.11,40.24,40.11,40.14,63.68421642,7
1693836000,40.16,40.17,40.16,40.17,1,2
1693839600,40.06,40.3,39.87,40.06,195.19990573,16
1693846800,40.14,40.41,40.13,40.4,3.10491842,6
1693850400,40.34,40.4,40.33,40.4,2.87558,3
1693854000,40.25,40.34,40.13,40.34,16.28899479,6
1693857600,40.4,40.4,40.21,40.22,12.79398343,6
1693861200,40.2,40.22,39.86,39.86,41.08210967,15
1693864800,39.92,39.95,39.92,39.95,57.29047992,3
1693868400,40.17,40.17,40.16,40.16,1.99464767,2
1693872000,40.09,40.09,39.94,39.95,9.64456139,6
1693875600,40.07,40.21,40.05,40.2,9.74441071,4
1693879200,40.11,40.11,40.04,40.04,3.35375112,2
1693882800,39.93,39.93,39.76,39.91,22.18456146,7
1693886400,40.14,40.14,40.14,40.14,1.50138471,1
1693890000,40.15,40.17,40.15,40.16,188.22537845,10
1693893600,40.07,40.07,39.97,40.01,10.49656507,7
1693900800,39.91,39.92,39.79,39.81,9.01166691,5
1693904400,39.93,39.93,39.81,39.81,0.94248191,3
1693908000,40.05,40.11,40.04,40.11,1.52792533,3
1693911600,40.17,40.17,40.17,40.17,7.87446548,3
1693915200,40.27,40.27,40.12,40.18,42.44535089,11
1693922400,40.07,40.07,39.43,39.96,1328.80688004,47
1693926000,40.15,40.31,40.08,40.21,16.13593137,14
1693929600,40.29,40.33,40.13,40.14,564.67392665,21
1693936800,40.01,40.1,40.0,40.08,9.12548454,5
1693940400,40.28,40.29,40.12,40.18,53.22758593,9
1693944000,40.0,40.0,39.93,39.93,251.81214565,10
1693947600,39.98,40.11,39.98,40.01,1141.30810429,26
1693951200,39.95,39.95,39.88,39.88,8.07614701,2
1693954800,40.06,40.06,40.06,40.06,0.55293,1
1693958400,40.03,40.03,40.03,40.03,28.46699262,2
1693962000,40.01,40.2,39.96,39.96,12.28703388,5
1693965600,39.95,39.95,39.91,39.91,5.1169,2
1693969200,39.86,39.87,39.86,39.87,0.50188205,2
1693972800,39.73,39.73,39.56,39.66,130.27533695,13
1693976400,39.66,39.71,39.66,39.71,6.488731,4
1693980000,39.7,39.7,39.7,39.7,0.11,1
1693983600,39.81,39.89,39.81,39.88,0.49286175,3
1693987200,39.99,40.18,39.98,40.12,4.39448276,6
1693990800,40.3,40.5,40.3,40.5,112.46904731,12
1693994400,40.38,40.45,40.38,40.4,189.28943541,9
1693998000,40.5,40.78,40.5,40.65,24.28489522,21
1694005200,40.37,40.37,40.37,40.37,7.68644606,1
1694008800,40.21,40.27,39.98,40.08,119.16960138,17
1694012400,40.11,40.11,40.02,40.02,6.0479485,3
1694016000,40.0,40.0,40.0,40.0,0.32804378,1
1694019600,39.75,40.41,39.53,40.32,140.34918874,31
1694023200,40.35,40.35,39.8,39.83,48.20985608,20
1694026800,39.8,39.8,39.78,39.78,1E+1,4
1694030400,39.85,39.85,39.85,39.85,2,2
1694037600,40.08,40.16,40.08,40.16,251.50590737,11
1694041200,40.18,40.18,40.18,40.18,11.89055,1
1694044800,40.07,40.07,39.8,39.98,185.45055154,25
1694048400,40.03,40.04,40.03,40.04,24.97959452,3
1694052000,39.96,39.96,39.92,39.92,0.78920594,2
1694059200,40.07,40.07,40.07,40.07,0.2,1
1694066400,39.95,39.95,39.95,39.95,3.68912936,2
1694070000,39.85,39.85,39.85,39.85,6.2503385,1
1694073600,39.8,39.8,39.8,39.8,0.50263885,1
1694077200,39.77,39.77,39.77,39.77,0.14614317,1
1694080800,39.71,39.71,39.57,39.57,23.34815137,10
1694084400,39.54,39.54,39.54,39.54,0.50556117,1
1694088000,39.67,39.67,39.67,39.67,1.67109402,1
1694091600,39.55,39.72,39.55,39.56,5.14062958,4
1694095200,39.52,39.55,39.35,39.5,4.28855753,5
1694098800,39.57,39.71,39.52,39.71,14.51279068,5
1694102400,39.58,39.88,39.58,39.79,11.45084528,4
1694106000,39.82,39.82,39.82,39.82,0.5,1
1694109600,39.74,39.74,39.64,39.64,24.84054367,4
1694113200,39.6,39.6,39.6,39.6,0.5050505,1
1694116800,39.59,39.74,39.59,39.74,17.66991465,5
1694120400,39.89,40.18,39.87,39.89,118.73949519,18
1694124000,39.93,40.15,39.93,40.15,30.03986853,3
1694127600,40.08,40.08,39.92,39.92,1.63358991,5
1694131200,40.01,40.24,39.81,40.11,33.94229412,9
1694134800,40.33,40.34,40.16,40.16,15.3749433,6
1694138400,40.1,40.1,40.09,40.1,31.92168546,4
1694142000,39.89,40.08,39.89,40.08,191.97429253,14
1694149200,39.95,39.95,39.95,39.95,5.44840187,1
1694156400,39.99,39.99,39.99,39.99,203.53069601,7
1694160000,39.99,39.99,39.99,39.99,9.07570398,1
1694163600,39.99,39.99,39.92,39.92,19.9951801,5
1694167200,39.71,39.71,39.29,39.49,30.84285591,13
1694170800,39.46,39.46,39.31,39.36,191.10310168,13
1694188800,39.47,39.47,39.37,39.46,39.59006297,6
1694203200,39.42,39.49,39.42,39.49,24.75893757,3
1694206800,39.61,39.61,39.6,39.6,1.01572177,2
1694210400,39.57,39.57,39.57,39.57,1.75453,1
1694214000,39.65,39.65,39.64,39.64,7.81841304,3
1694221200,39.72,39.72,39.72,39.72,0.11,1
1694232000,39.97,39.99,39.97,39.99,1.07777083,2
1694239200,39.78,39.78,39.78,39.78,0.7929715,1
1694246400,39.83,39.84,39.83,39.84,0.46213,2
1694250000,39.76,39.85,39.75,39.85,39.11159911,5
1694253600,39.62,39.62,39.6,39.6,66.44690075,5
1694260800,39.61,39.61,39.61,39.61,0.12623074,1
1694264400,39.5,39.5,39.45,39.46,0.63320158,3
1694268000,39.46,39.47,39.46,39.47,7.83458829,2
1694271600,39.81,39.81,39.68,39.68,14.80998121,6
1694278800,39.54,39.55,39.44,39.44,1.01291628,3
1694282400,39.43,39.43,39.25,39.3,38.08570003,5
1694286000,39.45,39.45,39.45,39.45,6.21413,2
1694289600,39.28,39.28,39.19,39.19,49.33224847,7
1694293200,39.28,39.29,39.28,39.29,125.2283716,6
1694296800,39.2,39.2,39.19,39.19,93.40738573,5
1694300400,39.28,39.28,39.28,39.28,1.90623,1
1694304000,39.01,39.01,38.14,38.62,68.14829423,33
1694307600,38.46,38.46,38.46,38.46,0.19433986,2
1694311200,38.28,38.28,38.28,38.28,2.67209204,2
1694314800,38.22,38.31,38.22,38.24,34.76272828,14
1694318400,38.23,38.23,35.65,36.95,470.72132991,97
1694322000,36.98,37.07,36.92,37.07,35.09162761,6
1694325600,37.18,37.47,37.18,37.47,71.23379786,13
1694329200,37.47,37.7,37.47,37.6,57.75929716,17
1694332800,37.4,37.47,37.34,37.47,131.53374062,12
1694336400,37.55,37.55,37.41,37.41,37.38713017,5
1694340000,37.38,37.38,37.3,37.35,205.44826049,16
1694343600,37.39,37.47,37.22,37.22,140.35841847,13
1694347200,37.39,37.47,37.39,37.46,129.16,10
1694350800,37.39,37.46,37.39,37.46,130.17801544,8
1694354400,37.14,37.14,36.84,36.84,14.44149558,11
1694358000,36.71,37.08,36.38,37.08,23.08827391,12
1694361600,36.92,36.92,36.41,36.55,27.67633156,10
1694365200,36.46,36.76,36.46,36.76,3.70000695,2
1694368800,36.72,36.72,36.72,36.72,0.654605,1
1694372400,36.58,36.68,36.58,36.68,1.87741053,4
1694376000,36.67,37.03,36.66,37.03,70.25651915,12
1694379600,37.21,37.21,37.21,37.21,2.68096515,1
1694383200,37.14,37.14,37.14,37.14,0.26884625,1
1694386800,37.0,37.04,37.0,37.01,4.29410819,3
1694390400,36.91,36.91,36.51,36.54,87.2145823,14
1694394000,36.74,36.74,36.67,36.67,0.96387429,2
1694397600,36.51,36.66,36.51,36.66,116.95391157,4
1694401200,36.82,36.82,36.76,36.76,8.90196898,4
1694404800,36.75,36.75,36.59,36.68,29.33843765,6
1694408400,36.8,36.93,36.8,36.93,0.26050804,2
1694412000,36.91,36.91,36.89,36.9,56.14035,6
1694415600,36.98,36.98,36.98,36.98,2.39778,1
1694419200,36.75,36.75,36.31,36.44,3.26733999,5
1694422800,36.52,36.52,35.9,36.15,103.40058371,19
1694426400,36.07,36.07,35.28,35.89,210.85672016,46
1694430000,36.06,36.06,36.06,36.06,6.92408814,1
1694437200,36.31,36.48,36.16,36.4,7.19662018,9
1694440800,36.0,36.37,35.79,36.01,268.43132621,65
1694444400,36.02,36.02,35.63,35.98,169.43869559,27
1694448000,36.03,36.23,36.01,36.11,99.71701133,19
1694451600,35.91,36.05,35.76,36.05,10.29683607,7
1694455200,35.5,35.5,35.33,35.42,6.53371299,6
1694458800,35.46,35.46,34.92,35.04,26.19452307,20
1694462400,35.29,35.67,35.29,35.67,1.38212006,4
1694466000,35.77,35.77,35.77,35.77,8.3951,2
1694469600,35.75,35.81,35.75,35.81,9.26554387,4
1694473200,35.73,35.75,35.7,35.7,17.58896845,8
1694476800,35.87,36.22,35.74,36.05,35.7135387,13
1694480400,35.92,35.92,35.78,35.78,0.71308336,2
1694487600,35.98,36.83,35.98,36.54,7.96861897,9
1694491200,36.65,36.73,36.54,36.69,161.50243246,17
1694494800,36.36,36.36,36.31,36.35,13.26706161,3
1694498400,36.18,36.18,36.18,36.18,0.23861252,1
1694502000,36.25,36.25,36.25,36.25,0.21369227,1
1694505600,36.38,36.38,36.38,36.38,0.21577526,1
1694509200,36.43,36.43,36.43,36.43,0.492,2
1694512800,36.66,37.28,36.6,36.93,42.19068432,20
1694516400,36.85,36.85,36.77,36.77,13.78161704,2
1694527200,36.79,36.83,36.79,36.8,2.75895026,3
1694530800,36.88,36.95,36.88,36.95,179.61485304,15
1694534400,37.0,37.49,37.0,37.1,10.73350474,10
1694538000,36.54,36.82,36.54,36.82,2.71828453,6
1694541600,36.67,36.67,36.67,36.67,0.22464689,1
1694545200,37.04,37.17,37.02,37.03,20.25112583,6
1694548800,37.02,37.03,37.02,37.03,16.20745542,2
1694552400,37.1,37.24,37.1,37.24,6.74414,4
1694556000,37.11,37.11,37.11,37.11,2.6519,1
1694559600,36.73,36.73,36.73,36.73,2.49118976,1
1694563200,36.72,37.14,36.72,37.14,13.37106892,4
1694566800,37.15,37.46,37.14,37.46,15.69439976,8
1694570400,37.51,37.76,37.19,37.19,8.75044745,16
1694574000,37.12,37.14,37.12,37.14,0.41134494,2
1694581200,37.15,37.15,37.15,37.15,0.4303117,1
1694584800,37.73,39.0,37.73,38.99,129.20848877,52
1694588400,38.9,40.86,38.9,40.18,1654.39711816,211
1694592000,39.99,42.19,39.91,41.81,807.99743612,82
1694595600,41.86,42.11,41.16,41.66,185.66719725,47
1694599200,41.6,41.6,40.51,40.56,366.77306377,82
1694602800,40.81,41.36,40.75,40.92,357.85983343,50
1694606400,40.79,41.16,40.7,41.11,768.53910912,90
1694610000,41.06,41.06,39.63,40.04,511.01339318,100
1694613600,40.09,40.32,39.82,39.92,322.04854617,35
1694617200,39.98,40.07,39.76,39.87,497.58154156,52
1694620800,39.67,40.09,39.5,39.78,15.480685,10
1694624400,39.74,39.89,39.51,39.51,46.61263296,21
1694628000,39.56,39.56,39.18,39.32,294.78042819,24
1694631600,39.23,39.51,39.23,39.51,0.48741776,2
1694635200,39.39,39.71,39.38,39.71,9.95685051,5
1694638800,39.87,39.89,39.5,39.69,25.63310314,7
1694642400,39.74,39.74,39.52,39.65,8.87375442,4
1694646000,39.64,39.73,39.59,39.59,7.55339643,6
1694649600,39.25,39.88,39.15,39.88,43.48274689,8
1694653200,40.24,40.25,39.69,39.69,50.30730094,10
1694656800,39.57,39.76,39.42,39.76,100.65547705,15
1694660400,39.45,39.45,39.45,39.45,0.23435201,1
1694664000,39.32,39.34,39.32,39.34,5.33484,3
1694667600,39.41,39.41,38.54,38.54,611.66731271,40
1694671200,38.61,38.93,38.61,38.76,56.29403168,7
1694674800,38.68,38.89,38.61,38.89,266.20143594,41
1694678400,39.04,39.06,38.65,38.65,128.92554468,9
1694682000,38.62,38.83,38.6,38.67,563.86959033,55
1694685600,38.8,38.85,38.79,38.85,50.65696108,8
1694689200,38.77,38.77,38.77,38.77,5.22754191,1
1694692800,38.67,38.67,38.38,38.38,7.9675054,7
1694696400,38.43,39.16,38.43,39.16,215.22444293,27
1694700000,38.91,39.53,38.91,39.51,11.18955668,6
1694703600,39.52,39.56,39.41,39.56,56.18058863,7
1694707200,39.64,39.64,39.64,39.64,7.12144,1
1694710800,39.61,39.68,39.55,39.56,15.92745394,5
1694714400,39.68,39.76,39.41,39.41,9.48013401,4
1694718000,39.38,39.38,39.25,39.29,82.03933739,64
1694721600,39.52,39.6,39.52,39.6,29.55303486,3
1694725200,39.46,39.53,39.31,39.35,39.17639785,12
1694728800,39.67,39.72,39.67,39.72,49.88241924,9
1694732400,39.26,39.26,39.25,39.25,11.61386491,2
1694736000,39.52,39.52,39.52,39.52,7.59109311,2
1694743200,39.77,40.7,39.77,40.63,161.11024924,31
1694746800,40.79,40.99,40.7,40.74,50.86344718,19
1694750400,40.95,41.17,40.89,41.08,194.40121721,22
1694754000,41.46,41.55,41.46,41.55,63.72681265,6
1694757600,41.6,42.0,40.9,41.04,201.38176068,40
1694761200,41.25,41.44,40.95,41.15,1528.52379526,152
1694764800,41.07,41.35,40.91,41.35,581.16127178,63
1694768400,41.11,41.23,41.05,41.23,204.68906536,15
1694772000,41.2,41.23,40.83,40.98,274.05962036,28
1694775600,40.71,40.71,40.55,40.56,292.3031496,33
1694779200,40.64,41.02,40.64,40.72,82.02760393,13
1694782800,40.71,40.82,40.61,40.75,130.47829993,20
1694786400,40.66,40.67,40.41,40.52,77.92084932,10
1694790000,40.5,40.54,40.5,40.54,9.97015056,2
1694793600,40.63,40.63,40.63,40.63,2.32685556,2
1694797200,40.7,40.88,40.6,40.6,131.94810168,16
1694804400,40.67,40.67,40.67,40.67,1.89468404,1
1694808000,40.96,40.96,40.96,40.96,7.21084479,1
1694811600,40.87,40.87,40.86,40.86,2.57037943,2
1694815200,41.01,41.33,41.01,41.23,56.46342891,9
1694818800,41.32,41.57,41.04,41.04,69.01483466,12
1694822400,41.24,41.24,41.18,41.18,0.73671,2
1694826000,41.39,41.39,41.39,41.39,0.48579253,1
1694829600,41.91,42.76,41.91,42.36,159.89125668,44
1694833200,41.72,41.72,41.13,41.13,190.10137927,23
1694836800,40.98,41.47,40.84,41.47,2.87369662,8
1694840400,41.21,41.21,41.21,41.21,0.55287501,1
1694844000,41.18,41.18,41.18,41.18,26.73,1
1694847600,40.85,40.85,40.77,40.77,0.84821902,3
1694851200,40.7,40.75,40.58,40.67,4.83342641,6
1694854800,40.59,40.6,40.49,40.51,11.42373776,6
1694858400,40.45,40.68,40.45,40.68,2.60846465,5
1694862000,40.78,40.78,40.78,40.78,0.73919897,1
1694865600,40.69,40.69,40.53,40.54,112.15823452,12
1694869200,40.6,40.6,40.38,40.46,40.08401551,11
1694872800,40.32,40.33,39.94,39.94,31.63521267,8
1694876400,39.85,40.2,39.78,40.16,15.22427447,7
1694880000,40.06,40.06,40.06,40.06,0.15,1
1694883600,39.96,40.03,39.96,40.01,66.21378155,6
1694887200,39.97,39.97,39.97,39.97,0.50037528,1
1694890800,39.98,40.0,39.75,39.75,415.81062226,22
1694894400,39.74,39.94,39.74,39.86,35.61652761,12
1694898000,39.99,39.99,39.98,39.98,0.25012568,2
1694901600,39.97,39.97,39.94,39.94,2.1454,3
1694908800,39.95,39.95,38.75,38.86,288.18518036,40
1694912400,38.72,38.76,38.41,38.73,14.33344859,11
1694916000,38.94,38.94,38.94,38.94,14.98246,2
1694919600,39.09,39.09,39.09,39.09,0.40326,2
1694923200,39.09,39.09,39.08,39.08,0.25598147,2
1694926800,39.01,39.01,38.83,38.83,2.42291662,2
1694934000,38.98,38.98,38.93,38.95,1.40941852,3
1694937600,38.9,38.9,38.89,38.89,0.29069662,2
1694941200,39.13,39.13,39.13,39.13,38.20366156,2
1694944800,39.22,39.22,39.08,39.21,39.35342234,8
1694948400,39.13,39.14,38.94,38.94,6.45580393,4
1694952000,38.94,38.94,38.92,38.92,7.21922387,2
1694955600,38.93,38.93,38.93,38.93,78.83232596,6
1694966400,38.85,38.85,38.6,38.6,19.06672506,6
1694970000,38.72,38.72,38.4,38.4,227.21757015,19
1694973600,38.31,38.59,38.31,38.53,1.03753854,5
1694977200,38.62,38.65,38.62,38.65,10.55913255,3
1694980800,38.5,38.5,37.61,38.04,236.58188064,32
1694984400,38.01,38.29,38.01,38.29,66.98468642,13
1694988000,38.32,38.32,38.32,38.32,0.13081746,1
1694995200,38.22,38.42,38.19,38.25,1.03080699,5
1694998800,38.35,38.35,38.35,38.35,1.37152986,1
1695002400,38.68,38.98,38.68,38.98,14.42640066,5
1695006000,38.81,38.83,38.7,38.7,34.42536521,5
1695009600,38.79,38.79,38.78,38.78,5.54482175,4
1695013200,39.31,39.31,39.31,39.31,5.0929,1
1695016800,39.21,39.22,39.17,39.17,0.87268892,4
1695020400,39.59,39.73,39.58,39.58,64.99400235,10
1695024000,39.37,39.75,39.36,39.63,803.69136585,71
1695027600,39.98,41.14,39.98,41.12,784.90734742,70
1695031200,41.07,41.22,40.53,40.9,1156.31467061,110
1695034800,40.75,40.75,40.2,40.24,52.62202749,15
1695038400,40.16,40.38,39.91,40.33,193.71696258,23
1695042000,40.28,40.28,39.78,39.78,361.84358219,23
1695045600,39.8,39.8,39.71,39.71,12,2
1695049200,39.79,39.87,39.67,39.87,45.82374748,9
1695052800,39.84,40.14,39.72,39.97,6.22543407,10
1695056400,40.0,40.0,39.21,39.31,32.04739329,11
1695060000,39.56,39.56,39.39,39.39,0.62538452,4
1695067200,39.58,39.58,39.58,39.58,0.49044,1
1695070800,39.59,39.59,39.59,39.59,0.12620384,1
1695074400,39.74,39.74,39.74,39.74,0.8849431,1
1695078000,39.34,39.38,39.33,39.37,23.75558589,7
1695081600,39.37,39.37,39.27,39.27,12.60706068,2
1695085200,39.21,39.6,39.21,39.59,2.01722597,3
1695088800,39.59,39.72,39.59,39.72,1.27628395,2
1695096000,40.16,40.54,40.16,40.5,421.64008686,49
1695099600,40.41,41.08,39.91,40.96,1339.72416473,134
1695103200,40.93,40.93,40.03,40.06,184.43569789,29
1695106800,40.27,40.29,40.11,40.11,5.24412877,9
1695110400,40.27,40.27,40.27,40.27,12.40922718,3
1695114000,40.53,40.53,40.25,40.43,13.31997633,9
1695117600,40.04,40.04,39.95,39.98,1.61186013,4
1695121200,39.89,40.04,39.85,40.04,3.97325646,4
1695124800,40.03,40.04,39.7,39.79,23.13920515,7
1695128400,39.87,39.87,39.67,39.67,16.41981269,2
1695132000,39.59,39.68,39.59,39.68,1.00921033,2
1695135600,39.84,39.98,39.81,39.81,3.00719529,4
1695139200,39.71,39.8,39.5,39.56,27.47013196,6
1695142800,39.74,39.74,39.74,39.74,0.50932267,1
1695146400,39.72,39.74,39.65,39.65,10.52632373,6
1695150000,39.53,39.53,39.53,39.53,0.61,1
1695153600,39.44,39.66,39.44,39.66,3.36359282,5
1695157200,39.78,39.78,39.78,39.78,1.76607829,1
1695164400,39.87,40.01,39.87,39.98,214.64970775,17
1695168000,40.0,40.0,40.0,40.0,0.12915438,1
1695171600,40.11,40.32,40.11,40.32,11.45449107,6
1695178800,39.77,39.77,39.77,39.77,0.15,1
1695182400,39.68,39.69,39.61,39.63,13.04325086,5
1695186000,39.57,39.57,39.57,39.57,0.5054334,1
1695189600,39.5,39.77,39.36,39.77,11.4762008,4
1695193200,39.57,39.57,39.57,39.57,1.26394857,1
1695196800,39.66,39.86,39.66,39.85,1.55352793,3
1695200400,39.81,39.81,39.49,39.63,9.88036028,11
1695204000,39.57,39.65,39.46,39.65,17.72158844,7
1695207600,39.56,39.56,39.56,39.56,29.58314365,1
1695211200,39.46,39.46,39.26,39.26,22.22795858,6
1695214800,39.48,39.68,39.48,39.68,182.72266769,14
1695218400,39.73,39.74,39.51,39.51,45.51998954,6
1695229200,39.44,39.44,39.38,39.41,1.70597061,3
1695232800,39.35,39.85,39.35,39.69,1.85494647,5
1695236400,39.75,39.75,38.81,39.32,74.6415006,24
1695240000,39.45,39.7,39.45,39.7,45.95397853,4
1695243600,39.89,40.12,39.89,40.07,490.45688167,33
1695247200,39.88,39.94,39.88,39.94,1.25250627,3
1695254400,40.03,42.05,40.03,41.2,1265.26291441,112
1695258000,40.94,40.94,40.32,40.57,60.77862704,14
1695261600,40.82,40.82,40.4,40.4,102.04839859,12
1695265200,40.44,40.44,40.17,40.17,105.55674019,12
1695268800,40.54,40.56,40.28,40.28,152.16926886,15
1695272400,40.28,40.28,39.99,40.07,63.15033892,7
1695276000,39.93,39.93,39.61,39.77,220.71760868,23
1695279600,39.8,39.85,39.8,39.85,1.73694341,2
1695283200,39.71,39.71,39.5,39.5,0.85565079,3
1695286800,39.48,39.48,39.22,39.3,316.97846979,24
1695290400,38.88,38.96,38.79,38.79,1.55819086,7
1695294000,38.8,38.95,38.8,38.94,62.69740526,6
1695297600,39.0,39.09,39.0,39.09,204.20259457,15
1695301200,38.77,38.77,38.65,38.65,20.13662897,2
1695308400,38.99,39.0,38.99,39.0,0.25277,2
1695312000,38.68,38.68,38.68,38.68,0.51706308,1
1695315600,38.88,38.91,38.88,38.91,1.08378318,2
1695319200,38.74,38.83,38.74,38.83,2.13,3
1695322800,38.86,38.86,38.86,38.86,2.51097,1
1695326400,38.87,38.88,38.67,38.67,6.7734164,6
1695330000,38.51,38.51,38.48,38.5,42.77922405,3
1695333600,38.73,38.82,38.73,38.81,2.78632746,3
1695337200,38.73,38.74,38.73,38.74,0.51666236,2
1695340800,38.62,38.7,38.17,38.63,6.80421188,10
1695344400,38.8,38.86,38.78,38.78,279.37673988,15
1695348000,38.9,38.9,38.9,38.9,5.20543765,1
1695351600,39.05,39.05,39.05,39.05,3.40745887,1
1695355200,39.15,39.21,39.15,39.21,10.56541068,2
1695358800,39.28,39.28,39.18,39.21,95.59921021,9
1695362400,39.09,39.09,39.09,39.09,5.1112,2
1695366000,39.05,39.05,39.04,39.04,0.95432,2
1695369600,39.03,39.03,38.86,38.86,1093.8247512,24
1695373200,39.2,39.2,39.2,39.2,0.50001,1
1695380400,39.15,39.15,39.14,39.14,11.54410573,2
1695384000,39.16,39.22,39.13,39.22,8.42459923,4
1695387600,39.09,39.09,39.04,39.04,283.19901,13
1695391200,39.15,39.26,39.1,39.26,63.11863,11
1695394800,39.17,39.17,39.17,39.17,9.09006347,2
1695398400,38.82,38.82,38.8,38.8,203.75950251,9
1695402000,38.7,38.8,38.7,38.8,12.61404789,2
1695405600,38.87,38.87,38.87,38.87,3.73430248,2
1695409200,38.99,38.99,38.79,38.79,20.32497415,6
1695416400,38.68,39.08,38.67,39.08,4.97539229,6
1695420000,39.17,39.38,39.17,39.38,14.04603928,10
1695423600,39.49,39.61,39.46,39.59,137.74290359,23
1695427200,39.61,39.78,39.59,39.78,6.62102984,4
1695430800,39.8,39.82,39.8,39.82,320.13593,18
1695434400,39.51,39.52,39.51,39.52,6.34268644,5
1695438000,39.31,39.31,39.31,39.31,5.19974204,1
1695445200,39.56,39.58,39.56,39.58,1.7053206,2
1695456000,39.37,39.37,39.37,39.37,0.18239372,1
1695466800,39.46,39.56,39.46,39.56,14.35968264,2
1695470400,39.75,39.75,39.75,39.75,0.26213978,1
1695477600,39.48,39.69,39.48,39.58,14.81495506,9
1695481200,39.59,39.59,39.43,39.43,1.134035,2
1695484800,39.52,39.79,39.52,39.79,12.1732989,2
1695492000,39.84,39.94,39.84,39.92,7.40642633,5
1695495600,39.96,40.32,39.96,40.18,23.21852782,7
1695499200,40.04,40.04,40.04,40.04,1.50357061,1
1695506400,40.1,40.1,40.08,40.09,50.12050172,3
1695510000,40.14,40.14,40.14,40.14,4.91426,1
1695517200,40.19,40.19,40.08,40.08,4.5E+2,21
1695524400,40.12,40.12,40.12,40.12,0.468,1
1695535200,40.0,40.0,40.0,40.0,6.68533543,2
1695538800,40.07,40.07,40.06,40.06,5.12222064,2
1695542400,40.13,40.19,40.13,40.19,8.03807987,2
1695546000,40.04,40.05,39.9,39.91,8.13034629,5
1695549600,40.01,40.01,40.01,40.01,0.20023199,1
1695556800,40.11,40.11,40.11,40.11,0.20510853,1
1695564000,40.18,40.18,40.18,40.18,0.12724625,1
1695567600,40.1,40.15,40.1,40.15,1.01712,3
1695574800,40.21,40.4,40.21,40.35,49.81185663,3
1695578400,40.57,40.58,40.27,40.27,1.27180594,3
1695582000,40.01,40.09,40.01,40.09,0.67797464,2
1695585600,40.34,40.36,40.34,40.36,42.89542,7
1695589200,40.65,40.71,40.65,40.71,450.26170226,16
1695592800,40.67,40.85,40.67,40.78,2.49385022,6
1695596400,40.71,40.71,40.08,40.19,8.78520634,5
1695600000,39.87,40.29,39.8,40.26,110.99517792,10
1695603600,40.84,41.29,40.79,40.83,1407.60387111,60
1695607200,40.74,40.8,40.6,40.8,244.93405295,16
1695610800,40.99,41.08,40.79,40.79,14.25654238,6
1695614400,40.9,40.9,40.71,40.74,262.16297974,14
1695618000,40.57,40.61,40.54,40.61,42.80118106,7
1695621600,40.45,40.57,40.45,40.57,17.45779755,2
1695632400,40.48,40.54,40.45,40.54,1.74683737,4
1695636000,40.68,40.8,40.68,40.8,12.47097553,5
1695639600,40.7,40.71,40.41,40.55,88.06100647,5
1695643200,40.57,40.65,40.51,40.65,32.52502657,4
1695646800,40.52,40.7,39.98,40.55,334.70859657,35
1695650400,40.6,40.88,40.54,40.69,43.0584602,14
1695654000,40.68,40.85,40.3,40.67,59.57888892,22
1695657600,40.73,40.77,40.41,40.72,291.50096563,36
1695661200,40.69,40.69,40.55,40.58,143.91697037,15
1695664800,40.43,40.43,40.37,40.42,37.00987781,7
1695668400,40.2,40.2,40.18,40.18,2,2
1695672000,40.27,40.27,40.2,40.2,95.40772465,6
1695675600,40.06,40.06,39.83,39.83,6.74490738,3
1695679200,39.82,39.82,39.65,39.71,117.46167374,17
1695686400,39.74,39.74,39.2,39.28,339.16586774,22
1695690000,39.33,39.34,39.31,39.33,21.70605893,5
1695693600,39.46,39.46,39.45,39.45,29.05826874,3
1695697200,39.61,39.61,39.53,39.53,25.12364599,4
1695700800,39.33,39.33,39.29,39.29,7.0807,2
1695704400,39.46,39.46,39.45,39.46,60.5,6
1695708000,39.42,39.42,39.4,39.41,21.62533767,5
1695711600,39.37,39.38,39.37,39.38,24,4
1695715200,39.41,39.58,39.41,39.58,5.9906755,4
1695718800,39.35,39.37,39.35,39.37,16.5088783,3
1695722400,39.25,39.26,39.14,39.18,1043.91612252,30
1695726000,39.18,39.18,39.17,39.17,1.22800403,2
1695729600,39.17,39.17,39.09,39.09,3.82457754,4
1695733200,39.0,39.14,39.0,39.05,58.17413317,12
1695736800,39.03,39.03,39.03,39.03,10.37496233,1
1695740400,39.01,39.01,38.85,38.85,31.62914743,7
1695744000,38.86,39.03,38.86,39.01,32.28073342,9
1695747600,39.09,39.09,38.76,38.76,190.42427723,15
1695751200,38.87,39.04,38.87,39.04,19.034437,5
1695754800,39.11,39.11,39.03,39.03,10.82099145,3
1695758400,38.92,38.98,38.9,38.9,12.76317364,8
1695762000,38.76,38.88,38.37,38.88,199.92714885,17
1695765600,39.0,39.11,39.0,39.01,58.76825694,17
1695769200,39.18,39.26,39.18,39.22,18.95214771,4
1695772800,39.27,39.67,39.27,39.67,77.42859977,15
1695776400,39.66,39.66,39.52,39.52,60.16950581,12
1695783600,39.49,39.65,39.43,39.65,114.23225408,14
1695787200,39.43,39.43,39.43,39.43,0.17656606,1
1695790800,39.64,39.76,39.59,39.6,23.06701043,8
1695794400,39.54,39.56,39.54,39.56,3.02278,4
1695798000,39.73,39.73,39.73,39.73,0.47313816,1
1695801600,39.67,39.67,39.67,39.67,18.99965,3
1695805200,39.89,39.89,39.89,39.89,1.64273287,2
1695808800,39.93,40.0,39.92,39.97,76.93738715,8
1695812400,40.19,40.53,40.19,40.53,89.75091758,10
1695816000,40.59,41.0,40.45,40.45,479.05264937,43
1695819600,40.59,40.77,40.48,40.59,189.46620682,27
1695823200,40.34,40.34,39.89,39.89,46.35039733,7
1695826800,40.12,40.48,40.12,40.24,190.05144882,14
1695830400,40.3,40.3,40.3,40.3,1.02933607,1
1695834000,40.32,40.32,40.22,40.22,0.80722,3
1695837600,39.89,40.22,39.89,40.17,1.63715424,3
1695841200,40.33,40.33,40.33,40.33,0.15,1
1695844800,40.55,40.55,40.37,40.39,11.15483941,10
1695848400,40.44,40.44,40.32,40.32,36.27915357,3
1695852000,40.54,40.71,40.54,40.7,6.81499125,6
1695855600,40.96,41.33,40.96,41.33,60.54980616,12
1695859200,41.4,41.63,41.17,41.17,142.6726321,13
1695862800,41.28,41.28,41.28,41.28,0.2014302,1
1695866400,41.5,41.5,41.5,41.5,4.59660525,1
1695870000,41.02,41.03,40.72,40.72,121.12494835,16
1695873600,40.91,40.91,40.91,40.91,0.03796,1
1695877200,41.19,41.19,41.19,41.19,0.18343043,1
1695880800,41.73,43.35,41.73,43.25,588.38069459,56
1695884400,43.42,43.67,42.98,43.46,174.4004214,39
1695888000,43.41,43.51,42.99,43.51,235.05487175,23
1695891600,43.36,43.39,43.14,43.39,359.13183797,32
1695895200,43.22,43.86,43.22,43.54,85.57698601,14
1695898800,43.73,43.87,43.38,43.87,461.99199057,30
1695902400,44.02,46.06,44.02,44.78,2175.91603988,144
1695906000,44.65,46.53,44.42,46.51,629.00840331,117
1695909600,46.42,48.35,46.39,47.72,1180.8984668,223
1695913200,47.81,49.34,47.44,48.76,543.66830387,145
1695916800,48.77,50.06,47.94,48.68,1043.01780883,136
1695920400,48.62,48.68,47.77,48.42,478.66013414,67
1695924000,48.5,49.16,47.99,48.84,999.23156528,100
1695927600,48.95,49.37,48.6,49.16,675.07847422,70
1695931200,49.23,49.8,48.27,49.02,814.05054626,143
1695934800,48.79,49.08,48.52,49.05,728.22949383,68
1695938400,48.89,49.1,48.87,48.89,56.86284927,12
1695942000,48.96,49.54,48.45,49.45,1090.24478985,70
1695945600,49.38,50.0,48.13,48.6,374.35209813,83
1695949200,48.41,48.45,46.92,47.52,450.16613935,70
1695952800,47.36,48.28,47.36,48.1,439.70727772,33
1695956400,48.16,48.84,47.98,48.7,591.69023673,60
1695960000,48.7,49.08,48.27,49.08,401.83626025,34
1695963600,49.08,49.13,47.42,47.83,91.98072149,39
1695967200,48.01,48.28,47.81,48.06,198.04583883,34
1695970800,48.1,48.39,47.74,48.04,73.68213306,22
1695974400,47.98,48.15,47.72,48.14,137.96611545,19
1695978000,48.37,48.97,48.37,48.62,756.46536037,59
1695981600,48.66,48.66,47.83,47.83,169.82555326,29
1695985200,48.0,48.11,47.74,47.74,283.71400533,14
1695988800,47.67,47.7,47.18,47.53,512.68530077,54
1695992400,47.3,47.39,46.92,46.97,298.08923837,26
1695996000,46.84,47.22,46.35,46.88,100.82939929,42
1695999600,47.28,47.38,47.14,47.14,100.81880041,15
1696003200,47.13,47.29,46.81,46.81,20.52842356,14
1696006800,47.19,47.34,47.0,47.1,281.47327686,12
1696010400,47.0,47.42,46.99,47.42,120.93366019,17
1696014000,47.61,47.62,47.5,47.56,188.58285488,14
1696017600,47.61,48.44,47.6,48.19,139.60793578,31
1696021200,48.03,48.5,48.03,48.21,70.81021846,11
1696024800,48.55,48.66,48.25,48.45,91.94291043,14
1696028400,48.68,49.6,48.63,49.01,1093.76141773,107
1696032000,48.93,50.7,48.59,48.59,537.34680323,95
1696035600,48.51,48.57,47.25,47.89,416.98695816,75
1696039200,47.74,47.87,47.36,47.36,84.77958612,17
1696042800,47.43,47.48,46.99,47.48,91.91656927,29
1696046400,47.52,47.52,47.24,47.24,103.33725951,13
1696050000,47.31,47.51,47.31,47.36,109.53468434,14
1696053600,47.37,47.92,47.33,47.76,687.9874769,67
1696057200,47.93,47.96,46.41,46.54,471.47686254,55
1696060800,46.49,46.95,46.41,46.95,52.33060207,12
1696064400,47.19,47.6,47.19,47.53,12.64201846,7
1696068000,47.45,47.45,47.35,47.35,9.48992402,3
1696071600,47.1,47.77,47.04,47.54,413.07878153,45
1696075200,47.53,47.53,47.27,47.27,183.16977956,13
1696078800,47.12,47.16,47.04,47.16,0.92482061,4
1696082400,47.08,47.08,46.7,46.84,414.64069213,27
1696086000,46.97,46.99,46.92,46.99,10.43216757,4
1696089600,46.91,46.91,46.79,46.79,5.50665,2
1696093200,47.09,47.19,46.89,47.18,16.37339446,11
1696096800,47.19,47.65,47.1,47.41,211.65352898,37
1696100400,47.42,47.7,47.42,47.49,188.78889726,26
1696104000,47.41,47.41,47.04,47.05,332.18189877,13
1696107600,47.03,47.03,46.8,46.8,60.78635452,13
1696111200,46.87,46.9,46.69,46.69,132.04070752,15
1696114800,46.64,46.81,46.6,46.81,154.60187961,11
