1688169600,55.94,55.95,54.82,54.82,64.36638426,10
1688170500,55.12,55.16,54.76,54.76,27.36527553,12
1688171400,55.18,55.18,55.18,55.18,10.64396295,3
1688172300,55.16,55.16,55.01,55.09,25.02907936,7
1688173200,55.05,55.31,54.75,55.31,227.98122959,30
1688174100,55.13,55.13,54.01,54.15,10.20932003,11
1688175000,53.97,54.47,53.97,54.47,126.19207872,9
1688175900,54.76,54.93,54.74,54.74,30.80935,4
1688176800,55.16,55.24,54.29,54.29,111.52076428,12
1688177700,54.56,54.71,54.44,54.44,168.60459318,13
1688180400,54.33,54.97,54.33,54.77,23.05539987,8
1688181300,55.1,55.13,55.1,55.13,2E+1,4
1688182200,54.49,54.51,54.05,54.05,252.34251976,17
1688183100,54.05,54.44,54.05,54.32,21.937356,6
1688184000,54.46,54.78,54.46,54.77,2.71255014,4
1688184900,54.46,54.47,53.67,53.94,53.31070145,14
1688185800,53.59,54.21,53.56,54.08,208.88357543,10
1688186700,54.2,54.2,54.2,54.2,19.47690504,7
1688187600,53.82,54.04,53.72,54.04,17.69501789,7
1688189400,54.12,54.12,54.07,54.07,22.72244912,5
1688190300,54.07,54.08,53.87,53.87,33.03452674,5
1688191200,53.82,53.98,53.77,53.91,56.43933844,13
1688192100,53.79,53.98,53.79,53.98,16.60611651,4
1688194800,54.54,54.62,54.52,54.53,32.417574,15
1688195700,54.53,54.99,54.53,54.99,11.7559625,5
1688196600,55.43,55.43,55.15,55.15,44.1320393,3
1688197500,54.71,54.71,54.7,54.7,52.71470319,2
1688198400,54.7,54.7,54.58,54.58,0.58082674,2
1688199300,54.12,54.13,54.12,54.13,1.85969,2
1688200200,53.9,54.09,53.7,54.09,134.9870592,17
1688201100,54.05,54.05,54.05,54.05,0.25,1
1688202000,53.76,53.76,53.69,53.69,4.7195208,2
1688202900,53.64,53.64,53.31,53.45,803.65099984,20
1688203800,53.41,53.41,53.41,53.41,110.81476488,2
1688204700,53.5,53.5,53.12,53.41,80.36771341,12
1688205600,53.2,53.2,52.77,52.92,143.70464184,34
1688206500,52.64,52.84,52.51,52.84,3.19311369,5
1688207400,53.12,53.12,53.06,53.06,3.98876848,3
1688208300,52.75,52.84,52.75,52.84,42.38202022,5
1688209200,53.06,53.06,53.06,53.06,1,1
1688210100,52.94,52.94,52.77,52.77,133.73440989,14
1688211000,52.86,52.88,52.85,52.88,2.42414896,3
1688211900,53.29,53.29,53.15,53.24,190.19396449,15
1688212800,53.17,53.17,53.11,53.11,5.21421805,2
1688213700,53.32,53.32,53.32,53.32,0.5939,1
1688214600,53.12,53.25,53.12,53.16,82.50626593,5
1688215500,53.03,53.03,53.03,53.03,1.59481574,1
1688217300,53.19,53.25,53.19,53.25,1103.91082864,48
1688218200,53.38,53.47,53.38,53.47,9.15181791,3
1688219100,53.4,53.86,53.4,53.82,27.90749024,4
1688220000,53.99,54.24,53.6,53.64,16.43055743,18
1688220900,53.48,53.48,53.39,53.41,33.85372,10
1688221800,53.45,53.48,53.45,53.48,7.4501871,2
1688222700,53.55,53.76,53.55,53.55,58.11458396,7
1688223600,53.51,53.52,52.78,52.78,46.47825877,9
1688224500,52.79,52.79,52.69,52.69,23.359,8
1688225400,53.07,53.08,53.07,53.08,0.55722,2
1688226300,53.04,53.04,52.95,52.95,33.23,3
1688227200,53.03,53.25,52.78,52.78,30.78756128,9
1688228100,52.64,52.64,52.64,52.64,0.47637938,1
1688229000,53.06,53.06,52.55,52.57,255.56169772,15
1688229900,52.32,52.36,52.25,52.25,56.60505082,9
1688230800,51.93,51.98,51.67,51.67,92.10049546,12
1688231700,51.74,51.77,51.6,51.69,127.20881467,10
1688232600,51.97,51.97,51.86,51.86,14.50343424,3
1688233500,51.68,51.68,51.66,51.66,6.7407063,2
1688234400,51.69,51.69,51.69,51.69,0.02434,1
1688235300,51.91,52.3,51.91,52.3,16.9203195,3
1688236200,52.15,52.15,52.15,52.15,4.72346,2
1688237100,52.5,52.5,52.5,52.5,1.6244817,1
1688238900,52.5,52.5,52.5,52.5,38.14103619,2
1688239800,52.35,52.35,52.35,52.35,10.43379561,2
1688241600,52.57,52.57,52.57,52.57,136.35943503,13
1688242500,52.36,52.36,52.36,52.36,1.23811785,1
1688243400,52.25,52.25,52.25,52.25,0.19135093,1
1688244300,52.42,52.42,52.36,52.36,41.67283333,3
1688245200,52.15,52.15,52.15,52.15,0.41399937,1
1688246100,52.09,52.09,52.09,52.09,0.11,1
1688247000,51.97,51.97,51.83,51.83,5.48767,2
1688248800,51.8,51.91,51.72,51.88,61.89014713,10
1688249700,51.85,51.9,51.8,51.87,25.5,7
1688250600,51.71,51.71,51.71,51.71,5,1
1688251500,51.57,51.57,51.57,51.57,3.92401169,1
1688253300,52.06,52.12,52.06,52.12,113.37159241,6
1688254200,52.43,52.43,52.43,52.43,3.17685879,1
1688255100,52.65,52.66,52.55,52.55,2E+1,3
1688256000,52.65,52.72,52.65,52.72,36.18059487,5
1688256900,52.17,52.17,51.98,51.98,39.36631562,3
1688258700,52.59,52.59,52.59,52.59,0.29358195,1
1688259600,52.79,52.9,52.79,52.9,69.73393441,5
1688260500,52.8,52.82,52.52,52.52,90.45082704,9
1688261400,52.7,52.7,52.44,52.44,10.25,2
1688262300,51.83,51.83,51.83,51.83,2.06,1
1688264100,51.74,51.74,51.05,51.35,36.95271732,17
1688265000,51.43,52.11,51.42,52.11,76.52144819,10
1688265900,52.35,52.35,52.35,52.35,102.74508969,13
1688266800,52.3,52.3,52.05,52.05,2.73518214,2
1688268600,52.66,52.79,52.63,52.66,18.22674592,5
1688269500,52.35,52.35,51.13,51.13,121.56496012,11
1688270400,51.33,52.27,51.33,51.97,166.56965409,27
1688271300,52.14,52.26,52.14,52.26,65.65075774,5
1688272200,51.83,52.17,51.83,52.11,51.33883769,18
1688273100,52.27,52.85,52.27,52.63,48.15981092,30
1688274000,52.95,53.5,52.95,53.37,268.31703538,35
1688274900,53.07,53.07,52.85,52.98,22.48531242,4
1688276700,52.96,53.45,52.96,53.45,166.52195428,31
1688277600,53.27,53.72,53.27,53.72,33.1560374,4
1688278500,53.65,54.26,53.1,54.12,27.42846802,13
1688279400,53.98,53.98,53.59,53.61,172.74384201,19
1688280300,53.82,53.92,53.82,53.86,67.69635287,8
1688281200,54.04,54.04,53.79,53.79,10.85100118,7
1688282100,53.65,53.65,53.65,53.65,0.11,1
1688283000,53.39,53.39,53.22,53.26,13.52011143,6
1688284800,53.17,53.73,53.07,53.69,13.68721009,8
1688285700,53.77,54.2,53.77,54.2,15.52912094,6
1688286600,54.15,55.28,54.15,55.25,1550.98081801,74
1688287500,55.33,55.67,54.89,54.89,285.42876091,30
1688288400,54.73,54.97,54.41,54.97,150.34007191,24
1688289300,54.98,55.14,54.98,55.14,23.43133689,6
1688290200,55.03,55.76,55.03,55.55,8.04326463,6
1688291100,55.8,55.9,55.5,55.51,34.60909357,16
1688292000,55.98,56.04,55.98,56.04,6.5686584,5
1688292900,56.03,60.14,56.03,59.68,537.45299954,92
1688293800,59.93,61.86,59.93,61.54,261.44006171,80
1688294700,61.62,61.79,60.72,61.4,777.08169969,75
1688295600,61.54,63.32,61.53,62.98,972.64078537,150
1688296500,63.09,63.63,61.96,62.62,154.89498744,43
1688297400,62.63,63.24,62.63,63.03,103.98667528,30
1688298300,62.76,62.76,61.52,61.52,105.79504282,29
1688299200,61.72,62.8,61.71,61.72,141.67098679,37
1688300100,61.86,62.3,60.55,60.71,1677.57765654,115
1688301000,60.8,62.07,60.8,61.89,862.58530168,40
1688301900,61.77,62.57,61.77,62.57,306.45462788,25
1688302800,62.62,62.62,62.0,62.04,1373.5367836,36
1688303700,62.17,62.21,61.45,61.45,92.57098531,16
1688304600,61.56,62.0,61.56,61.94,19.27003537,7
1688305500,61.86,63.25,61.83,62.92,66.00932082,21
1688306400,62.65,64.58,62.33,64.2,951.77322808,103
1688307300,64.29,64.81,63.08,63.48,1161.03099387,104
1688308200,63.43,63.43,63.13,63.23,9.17506178,9
1688309100,63.28,63.36,62.78,62.78,702.27900072,53
1688310000,62.69,63.12,62.59,63.08,42.1256423,19
1688310900,63.15,63.15,61.23,62.41,149.10494347,47
1688311800,61.84,62.12,61.65,61.65,677.83572177,20
1688312700,61.91,62.0,61.5,61.64,82.8032065,12
1688313600,61.86,63.1,61.37,62.98,160.84610096,38
1688314500,62.99,63.15,62.54,62.54,61.7759103,15
1688315400,62.26,62.92,62.26,62.92,43.71233098,12
1688316300,62.61,62.87,62.57,62.87,1.88883806,4
1688317200,62.86,62.86,62.86,62.86,0.74957517,2
1688318100,63.25,63.53,62.37,62.57,8.64204439,10
1688319000,62.34,62.71,62.34,62.71,14.43889,4
1688319900,62.61,62.61,61.89,62.02,12.3973027,12
1688320800,62.02,62.28,61.67,62.28,688.9646841,35
1688321700,62.58,62.58,62.27,62.55,100.39179598,10
1688322600,62.47,62.62,62.26,62.59,113.53973554,10
1688323500,62.69,62.7,62.69,62.7,6.60713,2
1688324400,63.1,63.1,62.91,63.06,150.86156676,11
1688325300,62.99,63.0,62.64,62.91,49.4536905,6
1688326200,62.92,62.95,62.79,62.79,88.82644372,23
1688327100,62.79,62.79,62.51,62.51,77.73026998,5
1688328000,62.69,62.77,62.45,62.57,124.53335259,12
1688328900,62.96,62.96,62.92,62.92,2.19846,2
1688329800,63.03,63.44,63.0,63.44,54.17717148,16
1688330700,63.35,64.02,63.14,63.14,957.77972612,43
1688331600,63.12,63.26,63.0,63.18,96.55640514,28
1688332500,62.88,62.88,62.88,62.88,14.68676769,2
1688333400,62.83,63.39,62.83,63.39,1.00790593,4
1688334300,63.61,63.61,63.4,63.47,13.3607329,8
1688335200,63.83,63.93,63.46,63.48,43.24467737,14
1688336100,63.67,64.7,63.67,64.54,51.40426954,17
1688337000,64.48,64.73,63.6,63.6,289.99168747,20
1688337900,64.0,64.17,63.73,64.17,10.3413,7
1688338800,64.49,65.09,64.1,64.1,259.74223175,28
1688339700,64.27,65.43,63.92,64.97,286.85763036,41
1688340600,64.89,70.18,64.86,66.97,1222.79143811,147
1688341500,66.62,69.26,66.11,68.4,588.73330828,89
1688342400,68.46,69.69,67.78,69.41,578.38720825,128
1688343300,69.05,69.4,67.59,67.9,39.66954456,29
1688344200,67.95,68.88,67.6,68.33,344.16902714,38
1688345100,68.47,69.45,68.26,69.07,846.8348279,51
1688346000,69.32,69.7,68.95,69.07,62.90727922,23
1688346900,69.17,69.45,68.91,69.01,750.38096918,72
1688347800,68.93,69.23,67.71,67.84,634.86590851,69
1688348700,67.83,68.01,66.78,67.3,199.91806678,58
1688349600,67.05,67.56,66.77,67.18,196.08382261,26
1688350500,67.01,67.5,66.74,67.06,43.19030245,21
1688351400,67.11,67.25,66.56,66.56,26.00420013,11
1688352300,66.56,66.63,66.02,66.27,172.22595973,26
1688353200,66.0,66.26,65.76,65.76,83.53870883,14
1688354100,65.99,66.4,65.99,66.37,20.54211432,5
1688355000,66.41,66.41,66.13,66.18,21.82023202,10
1688355900,66.12,66.3,65.95,65.99,403.10927586,30
1688356800,65.87,66.23,65.68,66.23,267.09571807,30
1688357700,66.5,66.82,66.5,66.78,159.56134202,13
1688358600,66.14,66.43,66.08,66.32,108.87875069,8
1688359500,66.5,66.64,66.4,66.54,6.86970146,10
1688360400,66.19,66.19,63.75,65.33,317.82362109,61
1688361300,65.21,65.44,64.69,64.82,113.07672883,16
1688362200,65.03,65.11,64.94,65.11,28.26396546,10
1688363100,65.25,65.27,64.79,64.79,60.18465433,9
1688364000,64.72,64.72,64.23,64.23,11.29674,4
1688364900,64.09,64.1,62.76,63.06,118.20392555,27
1688365800,63.71,64.05,63.56,64.03,555.72394654,43
1688366700,64.01,64.56,63.98,64.56,353.56073117,29
1688367600,64.41,64.7,64.25,64.25,490.33714674,39
1688368500,64.16,64.46,64.12,64.12,766.87223227,44
1688369400,64.64,66.24,64.64,66.07,740.30262228,60
1688370300,65.79,66.4,65.51,65.81,15.21338313,22
1688371200,65.39,65.42,64.95,65.39,9.16302911,9
1688372100,65.44,65.52,64.99,65.01,56.08989353,6
1688373000,64.87,65.22,64.87,65.22,63.76512618,5
1688373900,64.9,65.0,64.9,65.0,3.52699141,5
1688374800,64.75,64.75,64.75,64.75,1.08783072,1
1688375700,64.58,64.58,64.11,64.11,18.33649754,9
1688376600,63.95,64.12,63.88,64.06,18.28996457,8
1688377500,64.18,64.32,64.18,64.21,68.27656315,9
1688378400,63.77,64.06,63.77,63.95,42.26962506,11
1688379300,63.68,63.68,61.52,61.82,402.18375933,58
1688380200,62.44,62.96,62.37,62.96,344.25471009,36
1688381100,62.99,63.08,62.68,62.85,162.4303913,18
1688382000,62.73,62.73,62.18,62.18,254.43414584,16
1688382900,62.29,62.45,62.0,62.27,56.67548783,13
1688383800,62.04,62.43,62.04,62.35,56.00755862,18
1688384700,62.17,62.27,62.1,62.21,32.40506622,7
1688385600,62.16,62.16,61.69,61.7,207.86634866,18
1688386500,61.46,61.62,61.03,61.33,1138.1712524,48
1688387400,61.26,62.19,61.26,62.06,188.93012838,42
1688388300,62.22,63.09,62.22,63.08,72.91807634,17
1688389200,63.1,63.27,62.52,62.53,114.97100743,12
1688390100,62.22,62.22,62.13,62.15,16.74278691,6
1688391000,62.58,62.73,62.3,62.73,1.27523463,3
1688391900,62.34,62.34,62.34,62.34,0.11,1
1688393700,62.73,63.07,62.72,63.04,34.10623733,13
1688394600,63.0,63.4,63.0,63.1,34.31667711,15
1688395500,62.77,63.09,62.77,63.09,136.08290813,16
1688396400,63.27,63.64,63.08,63.23,42.45826288,9
1688397300,63.32,64.38,63.32,64.28,120.46694635,33
1688398200,64.38,64.38,63.13,63.13,24.87752279,13
1688399100,63.39,63.64,63.39,63.62,140.26108715,13
1688400000,64.03,64.03,63.28,63.83,127.3626104,7
1688400900,64.15,64.15,63.44,63.58,13.25592527,11
1688401800,64.11,64.11,63.58,63.86,132.09453486,18
1688402700,64.12,64.12,63.83,63.83,6.34962078,5
1688403600,64.3,64.9,64.28,64.9,113.83652823,11
1688404500,64.95,65.38,64.54,65.04,324.35054113,29
1688405400,64.68,64.68,64.44,64.59,244.71126846,25
1688406300,64.63,64.86,64.44,64.86,338.09182637,34
1688407200,64.84,64.84,64.58,64.66,169.07635021,10
1688408100,64.36,64.4,63.92,63.92,10.61350194,12
1688409000,64.03,64.08,63.75,63.75,179.73264901,9
1688409900,63.76,64.1,63.76,64.1,98.24778157,9
1688410800,64.06,64.28,63.73,63.8,289.50688965,18
1688411700,63.8,64.1,63.8,64.1,8.40621626,6
1688412600,64.08,64.52,64.08,64.52,184.91905299,19
1688413500,64.56,65.14,64.08,64.21,399.22268406,29
1688414400,64.51,64.51,64.23,64.25,10.54745097,5
1688415300,64.2,64.35,64.01,64.01,175.66425687,11
1688416200,64.04,64.29,64.04,64.07,116.63623715,16
1688417100,64.04,64.04,63.88,64.01,52.79454733,9
1688418000,63.89,63.94,63.84,63.84,3.5341226,4
1688418900,63.77,64.03,63.77,64.03,6.14624324,2
1688419800,63.98,64.03,63.98,64.03,49.98538029,3
1688420700,63.46,63.46,63.45,63.45,12.43104223,3
1688421600,63.65,63.73,63.65,63.66,112.80861419,11
1688422500,63.31,63.31,62.7,62.7,313.96990628,21
1688423400,62.88,63.07,62.88,63.07,21.64729729,8
1688424300,63.2,63.2,63.2,63.2,2,1
1688425200,63.35,63.35,63.35,63.35,4.07032194,1
1688426100,63.37,63.41,63.35,63.41,7.98579414,3
1688427000,63.64,63.64,63.64,63.64,0.12038049,1
1688427900,63.51,63.62,63.44,63.44,17.86644486,6
1688428800,63.03,63.03,63.03,63.03,1.377,1
1688429700,63.0,63.04,62.76,62.76,54.45514541,10
1688431500,62.5,62.5,62.21,62.21,171.73708098,20
1688432400,62.4,62.63,62.23,62.23,164.05847956,16
1688433300,62.34,62.54,62.32,62.54,26.70799664,10
1688434200,62.06,62.06,61.6,61.6,127.73152684,13
1688435100,61.74,61.82,61.46,61.6,220.4633047,13
1688436000,61.64,62.14,61.59,61.59,25.48225432,9
1688436900,61.79,61.82,61.79,61.82,35.57651024,8
1688437800,61.6,61.6,61.45,61.45,119.74687331,7
1688438700,61.18,61.23,61.15,61.23,35.328,3
1688439600,61.51,61.51,61.51,61.51,1.35345525,1
1688440500,61.91,62.05,61.91,62.05,3.94097339,3
1688441400,62.2,62.42,61.9,62.42,199.00487784,14
1688442300,62.54,62.8,62.45,62.45,65.39206807,13
1688443200,62.45,62.45,61.83,61.83,137.25120859,10
1688444100,61.72,61.79,61.63,61.63,29.51745904,7
1688445000,62.52,63.25,62.52,63.21,5.64615476,6
1688445900,63.19,63.8,63.15,63.27,126.29155655,20
1688446800,63.42,64.56,63.04,64.38,37.02538975,12
1688447700,64.86,67.44,64.86,66.75,515.77669381,82
1688448600,66.82,70.66,66.82,69.98,1791.38142771,195
1688449500,69.81,70.28,68.32,68.32,337.38199148,62
1688450400,68.41,68.53,66.22,67.27,1998.12379854,159
1688451300,66.92,67.03,64.22,64.43,2650.78668515,178
1688452200,64.36,65.36,63.7,65.14,984.86332621,50
1688453100,65.14,65.25,64.31,64.71,526.67277855,37
1688454000,64.42,64.42,64.0,64.06,495.4264355,18
1688454900,64.56,64.89,64.0,64.0,83.4898907,20
1688455800,63.9,63.95,62.91,62.96,13.02025611,11
1688456700,63.22,63.22,62.47,63.15,23.12188831,9
1688457600,63.09,63.15,63.09,63.15,2.05847189,2
1688458500,62.45,62.77,62.38,62.63,51.06281507,12
1688459400,63.05,63.15,63.04,63.13,66.1236936,9
1688460300,62.8,62.8,62.79,62.79,2.07917059,2
1688461200,63.13,63.33,63.13,63.33,4.9872901,5
1688462100,62.98,62.98,62.98,62.98,0.15870496,1
1688463900,62.51,63.08,62.51,63.08,1.83616222,3
1688465700,62.77,62.77,62.77,62.77,3E+1,1
1688466600,62.9,63.25,62.87,63.25,107.80672285,8
1688467500,63.77,65.98,63.77,65.14,1082.10054712,88
1688468400,65.06,65.06,64.32,64.51,193.81437567,15
1688469300,64.17,64.24,63.77,64.24,5.40806061,7
1688470200,64.3,64.81,64.28,64.5,118.20044982,11
1688471100,65.17,65.17,65.07,65.07,1.97784413,2
1688472000,65.0,66.55,64.78,66.55,242.71673061,49
1688472900,66.55,67.01,65.83,66.12,578.51802014,33
1688473800,66.32,66.48,65.9,65.9,19.85525332,10
1688474700,65.83,65.83,65.08,65.4,8.34524087,9
1688475600,65.4,65.4,64.6,65.05,289.89613853,27
1688476500,64.76,64.96,64.56,64.76,98.07149653,18
1688477400,64.46,65.09,64.46,64.66,358.70781754,18
1688478300,64.86,65.15,64.83,64.83,12.57422402,6
1688479200,64.6,64.91,64.4,64.88,101.73519021,14
1688480100,65.36,65.58,65.36,65.52,50.25742559,9
1688481000,65.51,65.62,64.87,64.87,119.20913611,10
1688481900,64.78,64.78,64.24,64.32,157.54421624,22
1688482800,64.3,64.35,64.0,64.11,510.62059234,43
1688483700,64.39,64.39,63.58,63.69,46.81737173,10
1688484600,63.94,63.96,63.55,63.55,325.70249522,20
1688485500,63.71,63.71,63.71,63.71,0.74505939,1
1688486400,63.99,63.99,63.58,63.58,23.87297798,6
1688487300,63.89,64.7,63.86,64.7,106.23695068,16
1688488200,64.75,64.95,64.75,64.87,80.33342254,10
1688489100,64.44,64.44,63.69,63.75,63.63531224,13
1688490000,63.7,63.84,63.7,63.84,1.1847486,3
1688490900,64.3,64.33,64.3,64.33,4.94574,3
1688491800,64.1,64.1,63.56,63.74,155.00534957,15
1688492700,63.83,63.84,63.83,63.84,4.05493744,2
1688493600,63.36,63.45,63.33,63.43,18.93010255,5
1688494500,64.21,64.35,64.17,64.35,239.04793155,20
1688495400,64.44,64.57,64.44,64.57,0.89356686,4
1688496300,64.33,64.53,64.0,64.0,174.10837579,14
1688497200,63.95,63.95,63.77,63.77,26.16102008,3
1688498100,64.04,64.1,63.88,64.0,367.8889695,22
1688499000,63.78,63.78,63.37,63.7,224.42237884,13
1688499900,63.9,64.0,63.9,64.0,50.05058675,5
1688501700,64.05,64.09,64.05,64.09,4.91510948,4
1688502600,64.18,64.18,63.71,63.72,28.33783238,10
1688504400,63.46,63.46,63.37,63.41,7.74087873,6
1688505300,63.59,63.59,63.59,63.59,0.0967,1
1688506200,63.24,63.34,62.89,62.89,26.90895234,12
1688507100,62.89,63.11,62.86,63.11,79.36385927,12
1688508000,62.9,62.9,62.75,62.75,139.23857017,11
1688509800,62.62,62.72,62.48,62.72,69.33439365,5
1688510700,62.99,62.99,62.99,62.99,0.25773,1
1688512500,62.73,62.73,62.73,62.73,25.86859078,2
1688514300,62.45,62.45,62.45,62.45,0.12345877,1
1688515200,63.1,63.4,63.1,63.4,23.11137871,4
1688516100,63.5,64.86,63.5,64.86,253.25451551,28
1688517000,65.0,65.0,63.84,63.97,187.60275443,13
1688517900,64.09,64.2,64.09,64.2,33.70635181,6
1688518800,64.4,64.53,64.4,64.53,2.7699028,3
1688519700,64.83,64.83,64.73,64.73,12.21260699,4
1688520600,63.99,63.99,63.77,63.77,0.66858208,2
1688523300,63.48,63.48,63.48,63.48,1.75083,1
1688524200,63.85,63.85,63.85,63.85,0.03173,1
1688525100,64.3,64.33,64.3,64.33,10.52920502,3
1688526000,64.21,64.29,63.99,64.0,32.62660977,9
1688528700,63.22,63.45,63.22,63.45,135.20411861,21
1688530500,63.92,64.23,63.92,64.23,25.00706919,7
1688531400,64.19,64.19,64.01,64.16,350.24017886,15
1688532300,64.13,64.13,63.89,63.89,5.1102438,2
1688533200,64.56,65.83,64.56,65.82,369.6950274,40
1688534100,65.76,65.76,64.17,64.24,113.42494945,14
1688535000,64.17,64.17,63.77,63.77,13.11576149,5
1688535900,63.78,63.78,63.71,63.71,5.17488,4
1688536800,64.25,64.27,64.25,64.27,1.96517612,2
1688537700,64.23,64.23,64.23,64.23,3.30420233,1
1688538600,64.15,64.36,64.11,64.11,24.82495443,6
1688541300,63.52,63.52,63.23,63.23,23.20294967,4
1688542200,63.54,63.54,63.54,63.54,0.88133459,1
1688543100,63.61,63.61,63.57,63.57,15.78846999,3
1688544000,63.4,63.4,63.4,63.4,0.42844845,1
1688544900,63.1,63.1,61.14,61.36,328.82820348,71
1688545800,61.78,61.95,61.33,61.33,7.29742157,4
1688546700,61.94,62.22,61.9,62.22,509.95719004,27
1688547600,62.73,62.73,62.6,62.6,12.71945634,5
1688548500,62.46,62.5,62.28,62.28,30.01784,5
1688549400,62.34,62.34,62.34,62.34,2.05043045,2
1688550300,61.46,61.46,60.18,60.18,204.19704993,28
1688551200,60.64,60.9,60.59,60.63,49.14478631,10
1688552100,60.18,60.86,59.36,59.36,268.24651735,35
1688553000,59.44,59.78,56.78,58.98,557.79574656,103
1688553900,58.6,58.6,57.58,58.01,767.16734776,63
1688554800,58.38,58.85,58.13,58.51,238.73705004,32
1688555700,58.47,58.72,57.83,57.83,306.56287569,48
1688556600,57.93,58.32,57.93,58.19,5.36438442,8
1688557500,58.24,58.24,57.88,58.06,39.56800053,9
1688558400,57.79,58.05,57.79,57.96,10.99703571,6
1688559300,58.51,58.51,58.32,58.42,40.44382516,6
1688560200,58.39,58.39,58.07,58.07,44.24383877,6
1688561100,57.79,57.79,56.67,57.05,231.91213257,35
1688562000,57.4,57.46,57.4,57.46,2.24865196,2
1688562900,57.42,57.58,57.42,57.58,11.68576147,5
1688563800,57.44,57.47,56.95,57.41,218.37241139,25
1688564700,57.22,57.37,56.93,57.37,43.09784801,10
1688565600,57.26,57.26,56.56,56.69,34.09766833,13
1688566500,56.69,57.83,56.69,57.77,98.55076867,20
1688567400,57.64,57.64,56.59,56.9,821.46648733,58
1688568300,56.79,56.79,56.79,56.79,0.2,1
1688569200,56.5,56.69,55.2,55.2,280.36809161,61
1688570100,55.2,55.95,54.72,55.7,285.73296572,30
1688571000,55.57,55.73,55.31,55.38,51.51206531,9
1688571900,55.27,55.37,54.83,55.37,49.42108772,6
1688572800,55.57,57.76,55.57,57.04,1402.0544863,109
1688573700,57.38,58.24,57.35,58.02,1160.49005388,74
1688574600,58.03,58.29,57.98,58.11,75.35817433,9
1688575500,57.97,58.53,57.9,58.47,28.75686947,8
1688576400,58.64,59.24,58.32,59.19,216.74598892,31
1688577300,59.13,59.13,58.47,58.47,76.44244412,4
1688578200,58.28,58.28,58.09,58.09,20.90976223,5
1688579100,58.11,58.28,58.1,58.28,12.17008297,6
1688580000,58.31,58.49,58.01,58.01,72.65127664,13
1688580900,57.79,57.79,57.61,57.72,10.7599032,6
1688581800,57.48,57.48,57.35,57.35,38.40672459,8
1688582700,57.24,57.24,57.24,57.24,1.25748518,1
1688583600,57.21,57.7,57.21,57.7,11.41690336,6
1688584500,57.44,57.44,57.38,57.38,7.53987324,2
1688585400,57.24,57.27,57.24,57.27,1.15761,2
1688586300,57.2,57.21,57.09,57.12,36.34154328,11
1688587200,57.12,57.12,57.0,57.0,31.2693407,4
1688588100,57.43,57.48,57.43,57.43,3E+1,6
1688589900,57.25,57.36,57.25,57.25,49.46754478,8
1688590800,57.33,57.39,57.23,57.39,32.83239984,4
1688591700,57.41,57.47,57.4,57.41,80.6674508,7
1688592600,57.21,57.43,57.19,57.43,47.07706461,11
1688594400,57.79,57.98,57.79,57.98,9.47031568,3
1688595300,58.25,58.34,58.23,58.23,160.37099121,9
1688596200,58.05,58.06,57.92,57.92,26.7079549,4
1688597100,58.28,58.36,58.27,58.36,14.67591091,3
1688598000,58.3,58.64,58.3,58.64,8.9532438,5
1688598900,59.1,59.23,59.1,59.23,30.67908084,6
1688599800,59.26,60.18,59.26,59.71,206.7681917,37
1688600700,59.89,60.05,59.59,59.59,10.41706445,3
1688601600,59.34,59.35,58.62,58.77,48.24954096,19
1688602500,58.72,59.2,58.72,59.19,41.67139215,18
1688603400,59.46,59.46,58.76,58.76,88.15913748,16
1688604300,59.42,59.62,59.32,59.43,6.1539762,5
1688605200,59.65,59.8,58.86,58.86,34.05551227,46
1688606100,59.26,59.27,59.26,59.27,0.30019789,2
1688607000,59.97,60.71,59.97,60.71,35.26096917,14
1688607900,60.82,62.03,60.82,61.81,143.4227409,36
1688608800,61.49,61.49,60.82,61.09,124.22451107,14
1688609700,60.98,60.98,60.98,60.98,3.67578,1
1688610600,60.91,60.98,60.91,60.93,18.4025762,4
1688611500,60.93,60.93,60.93,60.93,0.68274,1
1688612400,60.86,60.86,60.04,60.16,88.45150547,16
1688613300,59.99,59.99,59.8,59.8,41.12955974,8
1688614200,60.2,60.23,60.11,60.11,30.86926229,7
1688615100,60.33,60.33,60.3,60.3,49.34102,6
1688616000,60.35,60.35,59.93,59.93,23.02,2
1688616900,59.88,59.88,59.88,59.88,1.77578059,1
1688617800,59.62,59.62,59.27,59.34,66.86681878,12
1688618700,59.49,59.49,59.37,59.37,42.24320828,5
1688619600,59.23,59.49,59.23,59.49,0.8471973,3
1688620500,59.78,60.83,59.78,60.83,12.63081897,9
1688621400,60.83,61.52,60.76,61.32,96.35810043,26
1688622300,61.61,61.61,61.33,61.33,3.87005571,2
1688623200,60.71,60.71,60.63,60.63,0.74966233,2
1688624100,61.46,62.36,61.46,62.36,40.64347904,22
1688625000,62.45,63.33,61.67,61.77,74.15899052,35
1688625900,61.89,61.98,61.52,61.52,64.67934466,7
1688626800,61.83,62.15,61.83,62.15,8.32074155,3
1688627700,62.15,62.36,61.87,61.87,4021.31586988,250
1688628600,61.88,62.1,61.88,62.05,75.64310553,8
1688629500,62.23,62.73,62.23,62.51,142.90661907,14
1688630400,62.36,62.66,62.06,62.06,158.37225311,11
1688631300,62.74,63.6,62.69,63.08,159.36687026,26
1688632200,63.39,63.45,63.26,63.4,13.47544349,9
1688633100,63.46,63.85,63.46,63.85,21.35028288,5
1688634000,63.86,63.86,62.92,62.92,126.70248138,13
1688634900,63.06,63.17,62.86,63.12,57.19827536,10
1688635800,62.88,62.88,62.75,62.77,41.37479546,5
1688636700,62.54,62.54,62.15,62.15,23.55951603,7
1688637600,62.2,62.2,61.83,61.87,38.17264861,8
1688638500,61.92,61.92,61.39,61.54,703.69340296,33
1688639400,61.55,61.73,61.17,61.73,23.48620808,6
1688640300,61.85,62.14,61.85,62.14,10.67567333,2
1688641200,61.64,61.64,61.29,61.29,13.2998553,3
1688643000,61.02,61.02,60.77,60.77,5.50487493,6
1688643900,60.71,60.71,59.68,60.3,272.23042763,30
1688644800,60.38,60.38,58.5,58.95,2025.64884056,128
1688645700,58.79,59.23,58.79,59.23,4.22591957,2
1688646600,58.62,59.26,58.51,59.26,14.24375956,7
1688647500,59.23,59.48,59.23,59.48,23.12032986,2
1688648400,59.97,59.97,59.7,59.7,0.60839986,2
1688649300,59.28,59.28,59.23,59.23,15.31484693,5
1688650200,58.86,58.86,58.29,58.44,23.01846329,10
1688651100,58.16,58.3,57.97,57.97,5.0922527,7
1688652000,58.35,58.35,57.09,57.8,464.93662342,40
1688652900,57.79,57.79,56.85,56.85,48.61471366,17
1688653800,57.21,58.39,57.09,58.39,86.77616038,14
1688654700,57.87,58.09,57.87,58.06,2.76731795,4
1688655600,57.84,57.9,57.66,57.67,21.62679586,8
1688656500,57.82,58.12,57.82,58.03,74.64333623,7
1688657400,58.27,58.27,58.0,58.11,2.45165809,3
1688658300,57.84,58.12,57.79,58.12,15.76971741,7
1688659200,58.22,58.45,58.19,58.25,60.02033813,13
1688660100,58.3,58.3,57.72,57.72,50.81046897,22
1688661000,57.8,57.8,56.68,56.68,55.19350315,17
1688661900,56.65,57.35,56.39,57.35,59.51503595,15
1688662800,57.59,57.74,57.3,57.3,15.67845432,8
1688663700,57.36,57.36,57.36,57.36,0.11,1
1688664600,57.79,57.79,57.75,57.75,0.81495495,2
1688665500,57.51,57.66,57.51,57.66,58.97664987,11
1688666400,57.98,58.41,57.98,58.41,24.26440527,6
1688667300,58.37,58.51,58.01,58.02,2082.57320555,92
1688668200,57.79,57.79,57.68,57.68,5.79398828,2
1688669100,57.66,57.66,57.66,57.66,0.28799,1
1688670000,57.78,57.82,57.73,57.73,126.05904016,8
1688671800,57.45,57.45,57.26,57.39,3.74392314,5
1688672700,57.39,57.39,57.09,57.09,62.70795474,11
1688673600,57.46,57.57,57.46,57.57,1.11846169,6
1688674500,57.79,57.8,57.79,57.8,1.84998096,2
1688675400,57.93,57.93,57.88,57.88,0.28348,2
1688676300,57.93,57.95,57.93,57.95,12.0838277,2
1688677200,57.8,57.86,57.54,57.54,37.98800963,7
1688678100,57.2,57.2,57.09,57.09,9.21264338,6
1688679000,57.34,57.34,57.3,57.3,23.36906455,4
1688680800,57.77,57.79,57.62,57.62,1.90005996,6
1688681700,57.61,57.61,57.41,57.41,3.53025918,3
1688682600,57.64,57.64,57.64,57.64,0.06393,1
1688684400,57.09,57.26,56.97,57.26,67.66510389,10
1688685300,56.78,56.8,56.78,56.8,17.74173425,2
1688686200,56.71,56.71,56.71,56.71,2.09093765,1
1688687100,56.58,56.58,56.35,56.51,131.41769825,11
1688688000,56.28,57.18,55.48,57.18,270.46182794,53
1688688900,57.17,57.17,56.38,56.39,31.65299588,9
1688690700,56.98,57.01,56.59,56.64,17.98494065,6
1688691600,57.09,57.19,56.89,56.89,9.21787962,4
1688694300,57.33,58.18,57.33,58.06,48.33162078,13
1688695200,57.97,58.06,57.97,57.98,5.42764839,4
1688696100,57.96,58.4,57.96,58.4,120.6570533,17
1688697000,58.49,58.52,57.9,57.9,14.38087467,7
1688698800,57.79,57.79,57.79,57.79,0.57743555,1
1688699700,57.86,58.88,57.86,58.57,20.05583731,8
1688700600,58.88,59.04,58.79,59.01,20.22323104,12
1688701500,58.77,58.81,58.53,58.53,16.44473046,6
1688702400,58.5,58.53,58.5,58.52,1.13497126,3
1688704200,57.97,57.97,57.79,57.87,0.99739596,4
1688706000,57.43,57.43,57.04,57.04,98.64852177,15
1688706900,57.62,58.59,57.62,58.59,30.92758678,23
1688707800,58.21,58.21,57.79,57.79,3.82787962,3
1688708700,57.7,59.46,57.7,58.74,1011.07349569,87
1688709600,58.83,59.1,58.18,58.18,42.06617566,13
1688710500,58.28,58.28,58.07,58.07,25.41868207,7
1688711400,57.82,57.91,57.82,57.91,1.30698545,2
1688712300,57.79,57.79,57.7,57.7,1.39330903,2
1688713200,57.69,57.69,57.34,57.34,19.10593177,11
1688714100,57.53,57.58,57.53,57.58,1.92714,2
1688715000,57.34,57.8,57.34,57.65,362.97251737,18
1688715900,57.66,58.54,57.66,58.36,391.01504241,34
1688716800,58.15,58.15,57.7,57.87,51.57157467,12
1688717700,58.42,58.42,58.42,58.42,2.02973425,1
1688718600,58.1,58.8,58.1,58.75,34.53434004,10
1688719500,58.91,58.91,58.91,58.91,3.3979,1
1688720400,59.04,59.23,59.04,59.05,21.29064058,5
1688721300,59.0,59.03,58.85,58.99,22.81798544,5
1688722200,58.91,58.91,58.91,58.91,232.33005193,6
1688723100,58.51,58.51,58.38,58.38,3.41633856,4
1688724000,58.21,58.21,56.98,57.05,182.21097761,38
1688724900,56.99,57.24,56.68,57.24,34.47258318,13
1688726700,56.8,56.8,55.34,56.17,367.12449486,42
1688727600,56.16,56.16,55.35,55.35,31.13272409,6
1688728500,56.0,56.0,56.0,56.0,52.67468727,2
1688729400,56.0,56.0,56.0,56.0,1.16328565,1
1688730300,55.74,55.74,55.06,55.06,65.34261153,6
1688731200,55.27,55.43,55.18,55.43,98.69485634,7
1688732100,55.5,55.61,54.34,54.46,255.44932934,90
1688733000,54.51,56.12,54.51,55.02,49.52398254,26
1688733900,55.09,55.09,54.72,54.72,12.90620587,5
1688734800,54.34,54.34,54.1,54.15,33.60817114,10
1688735700,54.24,54.62,54.24,54.62,2.58378647,2
1688736600,54.95,54.95,54.7,54.7,67.26173451,8
1688737500,55.02,55.76,55.02,55.49,124.46711665,23
1688738400,55.61,55.87,55.61,55.87,53.61740091,13
1688739300,55.51,56.12,55.51,56.12,31.24190365,4
1688740200,56.1,56.63,56.1,56.54,268.93361825,30
1688741100,56.51,56.51,56.42,56.43,125.0875822,32
1688742000,56.44,56.44,56.08,56.08,45.90010604,8
1688742900,55.87,55.87,55.7,55.72,185.93448527,13
1688743800,55.63,55.63,55.63,55.63,2.00039921,1
1688744700,55.72,55.79,55.72,55.79,115.12159409,7
1688745600,55.75,56.41,55.75,56.41,5.54993921,5
1688748300,56.27,56.27,56.27,56.27,1.86215514,1
1688749200,55.88,55.91,55.88,55.91,1.13496719,2
1688752800,55.92,55.98,55.92,55.97,42.94237311,4
1688753700,56.02,56.02,56.02,56.02,0.24382412,1
1688754600,55.74,55.74,55.7,55.7,0.96339234,2
1688756400,56.11,56.18,56.11,56.18,36.1392285,4
1688760000,55.94,55.94,55.85,55.85,0.41331435,3
1688760900,55.84,55.84,55.84,55.84,6.12331109,2
1688762700,56.16,56.16,56.16,56.16,0.01754,1
1688763600,55.95,55.95,55.95,55.95,4.46771628,1
1688766300,55.93,55.93,55.93,55.93,0.22367,1
1688767200,55.99,55.99,55.81,55.81,1.78751616,2
1688768100,55.69,55.69,55.69,55.69,0.05506,1
1688769900,55.69,55.69,55.6,55.6,311.40182114,18
1688770800,55.9,55.9,55.9,55.9,0.16343757,1
1688773500,55.66,55.66,55.66,55.66,0.18,1
1688774400,55.62,55.62,55.62,55.62,1.99823166,1
1688777100,55.94,55.94,55.94,55.94,20.49964477,3
1688778900,56.08,57.0,56.06,57.0,51.81386297,10
1688779800,57.07,57.18,56.89,56.89,2.24244928,5
1688780700,56.57,56.77,56.57,56.77,0.76015802,2
1688781600,56.71,56.92,56.71,56.92,1.16418672,3
1688782500,56.68,57.18,56.68,57.16,25.0921406,6
1688784300,57.28,57.39,56.98,56.98,40.58586986,6
1688785200,56.73,56.86,56.7,56.85,26.18804696,7
1688787000,56.64,56.64,56.64,56.64,0.51980206,1
1688787900,56.56,56.56,56.39,56.39,18.06164041,2
1688788800,56.28,56.28,56.13,56.13,4.32908439,2
1688792400,56.28,56.28,56.23,56.23,1E+2,12
1688793300,56.19,56.26,56.19,56.26,0.82245683,2
1688796900,56.13,56.13,56.06,56.06,1E+2,13
1688797800,56.15,56.15,56.15,56.15,1.7816782,1
1688798700,56.75,56.75,56.75,56.75,14.85,1
1688805000,57.05,57.05,57.05,57.05,8.95477475,1
1688805900,56.34,56.34,56.34,56.34,8.94044697,1
1688807700,56.13,56.13,56.13,56.13,3.5597,1
1688809500,55.87,55.87,55.86,55.87,8.09123891,6
1688810400,55.87,55.87,55.83,55.87,61.58494,29
1688811300,55.7,55.7,55.62,55.62,7.82998502,3
1688812200,55.43,55.43,54.9,54.97,165.970313,15
1688813100,54.78,54.78,54.66,54.66,5.78795237,5
1688814000,54.86,54.86,54.48,54.48,13.18199174,5
1688814900,54.48,54.48,53.91,53.91,72.78690126,10
1688815800,53.78,53.78,53.27,53.45,174.65780664,23
1688816700,53.65,53.65,53.65,53.65,1.43,1
1688817600,53.66,53.66,53.66,53.66,1.43,1
1688818500,53.54,53.76,53.54,53.7,73.41727744,7
1688819400,53.91,54.23,53.91,54.04,72.25565629,9
1688820300,53.6,53.6,53.6,53.6,0.93283582,1
1688821200,53.6,53.85,53.6,53.85,18.91644561,3
1688822100,53.85,54.03,53.85,54.03,29.11828666,3
1688823000,54.1,54.1,54.1,54.1,0.32077595,1
1688823900,54.19,54.19,54.16,54.16,1.6900749,2
1688824800,54.01,54.01,54.01,54.01,2.12128,1
1688826600,54.34,54.37,54.34,54.37,5.21976204,2
1688827500,53.96,53.96,53.86,53.87,37.62724044,4
1688828400,53.68,53.68,53.68,53.68,0.6216468,1
1688830200,54.09,54.09,54.09,54.09,0.92438528,1
1688831100,54.0,54.0,53.84,53.84,2.98190509,4
1688833800,53.9,53.9,53.52,53.57,2311.91896378,64
1688834700,53.7,53.7,53.68,53.7,53.07715739,7
1688836500,53.57,53.57,53.46,53.48,13.23704111,5
1688837400,53.43,53.43,53.38,53.38,3.17306,3
1688838300,53.41,53.41,53.41,53.41,3.52264,1
1688839200,53.34,53.34,53.34,53.34,0.37216554,1
1688840100,53.28,53.28,53.28,53.28,1,1
1688841000,53.76,53.77,53.76,53.77,1.51,3
1688841900,53.78,53.78,53.68,53.68,8.1070497,2
1688842800,53.67,53.67,53.67,53.67,0.1721,1
1688843700,53.35,53.35,52.79,53.22,87.75634132,34
1688844600,53.4,53.47,53.4,53.47,10.92448023,3
1688845500,53.23,53.23,53.23,53.23,1.10984,1
1688847300,53.02,53.02,53.02,53.02,1.88714851,1
1688848200,53.12,53.12,53.12,53.12,5.90260599,1
1688849100,53.25,53.32,53.25,53.3,50.06898224,5
1688850900,53.17,53.27,53.17,53.27,120.18693727,10
1688851800,53.33,53.33,53.33,53.33,2.82845619,1
1688852700,53.21,53.21,53.21,53.21,1E+2,3
1688856300,53.67,53.68,53.67,53.68,28.35425066,3
1688857200,53.66,53.66,53.66,53.66,0.66341798,1
1688858100,53.47,53.47,53.47,53.47,0.03364,1
1688859000,53.54,53.54,53.54,53.54,0.56679872,1
1688859900,53.8,54.03,53.8,54.03,2.07283635,4
1688860800,53.98,54.07,53.75,53.75,2.46881329,5
1688861700,53.87,53.89,53.87,53.89,2.3630641,2
1688862600,53.77,54.15,53.77,54.15,44.68393316,4
1688864400,54.26,54.57,54.26,54.57,33.10808022,4
1688865300,54.48,54.48,54.33,54.38,68.83661076,15
1688866200,54.25,54.25,54.06,54.06,0.88770069,2
1688868000,53.9,53.95,53.9,53.9,41.33547754,3
1688868900,54.11,54.11,54.11,54.11,0.54955119,1
1688869800,53.68,53.68,53.68,53.68,0.6216468,1
1688870700,53.71,53.71,53.71,53.71,2.82138456,1
1688871600,53.51,53.51,53.51,53.51,16.35757802,4
1688873400,53.52,53.88,53.52,53.83,30.2474548,8
1688874300,53.72,53.72,53.72,53.72,21.12080785,3
1688875200,53.56,53.56,53.55,53.55,2.45079423,2
1688876100,53.36,53.36,53.28,53.3,20.99816,7
1688877000,53.49,53.51,53.42,53.42,11.68133186,6
1688879700,53.15,53.15,53.14,53.14,5.60821778,2
1688881500,53.02,53.02,52.78,52.78,27.80629157,4
1688882400,52.64,52.64,52.38,52.38,45.9603955,17
1688883300,52.28,52.28,51.96,52.02,51.27940011,16
1688885100,52.22,52.22,52.14,52.21,100.6084136,11
1688886000,52.13,52.13,51.89,51.89,44.6355605,5
1688886900,51.98,51.98,51.98,51.98,10.80816,1
1688887800,52.21,52.21,51.89,51.89,0.2982183,2
1688888700,52.09,52.21,52.09,52.21,2.0192,3
1688890500,52.72,52.79,52.63,52.63,0.82272379,3
1688891400,52.45,52.45,52.45,52.45,1.15939071,1
1688892300,52.43,52.43,52.43,52.43,0.25588813,1
1688893200,52.74,52.74,52.74,52.74,3.79218809,1
1688894100,52.55,52.55,52.37,52.37,57.27947263,3
1688895900,52.6,52.6,52.6,52.6,0.2127248,1
1688898600,52.57,52.57,52.55,52.55,21.12080785,3
1688899500,52.48,52.48,52.48,52.48,0.9527439,1
1688900400,52.41,52.41,52.41,52.41,5.7002209,2
1688901300,52.55,52.55,52.55,52.55,0.14018108,1
1688902200,52.69,52.69,52.69,52.69,0.26171259,1
1688904000,52.67,52.67,52.67,52.67,16.33121286,2
1688905800,52.99,53.6,52.99,53.6,90.18916487,20
1688906700,53.6,55.02,53.6,54.98,771.10217856,52
1688907600,55.03,55.41,54.83,55.3,332.74220499,32
1688908500,55.29,57.35,55.29,57.0,164.68775716,51
1688909400,56.87,58.35,56.37,58.04,1222.24162383,122
1688910300,58.04,58.26,57.88,57.95,292.42990718,55
1688911200,57.69,58.28,57.69,58.03,56.02997503,26
1688912100,58.2,58.73,58.03,58.27,246.66657823,64
1688913000,58.78,60.14,58.76,59.93,872.7141161,129
1688913900,59.97,60.71,59.68,60.48,116.22539706,34
1688914800,60.24,61.07,60.2,60.31,514.13618783,65
1688915700,60.29,60.46,59.89,60.27,81.66692223,23
1688916600,60.06,60.07,59.27,59.35,17.47095148,12
1688917500,59.28,59.79,58.8,59.79,75.85392213,24
1688918400,59.82,60.2,59.61,60.2,161.88788002,16
1688919300,59.99,60.4,59.98,59.98,56.3274584,9
1688920200,60.2,60.39,59.97,60.28,103.76712871,8
1688921100,59.99,59.99,59.99,59.99,1.66760771,1
1688922000,60.01,60.29,59.99,60.29,22.7281813,5
1688922900,60.47,63.04,60.47,61.45,1258.54939274,141
1688923800,61.54,62.22,61.21,61.73,315.18908638,77
1688924700,61.68,61.75,61.3,61.35,123.50702739,28
1688925600,61.46,61.8,61.46,61.67,19.43584513,22
1688926500,61.84,61.84,61.37,61.44,168.34268994,30
1688927400,61.4,61.51,61.36,61.43,39.36860513,11
1688929200,61.4,61.4,59.99,60.18,39.07800239,19
1688930100,60.1,60.11,60.1,60.11,3.7569808,3
1688931000,60.2,60.2,59.95,60.15,53.22331044,12
1688931900,60.22,60.22,60.22,60.22,3.33640046,2
1688932800,60.11,60.62,60.11,60.62,7.96085341,3
1688933700,60.64,60.77,60.54,60.58,12.39259143,9
1688934600,60.19,60.19,60.06,60.06,3.16947175,3
1688935500,60.07,60.07,60.06,60.06,1.433792,2
1688936400,60.4,60.4,60.07,60.07,10.92,3
1688937300,60.07,60.35,60.0,60.35,10.83499517,5
1688938200,60.42,60.95,60.42,60.68,260.53877047,20
1688939100,60.93,60.93,60.93,60.93,4.1030691,1
1688940000,60.52,60.52,60.06,60.06,3.74911279,3
1688940900,60.09,60.21,60.01,60.21,149.79183505,13
1688941800,60.22,60.54,60.22,60.54,107.10202624,9
1688942700,60.7,60.74,60.55,60.55,28.07992329,10
1688943600,60.66,60.69,60.55,60.68,21.90339593,9
1688944500,60.51,60.51,60.48,60.48,0.97975054,2
1688945400,60.21,60.26,60.06,60.08,43.20334279,8
1688946300,60.25,60.25,60.25,60.25,33.51502872,2
1688947200,59.97,59.97,58.64,59.35,234.77760623,35
1688948100,59.36,59.36,58.71,59.15,223.86613464,73
1688949000,58.91,59.45,58.91,59.15,83.13355199,13
1688949900,58.97,58.97,58.97,58.97,3.3887,1
1688950800,58.71,58.71,57.96,58.16,107.69323503,31
1688951700,58.11,59.57,58.11,59.57,120.66355321,34
1688952600,58.88,59.21,58.88,59.21,15.32717705,3
1688953500,58.87,58.87,58.51,58.51,3.28955959,4
1688954400,58.6,58.87,58.6,58.87,171.25748013,14
1688955300,58.63,58.63,58.63,58.63,0.43336,1
1688956200,59.07,60.38,59.07,59.83,641.46167274,96
1688957100,60.25,60.43,60.1,60.1,10.87673703,10
1688958000,59.83,59.83,59.51,59.74,141.03511618,15
1688958900,59.8,59.83,59.8,59.8,6.97794307,5
1688959800,59.37,59.37,59.36,59.36,1.10381,2
1688960700,59.52,59.52,59.23,59.27,1.59095621,4
1688961600,59.36,59.42,58.97,58.97,51.00702031,8
1688963400,58.92,58.96,58.92,58.93,17.09519638,5
1688964300,59.59,59.59,59.54,59.54,3.55209205,2
1688965200,59.33,59.55,59.32,59.55,173.29530754,19
1688966100,59.66,59.66,59.19,59.19,2.12838,5
1688967900,58.71,58.81,58.5,58.5,127.94611947,32
1688968800,58.39,58.53,58.34,58.53,54.63746703,10
1688969700,58.45,58.76,58.45,58.76,16.17516448,2
1688970600,58.49,58.49,58.11,58.11,21.58756577,8
1688971500,58.24,58.25,57.58,57.58,193.60544803,24
1688972400,57.96,58.02,57.96,58.02,0.36755,2
1688973300,58.12,58.12,57.82,57.82,20.11121292,3
1688974200,58.1,58.11,57.66,57.66,17.93823235,6
1688975100,57.48,57.48,57.26,57.31,21.15736154,11
1688976000,57.52,57.52,57.27,57.27,11.64412516,5
1688976900,57.21,57.79,57.09,57.79,221.31949353,19
1688977800,57.87,57.87,57.87,57.87,1.31884134,1
1688978700,57.89,58.02,57.87,58.02,5.77415424,3
1688979600,57.6,57.76,57.6,57.76,1.64863306,2
1688980500,57.54,58.51,57.33,58.5,365.45089405,19
1688981400,58.75,58.75,58.5,58.5,142.56105273,9
1688983200,58.27,58.35,58.27,58.35,4.39161837,2
1688984100,58.37,58.8,58.37,58.8,3.49834,2
1688985000,58.89,59.23,58.89,59.23,139.0965083,16
1688985900,59.2,59.64,59.06,59.06,42.22897515,15
1688986800,59.22,59.46,59.22,59.46,2.78122858,3
1688987700,59.42,59.42,59.42,59.42,3.7793684,1
1688988600,58.98,59.0,58.79,58.85,22.75013365,8
1688989500,58.81,58.81,58.81,58.81,0.42513635,1
1688990400,59.01,59.01,59.01,59.01,0.42420113,1
1688991300,59.23,60.77,59.23,60.34,173.04637894,24
1688992200,60.62,62.57,60.62,61.66,264.05057732,89
1688993100,61.44,61.62,60.67,60.67,205.11924129,28
1688994000,60.98,61.01,60.97,61.01,9.74955871,3
1688994900,60.71,61.29,60.66,61.15,103.43321806,24
1688995800,61.23,61.31,61.12,61.23,36.68280255,15
1688996700,61.21,61.79,60.86,60.86,207.31787044,22
1688997600,60.71,60.71,59.97,60.06,28.69892138,17
1688998500,60.03,60.03,60.0,60.01,7.9485362,4
1688999400,60.0,60.01,59.37,59.4,38.02461023,15
1689000300,59.59,59.7,59.59,59.68,143.97019175,24
1689001200,59.72,59.72,59.27,59.27,16.2674274,6
1689002100,59.23,59.23,58.86,58.86,6.56373543,5
1689003000,59.15,59.15,58.95,59.01,17.32166587,6
1689003900,58.71,58.71,58.25,58.25,54.65554052,16
1689004800,58.11,58.42,58.11,58.42,4.49337373,5
1689005700,58.48,58.48,58.15,58.15,2.04275,2
1689006600,58.26,58.37,58.26,58.37,51,11
1689007500,58.53,58.56,58.51,58.51,40.11,10
1689008400,58.56,58.72,58.56,58.72,1.31234092,2
1689009300,58.49,58.49,58.49,58.49,1.8800205,1
1689010200,58.48,58.48,58.45,58.45,0.57352564,2
1689011100,58.39,58.39,58.31,58.31,5.49261,3
1689012900,58.36,58.37,58.36,58.37,0.09435,2
1689013800,58.43,58.97,58.43,58.97,54.48471751,4
1689014700,59.01,59.01,58.95,59.0,25.433792,11
1689015600,59.13,59.23,59.12,59.12,130.73917027,10
1689016500,59.09,59.15,59.01,59.01,56.03087132,7
1689017400,59.02,59.07,58.9,58.9,25.13302,4
1689018300,59.1,59.68,59.1,59.68,11.62645005,5
1689019200,59.79,59.97,59.79,59.97,40.15876018,6
1689020100,60.14,60.25,59.61,59.99,8.30965256,8
1689022800,59.34,59.34,59.34,59.34,0.50008334,1
1689023700,59.27,60.11,59.27,60.11,312.10485205,18
1689024600,60.03,60.81,60.03,60.81,45.16995312,14
1689025500,60.94,60.96,60.06,60.06,31.55961969,8
1689026400,59.97,59.97,59.61,59.61,26.41810705,3
1689027300,59.41,59.48,59.16,59.35,289.10003899,42
1689028200,59.78,59.78,59.78,59.78,2E+1,3
1689029100,59.14,59.14,59.01,59.01,7.2159,2
1689031800,58.97,59.27,58.97,59.27,85.1557,8
1689032700,59.03,59.03,59.03,59.03,5,2
1689033600,59.54,60.34,59.54,60.34,329.39075263,23
1689034500,60.18,60.18,59.99,60.01,24.13859987,5
1689035400,60.31,60.31,60.16,60.16,4.42926633,2
1689038100,60.36,60.39,60.02,60.03,331.52481907,16
1689039900,60.0,60.0,59.59,59.59,7.70346432,4
1689040800,59.4,59.41,59.35,59.41,31.22222222,4
1689041700,59.51,59.51,59.51,59.51,0.27262145,1
1689042600,59.51,59.51,59.23,59.23,21.44808435,3
1689043500,59.16,59.16,58.87,58.87,0.59850033,2
1689044400,59.07,59.07,59.07,59.07,3.8693229,1
1689045300,59.14,59.14,58.84,58.84,7.01654009,4
1689047100,59.14,59.14,59.14,59.14,17.51598742,1
1689048000,59.79,59.97,59.79,59.97,0.73036168,2
1689048900,60.24,60.81,60.24,60.63,38.66068636,15
1689049800,60.61,61.75,60.58,61.75,337.47791441,66
1689050700,61.89,63.5,61.61,63.5,645.28841453,119
1689051600,63.5,64.49,63.08,63.26,285.72894182,72
1689052500,63.53,63.91,63.45,63.5,159.85047063,37
1689053400,64.01,64.7,64.01,64.7,230.05930352,25
1689054300,64.86,66.18,64.01,64.28,737.31577881,91
1689055200,64.17,64.2,63.41,63.6,147.12751789,25
1689056100,63.49,63.49,63.33,63.33,25.40324842,8
1689057000,63.39,63.42,63.39,63.42,4.98459739,2
1689057900,63.29,63.7,63.29,63.66,5.76023777,4
1689058800,64.01,64.3,63.58,63.59,328.68715112,28
1689059700,63.6,63.81,63.6,63.81,117.16918978,11
1689060600,63.75,63.91,63.74,63.91,50.1204573,10
1689061500,63.75,63.75,63.74,63.74,55.96490339,2
1689062400,64.0,65.48,64.0,64.74,191.11842075,28
1689063300,64.66,64.66,64.29,64.41,23.83494969,11
1689064200,64.35,64.35,64.35,64.35,0.31051079,1
1689066000,64.06,64.56,63.54,64.4,671.16737889,47
1689066900,64.24,64.24,64.1,64.14,24.3214933,7
1689067800,64.12,64.12,64.12,64.12,1.76469605,1
1689068700,64.92,65.2,64.92,65.2,24.91377797,6
1689069600,65.18,65.62,64.79,64.79,41.14712207,23
1689070500,64.56,64.56,64.56,64.56,0.51688352,1
1689071400,65.02,65.84,65.02,65.55,69.69118304,9
1689072300,65.67,65.99,65.44,65.74,126.41393473,22
1689073200,65.65,65.78,65.65,65.78,11.41924169,3
1689074100,66.1,66.18,65.95,65.95,5.02910135,5
1689075000,66.12,66.78,64.84,64.84,128.43999134,18
1689075900,64.79,65.37,64.79,65.31,21.21525495,10
1689076800,64.7,64.7,64.3,64.3,146.71855423,17
1689077700,64.31,64.71,64.31,64.65,76.90098864,8
1689078600,64.89,65.14,64.88,65.14,41.0528988,15
1689079500,64.85,65.7,64.85,65.7,385.75979887,29
1689080400,65.69,66.01,65.69,66.01,23.07771405,10
1689081300,65.98,66.02,65.84,65.84,12.39576091,5
1689082200,65.93,66.66,65.86,65.91,520.26775141,29
1689083100,66.44,66.78,66.18,66.62,702.71980348,28
1689084000,66.8,67.06,66.08,66.29,110.88899792,23
1689084900,66.35,66.92,66.35,66.72,65.69454098,13
1689085800,66.86,68.22,66.86,68.22,47.24339443,26
1689086700,68.15,68.25,67.49,67.62,83.67020194,49
1689087600,67.26,67.5,67.2,67.33,4.32518954,9
1689088500,66.98,66.98,65.84,66.0,986.35237974,108
1689089400,66.04,66.29,65.83,66.23,72.98871169,17
1689090300,66.17,66.17,66.16,66.17,9.16012925,3
1689091200,66.37,66.37,65.5,65.68,64.2633007,16
1689092100,65.91,65.91,65.75,65.77,36.01122251,11
1689093000,65.84,65.84,65.7,65.73,5.10555019,4
1689093900,65.92,66.11,65.92,66.1,23.05759022,7
1689094800,66.26,66.33,66.2,66.2,1.40769056,5
1689095700,66.19,66.19,65.82,65.83,5.87858615,5
1689096600,65.85,65.85,65.52,65.52,37.30161108,10
1689097500,65.73,65.95,65.67,65.9,370.49839832,22
1689098400,65.94,66.47,65.89,66.47,11.41625582,17
1689099300,66.49,67.26,66.49,66.98,89.20730365,20
1689100200,66.41,66.41,66.1,66.1,3.35610289,10
1689101100,66.28,66.28,65.81,65.81,21.7079248,9
1689102000,65.9,66.18,65.56,66.18,6.35833148,8
1689102900,66.14,66.49,66.14,66.49,0.42062469,3
1689103800,66.36,66.36,66.28,66.28,3.0201989,2
1689104700,66.11,66.11,65.87,65.87,233.47508878,13
1689105600,66.09,66.5,66.09,66.32,158.46787793,19
1689107400,65.88,65.95,65.5,65.5,29.97709462,13
1689108300,65.5,65.59,65.37,65.52,77.02373783,11
1689109200,65.49,65.49,65.49,65.49,0.12503,1
1689110100,65.4,65.56,65.4,65.56,3.11645775,2
1689111900,65.64,65.87,65.64,65.87,3.35012773,3
1689112800,65.99,66.41,65.99,66.41,152.64134274,14
1689113700,66.22,66.49,66.21,66.49,36.76256795,8
1689114600,65.78,65.78,65.78,65.78,0.2501,2
1689117300,65.86,65.86,65.69,65.7,1.14169787,4
1689118200,65.98,65.99,65.73,65.73,15.17017031,4
1689119100,66.32,66.49,66.32,66.49,59.68336101,5
1689120000,66.33,67.32,66.33,66.69,29.73071077,13
1689120900,67.45,68.43,67.45,67.57,86.32813298,23
1689121800,68.35,68.8,68.35,68.73,118.95205899,18
1689122700,68.35,68.45,68.05,68.25,118.3073662,22
1689123600,67.86,68.63,67.57,68.63,31.39553509,10
1689124500,68.33,68.93,68.3,68.47,39.61537812,16
1689125400,68.3,68.3,67.95,67.95,5.11548711,2
1689126300,67.84,68.13,67.8,68.13,21.3080164,11
1689127200,67.58,67.66,67.16,67.16,21.79082701,6
1689128100,67.15,67.3,66.98,67.1,13.42307326,5
1689129000,67.34,67.34,67.28,67.28,50.21824531,3
1689129900,67.26,67.26,67.26,67.26,0.11186454,1
1689131700,66.62,66.62,66.41,66.53,34.04341268,8
1689132600,66.46,66.5,66.32,66.32,93.55079259,9
1689133500,66.18,66.18,66.07,66.07,35.90148852,4
1689134400,66.21,66.21,66.2,66.2,2.02981479,2
1689135300,66.1,66.33,66.01,66.33,120.94094201,11
1689136200,66.24,66.59,66.24,66.59,5.31,3
1689137100,66.51,66.51,66.51,66.51,15.03544429,1
1689138000,66.3,66.69,66.3,66.6,55.68319933,8
1689139800,66.59,66.59,66.5,66.5,113.6937877,9
1689140700,66.98,67.09,66.58,66.58,37.778181,12
1689141600,66.5,66.5,66.42,66.43,18.88197486,3
1689142500,67.11,67.49,67.11,67.32,9.13957708,5
1689143400,67.28,67.5,67.08,67.08,94.93657187,9
1689144300,66.92,66.92,66.92,66.92,1.15375905,1
1689146100,66.86,66.86,66.84,66.84,7.57883158,2
1689147000,66.87,66.9,66.53,66.58,24.88370767,9
1689147900,66.51,66.53,66.39,66.51,23.02961672,7
1689148800,66.61,66.61,66.61,66.61,1.77923437,1
1689149700,67.04,67.04,66.29,66.29,41.6939065,4
1689153300,66.79,66.79,66.62,66.73,15.58451279,4
1689156000,67.36,67.36,66.8,66.8,2.78171,3
1689156900,66.75,66.77,66.74,66.77,91.93142996,5
1689157800,66.94,67.01,66.94,66.97,36.01998505,3
1689158700,67.08,67.08,67.08,67.08,0.64051,1
1689159600,67.19,67.2,66.88,66.88,74.76996177,7
1689160500,66.88,67.01,66.81,67.01,52.82666852,4
1689161400,67.15,67.38,67.03,67.24,248.48585793,20
1689162300,67.24,67.24,67.22,67.22,35.47949858,5
1689164100,66.88,66.93,66.81,66.81,3E+1,8
1689165000,67.26,68.24,67.08,67.54,77.37231282,15
1689165900,66.98,66.98,66.04,66.04,96.80427963,19
1689166800,66.58,66.58,66.58,66.58,0.39117,1
1689167700,66.54,66.54,66.12,66.12,10.75102395,3
1689168600,66.32,66.36,65.71,66.05,71.90942986,15
1689169500,66.15,66.24,66.15,66.24,8.94037495,2
1689170400,66.28,66.33,66.15,66.15,17.97729523,3
1689171300,65.85,65.85,65.59,65.59,15.16318,7
1689172200,65.51,65.9,65.51,65.9,40.11287503,9
1689173100,66.08,66.1,66.08,66.1,13.26682461,2
1689174000,66.0,66.0,65.91,66.0,21.95199,4
1689174900,66.08,66.19,66.08,66.19,22.36586,3
1689175800,66.34,66.34,66.09,66.09,14.26846548,4
1689176700,66.0,66.12,65.9,66.12,6.93888308,4
1689177600,66.16,66.58,66.16,66.35,37.10266797,13
1689178500,66.41,66.46,66.41,66.46,5.70912498,2
1689179400,66.02,66.02,66.02,66.02,1.18792906,1
1689180300,66.29,66.53,66.28,66.53,59.3544319,12
1689181200,66.74,66.74,66.5,66.5,110.2255639,9
1689182100,66.33,67.1,66.33,67.09,19.44723944,61
1689183000,67.09,67.17,66.95,66.95,12.43061669,10
1689183900,66.63,66.63,66.63,66.63,0.280429,1
1689184800,66.52,66.53,66.52,66.53,4.79745678,2
1689186600,66.49,66.49,66.49,66.49,0.74723345,2
1689187500,66.3,66.3,66.17,66.21,30.293945,9
1689189300,65.97,65.97,65.11,65.73,155.1896609,24
1689190200,65.32,65.32,64.68,65.04,374.56697863,31
1689191100,65.21,65.22,65.21,65.22,0.55842122,2
1689192000,65.4,65.76,65.4,65.61,7.2408568,9
1689193800,65.26,65.26,65.26,65.26,0.28684,1
1689194700,65.24,65.63,65.24,65.63,0.212,4
1689195600,65.7,65.7,65.5,65.5,0.08014,2
1689197400,65.31,65.31,65.31,65.31,3.46649118,1
1689199200,65.3,65.3,65.3,65.3,2.09420307,2
1689202800,65.85,65.85,65.85,65.85,0.28559528,1
1689203700,65.85,67.85,65.85,67.05,154.07482964,39
1689204600,67.01,74.07,66.96,70.56,524.88372484,148
1689205500,70.43,71.28,70.43,71.0,395.52995291,38
1689206400,70.81,73.01,70.69,72.15,401.4742497,67
1689207300,71.96,71.96,70.23,70.23,164.69643664,21
1689208200,70.3,70.34,69.33,69.33,155.15598549,24
1689209100,69.43,70.32,69.0,70.32,214.13243591,43
1689210000,69.94,70.94,69.56,70.3,588.03908611,77
1689210900,70.24,70.6,70.16,70.32,145.44284977,13
1689211800,70.31,70.63,70.28,70.56,46.77536552,16
1689212700,70.94,72.01,70.8,71.42,33.01740449,18
1689213600,71.38,72.31,71.21,72.19,147.81094994,17
1689214500,72.08,72.45,71.65,71.77,22.48996958,15
1689215400,72.37,72.37,70.97,70.97,212.98059561,35
1689216300,70.93,71.26,70.71,71.26,82.19015624,17
1689217200,71.28,71.4,70.19,70.45,260.70580053,25
1689218100,70.22,70.22,69.67,69.67,185.36394995,28
1689219000,69.52,69.6,68.99,68.99,73.78238371,15
1689219900,69.17,69.19,69.17,69.19,30.56438756,4
1689220800,69.02,69.02,68.64,68.73,106.81945488,15
1689221700,68.99,69.2,68.99,69.2,52.39946152,9
1689222600,69.54,69.54,69.17,69.17,3.36880693,3
1689223500,69.26,69.94,69.22,69.82,164.47107282,31
1689224400,69.79,69.79,69.59,69.59,11.62075429,5
1689225300,69.66,69.75,69.66,69.75,44.00559514,8
1689226200,69.81,69.93,69.53,69.53,9.81156,5
1689227100,69.33,69.51,69.33,69.51,0.32911793,2
1689228000,69.25,69.25,69.22,69.22,20.93122965,3
1689228900,68.98,69.0,68.69,69.0,6.17456638,16
1689229800,69.0,69.54,69.0,69.32,7.72703171,4
1689230700,69.2,69.6,69.2,69.6,7.77020397,7
1689231600,69.2,69.2,69.2,69.2,2.83350334,1
1689232500,68.98,69.3,68.98,69.3,0.33308539,2
1689233400,69.52,69.54,69.12,69.54,6.8616303,7
1689234300,69.62,69.62,69.62,69.62,0.19988006,1
1689235200,69.61,69.65,69.61,69.65,15.14960988,4
1689236100,69.62,70.59,69.57,70.59,59.25902637,19
1689237000,70.02,70.13,70.02,70.08,19.86557147,5
1689237900,70.32,70.37,70.31,70.31,9.25476017,5
1689238800,70.39,70.68,70.39,70.68,11.26642508,4
1689240600,70.21,70.25,69.93,69.93,194.56878996,13
1689241500,70.15,70.19,70.12,70.19,12,3
1689242400,70.21,70.21,70.21,70.21,1.5,1
1689243300,70.0,70.3,70.0,70.3,0.34367,2
1689244200,70.36,70.62,70.36,70.61,52.21342999,9
1689246000,70.02,70.02,69.88,69.88,4.01192544,3
1689246900,69.9,69.9,69.64,69.76,420.75246899,37
1689247800,69.85,69.85,69.54,69.54,116.739133,14
1689249600,69.69,69.94,69.69,69.94,375.46881599,43
1689250500,70.0,70.0,69.71,69.71,77.98983479,11
1689251400,69.62,69.62,69.62,69.62,0.01,1
1689252300,69.8,69.8,69.34,69.41,258.9834622,22
1689253200,69.33,69.54,69.05,69.54,6.9182836,5
1689254100,69.54,69.89,69.5,69.89,45.78513704,9
1689255900,70.04,70.24,70.04,70.24,16.38636335,8
1689256800,70.12,70.12,70.09,70.11,86.674692,8
1689257700,70.3,70.72,70.3,70.61,5.42046191,12
1689258600,70.69,71.37,70.66,70.8,198.62268582,36
1689259500,70.82,70.82,70.37,70.37,12.41929014,5
1689260400,70.23,70.62,70.23,70.62,0.75073041,3
1689261300,70.94,71.28,70.76,70.76,48.97294043,16
1689262200,70.91,72.05,70.91,71.31,19.19755611,25
1689263100,71.47,72.03,70.95,70.98,198.80879164,27
1689264000,71.24,71.27,70.37,70.37,125.24696038,19
1689264900,70.34,70.37,69.65,70.16,312.96685323,53
1689265800,69.67,69.85,69.4,69.4,103.18195676,19
1689266700,69.41,69.63,69.14,69.23,17.66112538,8
1689267600,69.0,69.0,68.5,68.84,207.33404968,30
1689268500,68.85,69.2,68.85,69.05,130.04819224,18
1689269400,69.05,70.33,69.05,69.33,551.43833625,35
1689270300,69.49,70.07,69.49,70.07,257.72848,31
1689271200,70.09,71.3,70.09,71.12,313.25699668,41
1689272100,71.09,72.63,70.23,71.32,98.9648622,57
1689273000,71.14,71.14,70.23,70.51,629.33858877,90
1689273900,70.37,70.37,69.51,70.02,769.06573464,55
1689274800,70.03,70.03,69.99,69.99,5E+1,4
1689275700,69.93,70.24,69.75,70.24,10.08938273,7
1689276600,70.24,70.25,69.74,69.74,23.29837554,8
1689277500,69.67,69.67,69.37,69.37,219.52385263,15
1689278400,69.45,70.69,69.45,70.35,103.33372494,18
1689279300,70.02,70.24,69.57,69.78,300.67414623,50
1689280200,69.48,69.48,68.72,68.72,152.9078139,21
1689281100,68.94,68.94,68.14,68.52,23.0507244,14
1689282000,68.66,68.66,67.78,67.92,97.85363413,16
1689282900,68.17,68.17,67.9,67.97,5.17862,5
1689283800,67.88,68.18,67.88,68.17,10.06545,5
1689284700,68.32,68.57,68.31,68.57,13.87237224,8
1689286500,68.86,69.05,68.86,69.04,3.78867048,3
1689287400,68.99,68.99,68.99,68.99,4.51155831,1
1689288300,68.57,68.57,68.31,68.34,16.94538107,9
1689289200,68.35,68.86,68.35,68.73,34.04791937,10
1689291000,69.2,69.2,69.11,69.11,267.87391671,12
1689291900,69.18,69.75,69.18,69.75,97.59728568,12
1689292800,69.61,69.61,68.76,68.76,46.00305266,11
1689293700,68.7,69.54,68.7,68.98,9.96499555,6
1689294600,69.26,69.95,69.26,69.95,28.02471469,12
1689295500,69.92,70.59,69.88,69.88,119.78500304,24
1689296400,69.79,69.79,69.48,69.74,2.60791561,4
1689297300,70.24,70.31,70.03,70.03,10.99320509,5
1689298200,69.96,69.96,69.66,69.66,26.52989577,10
1689299100,69.34,70.25,69.2,70.1,47.84163674,16
1689300000,70.13,70.13,69.96,69.98,16.493681,5
1689300900,69.74,70.14,69.74,70.09,4.57728,3
1689301800,69.84,69.84,69.84,69.84,2.93164566,1
1689302700,69.88,69.91,69.86,69.86,13.12241143,3
1689303600,69.86,70.23,69.73,70.23,71.30816818,11
1689304500,70.29,70.34,70.29,70.34,4.16696424,3
1689305400,70.29,70.37,70.29,70.37,13.66789149,2
1689306300,70.56,70.66,70.56,70.61,115.44024734,15
1689307200,70.17,70.18,70.17,70.18,42.4850991,5
1689308100,70.02,70.02,70.02,70.02,43.11175356,4
1689309000,69.69,69.69,69.33,69.33,141.73608868,17
1689309900,69.31,69.31,69.1,69.1,18.78896716,3
1689310800,69.08,69.11,68.89,68.89,7.52497751,5
1689311700,68.89,69.0,68.87,69.0,10.08916,3
1689313500,69.0,69.24,69.0,69.24,118.49371882,8
1689314400,69.16,69.16,69.15,69.15,4.31512821,2
1689315300,69.13,69.13,68.51,68.51,100.1849641,12
1689316200,68.5,68.59,68.46,68.54,32.02419809,7
1689317100,68.32,68.32,67.78,67.78,13.74504606,10
1689318000,67.75,67.93,67.75,67.92,3.52113466,3
1689318900,67.86,67.86,66.75,67.03,116.45374417,28
1689320700,67.35,67.35,67.26,67.26,0.64497,2
1689321600,67.22,67.96,67.22,67.96,9.98647198,5
1689323400,67.86,68.0,67.86,67.93,114.46212185,9
1689324300,68.18,68.18,68.18,68.18,0.27589509,1
1689325200,68.46,68.51,68.16,68.22,12.96819435,9
1689327000,68.08,68.08,67.92,67.92,0.6672727,3
1689328800,68.51,68.64,68.51,68.64,7.13229468,6
1689329700,68.58,68.58,68.57,68.57,0.43863002,2
1689330600,67.96,67.96,67.96,67.96,0.27494092,1
1689331500,67.91,67.91,67.91,67.91,2.50752506,2
1689332400,68.16,69.2,68.16,68.54,741.32600175,53
1689333300,68.63,68.73,68.63,68.72,3.93567383,3
1689334200,68.61,68.61,68.44,68.44,2.9190723,2
1689335100,68.7,68.7,68.6,68.6,24.7803982,19
1689336000,68.45,68.45,68.45,68.45,19.50276,2
1689336900,68.3,68.52,68.3,68.52,4.23808962,9
1689337800,68.44,68.44,68.3,68.3,1.12060569,3
1689338700,68.42,68.45,68.12,68.45,103.06604198,11
1689339600,68.35,68.86,68.35,68.86,6.33720298,5
1689340500,68.98,69.62,68.98,69.41,92.02693296,23
1689341400,69.75,70.0,69.29,69.29,91.63908412,18
1689342300,68.98,68.98,68.98,68.98,0.27087539,1
1689343200,68.95,68.95,68.64,68.64,22.570428,5
1689344100,68.46,68.46,68.31,68.31,7.97786119,4
1689345000,68.3,68.56,68.11,68.56,112.56046461,17
1689345900,68.69,68.69,68.48,68.48,5.35580401,2
1689346800,68.82,68.86,68.81,68.86,52.39091227,6
1689347700,69.2,69.7,69.2,69.7,258.89621377,20
1689348600,69.89,69.96,69.33,69.33,34.91776148,7
1689349500,69.59,69.7,69.59,69.7,6.25241,3
1689350400,69.72,69.79,69.72,69.76,2.50750344,4
1689351300,69.41,69.41,68.46,68.56,8.16326583,7
1689352200,68.3,69.64,68.2,69.64,220.65455047,28
1689353100,69.36,69.57,69.36,69.57,4.33283145,5
1689354000,68.98,68.98,68.98,68.98,0.48619364,2
1689354900,69.09,71.03,68.64,70.37,116.1736069,45
1689355800,70.22,72.37,69.92,69.92,353.08457728,62
1689356700,70.08,70.94,70.02,70.85,75.2963961,18
1689357600,70.85,71.57,70.85,71.57,22.96704742,11
1689358500,70.71,70.71,69.06,69.74,278.48215665,60
1689359400,69.67,69.67,68.58,68.78,55.45658375,41
1689360300,68.5,69.2,68.5,68.76,8.57807935,7
1689361200,68.64,70.34,68.46,70.34,128.40403382,33
1689362100,70.36,70.79,69.67,70.42,66.90273269,17
1689363000,70.59,70.8,69.94,70.8,32.91298689,9
1689363900,70.27,70.27,69.85,69.85,0.73202116,3
1689364800,69.67,69.67,68.98,69.54,1.72011573,5
1689365700,69.57,69.57,69.11,69.11,26.78515,5
1689366600,68.98,69.06,68.96,68.96,75.33559269,8
1689367500,68.64,68.79,68.64,68.79,12.72687043,3
1689368400,68.71,68.88,68.71,68.75,14.92819607,7
1689369300,68.81,68.81,68.81,68.81,7.07320504,3
1689371100,68.78,68.81,68.71,68.71,43.57216049,6
1689372000,68.59,68.67,68.22,68.22,5.25949777,9
1689372900,68.21,68.21,67.89,67.89,97.90972794,11
1689373800,67.79,67.79,67.29,67.29,7.70586801,9
1689374700,67.24,67.24,66.43,66.43,9.22383734,12
1689375600,66.48,66.84,66.17,66.84,186.44277144,25
1689376500,67.0,67.34,67.0,67.34,1.21117578,4
1689377400,67.02,67.04,66.63,66.63,10.86311498,4
1689378300,66.73,66.73,66.73,66.73,0.8,1
1689379200,66.64,66.89,65.78,65.78,193.14727428,19
1689380100,66.05,66.14,66.05,66.08,43.30154529,8
1689381000,65.91,65.91,65.85,65.89,5.79936372,3
1689381900,66.51,66.77,66.51,66.77,3.55870826,4
1689382800,66.84,66.84,66.78,66.78,2.53915962,3
1689383700,66.45,66.45,66.45,66.45,1.07229,1
1689384600,66.3,66.3,66.3,66.3,0.2818248,1
1689385500,66.35,66.51,66.35,66.51,5.00015767,2
1689386400,66.1,66.1,65.89,65.89,4.02289549,5
1689387300,65.66,65.66,65.27,65.27,10.94058036,9
1689388200,65.43,65.81,65.43,65.81,2.03094836,4
1689389100,65.85,65.85,65.64,65.64,2.57084388,2
1689390000,65.61,65.72,65.42,65.72,119.20993769,13
1689390900,65.6,65.6,65.6,65.6,0.96271419,1
1689391800,65.91,65.91,65.8,65.81,3.39464182,4
1689392700,65.8,65.8,65.8,65.8,0.16717325,1
1689395400,65.56,65.56,65.43,65.43,2.27469657,2
1689397200,65.63,65.63,65.63,65.63,0.30372428,2
1689398100,65.55,65.55,65.55,65.55,0.30515715,1
1689399000,65.42,65.42,65.32,65.39,9.10265952,4
1689399900,65.47,65.47,65.47,65.47,1.45172987,1
1689400800,65.48,65.69,65.48,65.69,47.99438373,7
1689403500,65.5,65.5,65.5,65.5,91.60305343,4
1689404400,65.81,66.19,65.8,66.19,68.70936833,7
1689405300,66.18,66.18,66.05,66.05,2.14916,2
1689406200,66.21,68.51,66.21,68.51,333.13933846,77
1689407100,68.74,71.94,68.74,71.0,588.9085143,107
1689408000,71.58,73.57,70.65,73.02,280.47304041,79
1689408900,73.47,73.93,72.67,73.79,587.0331112,56
1689409800,73.61,75.1,73.61,74.47,651.67475345,80
1689410700,74.14,74.97,73.89,74.97,377.15969622,42
1689411600,75.27,76.17,73.54,74.44,635.67805468,90
1689412500,74.5,74.97,74.5,74.96,33.93113655,13
1689413400,74.75,75.72,74.6,74.94,519.62089337,34
1689414300,74.75,74.75,73.33,73.37,423.06566474,49
1689415200,73.52,73.89,73.22,73.35,110.17685635,16
1689416100,73.51,73.85,73.25,73.25,20.79454257,8
1689417000,73.78,73.85,73.78,73.85,16.25472744,5
1689417900,74.19,74.22,74.05,74.05,4.13486772,4
1689418800,74.36,76.09,74.36,74.98,1175.5118106,115
1689419700,75.17,75.44,74.6,75.44,538.59801774,64
1689420600,75.72,77.39,75.49,77.01,284.03896583,97
1689421500,77.33,78.1,76.1,76.32,476.46593451,101
1689422400,76.7,76.7,75.33,75.85,182.82923118,21
1689423300,76.09,76.22,75.03,75.87,407.9896609,76
1689424200,76.1,76.8,75.87,75.97,90.15489061,33
1689425100,76.14,76.19,75.39,75.4,44.93949723,24
1689426000,75.21,75.34,75.11,75.34,32.47248578,12
1689426900,75.49,75.72,74.96,75.72,14.57582124,9
1689427800,75.14,75.15,74.73,74.86,63.30802681,19
1689428700,74.49,75.02,74.47,75.02,28.70328035,14
1689429600,75.18,75.36,75.06,75.09,603.12386065,44
1689430500,75.11,75.35,75.11,75.15,28.22491789,11
1689431400,75.06,75.06,74.73,74.73,176.21645832,21
1689432300,74.48,74.53,73.6,73.8,52.23360049,29
1689433200,74.01,74.22,73.49,74.22,542.94049109,60
1689434100,74.84,75.07,74.84,75.07,37.07366271,12
1689435000,74.83,74.88,74.83,74.88,18.17628222,6
1689435900,74.78,74.92,74.71,74.71,291.82004305,27
1689436800,74.88,74.88,73.89,74.07,53.39108406,11
1689437700,73.97,74.55,73.8,74.53,63.47186458,10
1689438600,74.84,75.82,74.84,75.5,238.62345564,46
1689439500,75.49,76.54,75.33,76.52,234.44519556,67
1689440400,76.39,76.39,75.87,76.1,41.48326975,31
1689441300,76.2,76.44,76.2,76.24,90.12917535,20
1689442200,76.36,77.25,75.49,75.61,112.19713487,40
1689443100,75.59,75.59,74.73,74.73,4.95995895,8
1689444000,74.44,75.07,74.44,74.95,18.07663951,10
1689444900,74.57,74.59,74.57,74.59,2.38827943,3
1689445800,75.34,75.49,75.11,75.28,5.22468937,8
1689446700,75.6,75.6,75.37,75.37,23.21019183,11
1689447600,75.4,75.93,75.4,75.68,11.49262932,11
1689448500,75.85,75.85,75.61,75.61,2.45016532,4
1689449400,75.91,75.93,75.46,75.55,55.12418487,9
1689451200,75.4,75.4,75.4,75.4,20.00617596,2
1689452100,75.38,75.38,75.19,75.23,8.21112955,4
1689453000,75.42,75.76,75.42,75.76,3.07175539,4
1689453900,75.36,75.36,75.26,75.26,0.53479,2
1689454800,75.12,75.12,74.84,74.84,30.83300037,7
1689455700,74.73,74.73,74.49,74.64,2.95334908,5
1689456600,74.76,74.76,74.76,74.76,0.09499,1
1689457500,75.08,75.2,74.98,75.08,152.29474118,17
1689458400,74.92,74.92,74.92,74.92,2.61552,1
1689459300,74.62,74.62,74.55,74.55,104.3581075,10
1689460200,75.34,75.34,75.34,75.34,0.24968266,1
1689461100,75.38,75.64,75.38,75.51,444.82477456,19
1689462000,75.72,75.8,75.72,75.8,1.04050924,2
1689462900,76.1,76.1,75.91,75.91,4.26940477,5
1689463800,76.32,76.33,76.18,76.29,19.35129424,7
1689464700,76.07,76.15,76.07,76.15,17.68,2
1689465600,76.0,76.5,75.46,75.85,43.63951833,20
1689466500,75.82,75.82,74.36,74.77,48.37997777,20
1689467400,74.95,75.17,74.83,75.08,24.94528966,11
1689468300,75.18,75.18,74.92,75.03,19.66028269,5
1689469200,75.07,75.54,74.95,75.54,28.91971606,10
1689470100,75.21,75.21,75.14,75.14,5E+1,8
1689471000,75.64,75.8,75.64,75.8,2.34494067,5
1689471900,76.1,77.09,75.86,76.88,54.92192535,30
1689472800,76.71,76.71,75.94,75.94,26.89712913,11
1689473700,75.87,76.1,74.94,76.1,30.35426331,20
1689474600,75.9,76.24,75.61,76.19,461.16058709,68
1689475500,76.43,76.77,76.33,76.59,38.51924811,13
1689476400,76.61,78.55,76.09,76.09,44.2250983,46
1689477300,76.2,77.93,76.2,77.05,41.87510295,23
1689478200,77.61,78.07,77.41,77.41,44.96319317,10
1689479100,77.77,77.77,76.77,76.77,28.33526973,12
1689480000,76.63,79.64,76.62,79.32,163.62374538,56
1689480900,78.58,79.25,78.1,78.51,136.60991871,28
1689481800,78.49,78.78,76.95,77.3,354.44322396,58
1689482700,76.95,77.65,76.95,77.07,31.29326305,7
1689483600,77.36,78.35,77.36,78.09,22.81623203,12
1689484500,78.43,78.88,77.98,78.88,31.56702395,11
1689485400,78.78,79.32,78.66,79.08,190.45802413,47
1689486300,78.58,78.73,78.36,78.36,4.02987228,6
1689487200,78.77,79.22,78.72,79.22,8.39426868,5
1689488100,79.2,79.9,79.11,79.6,179.25112843,41
1689489000,79.64,81.64,79.64,80.76,218.58474668,72
1689489900,80.42,81.91,80.18,81.62,171.20018935,39
1689490800,81.53,83.04,81.53,82.14,111.82948188,59
1689491700,82.47,85.26,82.41,84.38,211.4349569,85
1689492600,84.48,85.97,80.18,80.49,510.62214835,144
1689493500,80.78,81.65,79.85,80.02,311.64153036,74
1689494400,80.23,80.31,78.67,80.01,683.47434642,80
1689495300,79.91,81.37,79.69,80.86,225.23474626,67
1689496200,80.77,82.31,80.77,82.11,17.434933,20
1689497100,82.08,82.6,82.05,82.15,185.41607096,27
1689498000,81.86,82.6,80.77,80.77,127.0665427,29
1689498900,80.76,80.91,80.17,80.91,87.03868009,30
1689499800,80.76,80.96,80.12,80.12,127.06503711,17
1689500700,80.02,80.02,79.16,79.22,83.01829665,14
1689501600,79.67,79.77,78.8,78.8,47.03804595,22
1689502500,78.93,79.28,78.79,79.28,147.28833347,28
1689503400,79.48,80.14,79.4,79.51,273.72777892,40
1689504300,79.5,79.5,79.38,79.38,6.39151581,3
1689505200,79.3,79.3,78.71,78.71,3.1821781,5
1689506100,79.32,79.65,79.32,79.65,15.17124251,6
1689507000,79.65,80.19,79.49,80.12,76.0502385,12
1689507900,79.86,79.86,79.86,79.86,7,2
1689508800,79.6,79.6,79.34,79.34,74.58800788,7
1689509700,79.51,79.51,79.51,79.51,0.84152,1
1689510600,79.38,79.57,79.38,79.57,7.11277178,3
1689511500,79.77,80.23,79.77,80.23,1.30884635,4
1689512400,79.97,81.05,79.97,80.95,34.69783582,29
1689513300,81.17,81.17,80.39,80.39,71.41265739,9
1689514200,80.56,80.7,80.33,80.5,113.05481412,19
1689515100,80.84,80.85,80.53,80.53,2.98789296,5
1689516000,80.18,80.18,79.62,79.62,93.40170354,24
1689516900,79.49,79.75,79.31,79.44,72.26053027,24
1689517800,79.57,79.59,79.33,79.53,89.96220353,17
1689518700,79.64,80.03,79.52,80.03,103.67362732,10
1689519600,80.28,80.44,79.96,79.99,36.73309584,17
1689520500,79.78,79.92,79.68,79.71,18.1477968,7
1689521400,79.8,79.8,77.41,77.93,328.52577117,95
1689522300,77.95,77.95,76.87,77.04,203.35116178,61
1689523200,76.93,77.61,76.74,77.61,13.99326274,8
1689524100,77.55,78.83,77.55,78.83,186.70145645,28
1689525000,78.85,79.02,77.94,77.94,100.65491244,24
1689525900,77.93,77.93,77.41,77.63,35.42068407,12
1689526800,77.67,77.73,77.67,77.73,1.05861621,3
1689527700,78.04,78.04,77.6,77.6,3.35932032,5
1689528600,77.59,77.59,77.41,77.41,3.6456472,3
1689529500,77.86,78.12,77.82,78.12,3.73316471,4
1689530400,78.43,78.48,78.41,78.48,7.9012362,6
1689531300,78.26,78.33,77.98,77.98,89.57024334,8
1689532200,78.14,78.25,78.14,78.25,96.78433833,9
1689534000,78.22,78.36,78.16,78.29,93.56846542,16
1689534900,78.04,78.04,77.61,77.88,38.62964729,9
1689535800,78.11,78.3,77.7,77.7,6.52729221,6
1689536700,77.64,77.64,76.96,77.14,111.41872783,13
1689537600,77.3,77.43,77.3,77.43,0.3036,2
1689538500,77.23,77.65,77.23,77.65,43.24502808,11
1689539400,77.91,78.09,77.91,78.09,1.4450408,3
1689541200,77.41,77.41,77.08,77.08,109.52252831,10
1689542100,77.02,77.32,77.0,77.32,5.44407583,4
1689543000,77.17,77.34,76.85,77.28,136.15831657,20
1689543900,77.32,77.32,77.05,77.05,13.35509732,12
1689544800,77.0,78.04,76.41,78.04,182.76151662,44
1689545700,77.98,78.32,77.73,77.94,218.47039501,29
1689546600,77.61,77.61,77.52,77.58,18.77972801,5
1689547500,77.6,78.07,77.59,78.07,5.3726267,4
1689548400,77.9,77.95,77.55,77.74,148.74982915,27
1689549300,77.62,77.89,77.41,77.41,20.18250503,11
1689550200,77.02,77.16,76.77,77.16,9.56762648,10
1689552000,77.33,78.46,77.33,78.46,8.81176825,9
1689552900,78.72,79.0,77.89,77.89,79.29165624,20
1689553800,77.92,77.92,77.75,77.75,1.85088052,4
1689554700,77.48,77.48,76.6,76.87,124.65231642,19
1689555600,76.73,76.73,75.87,76.09,207.90702928,41
1689556500,75.95,75.95,75.58,75.58,48.92301647,18
1689557400,75.84,76.21,75.84,76.18,1.41440316,5
1689558300,76.11,76.11,75.73,75.91,19.29426852,10
1689559200,76.25,76.44,76.25,76.3,58.19660796,4
1689560100,76.34,77.02,76.34,77.02,3.21327024,9
1689561000,77.02,77.02,76.74,76.74,126.1755028,5
1689561900,76.57,76.63,76.44,76.49,48.01206111,9
1689562800,76.58,76.65,76.58,76.65,28.69428491,6
1689564600,76.8,76.8,76.8,76.8,0.31882,1
1689565500,76.51,76.66,76.46,76.51,302.76133519,20
1689566400,76.38,76.41,76.04,76.28,42.00754036,10
1689567300,76.18,76.21,76.05,76.05,6.63339395,3
1689568200,76.12,76.12,75.28,75.52,127.28332407,38
1689569100,75.42,75.53,75.33,75.53,30.91905388,14
1689570000,75.72,75.88,75.72,75.88,1.33118846,3
1689570900,75.55,75.55,75.46,75.46,1.17594,2
1689571800,75.38,75.38,74.73,74.73,28.30008909,26
1689572700,74.61,74.62,74.24,74.27,21.12069685,12
1689573600,74.19,74.19,73.68,73.88,100.27830381,24
1689574500,73.78,74.5,73.78,74.5,34.54832569,15
1689575400,74.46,74.46,74.23,74.43,78.55502589,7
1689577200,74.08,74.08,73.96,74.04,45.40450936,9
1689578100,73.88,73.88,73.69,73.69,139.68914984,14
1689579000,74.01,74.01,73.9,73.9,86.23027041,8
1689579900,73.62,73.62,73.06,73.41,238.45798016,47
1689580800,73.41,73.8,73.33,73.75,61.03130973,16
1689581700,73.84,74.07,73.84,73.99,112.41322403,22
1689582600,73.95,73.95,72.91,73.11,140.65018053,31
1689583500,73.14,73.15,73.13,73.13,2.11603191,3
1689584400,73.24,73.24,72.51,72.8,20.55948349,13
1689585300,72.86,72.89,72.78,72.82,8.41161049,8
1689586200,72.88,73.03,72.88,73.03,327.96923719,20
1689587100,72.93,73.0,72.48,72.5,612.84406386,93
1689588000,72.44,72.79,72.12,72.29,439.25064512,86
1689588900,72.42,72.42,70.91,72.0,169.64578653,77
1689589800,72.0,72.15,71.47,72.15,13.20276179,15
1689590700,72.37,73.25,72.37,73.22,109.61285415,22
1689591600,73.33,73.47,72.79,72.85,63.41868214,11
1689592500,72.53,72.53,72.51,72.52,11.64783087,6
1689593400,72.21,72.21,72.15,72.15,14.10747158,4
1689594300,72.25,72.25,71.95,72.06,7.29198831,9
1689595200,72.3,72.3,71.79,72.14,53.6799642,37
1689596100,72.22,72.22,71.84,71.87,20.00709466,14
1689597000,71.44,71.54,71.32,71.54,4.82492293,6
1689597900,71.68,72.01,71.68,71.75,107.96569084,16
1689598800,71.88,71.88,71.33,71.33,5.51093483,6
1689599700,71.33,71.69,71.33,71.56,65.20660525,5
1689600600,71.18,71.37,71.04,71.37,16.68662915,13
1689601500,71.42,72.76,71.42,72.49,601.57765282,38
1689602400,72.41,72.46,72.02,72.15,230.84713287,44
1689603300,72.36,72.95,72.3,72.64,35.36541416,15
1689604200,72.78,73.85,72.78,73.39,158.96922257,40
1689605100,73.56,74.91,73.56,74.52,219.06734374,46
1689606000,74.2,75.9,74.2,75.22,297.97927878,67
1689606900,75.4,75.4,74.28,74.71,79.0488655,17
1689607800,74.32,74.85,74.32,74.85,90.4337481,9
1689608700,74.67,74.74,74.52,74.7,108.31341137,17
1689609600,74.59,76.89,74.59,76.77,260.05483785,36
1689610500,76.77,78.48,76.25,77.72,612.72533061,97
1689611400,77.67,78.0,76.84,76.84,636.53201121,42
1689612300,76.79,77.25,76.16,77.25,292.99514116,52
1689613200,77.6,77.8,76.77,76.77,73.47894731,17
1689614100,76.78,77.19,76.6,76.69,239.40607832,21
1689615000,77.06,77.26,76.74,77.25,579.23628701,26
1689615900,77.12,77.35,76.96,77.35,142.63026666,12
1689616800,77.37,77.94,77.0,77.17,175.18427765,30
1689617700,77.42,77.85,77.31,77.49,333.41990196,40
1689618600,77.27,77.27,75.51,75.51,60.14034599,22
1689619500,75.49,75.49,74.84,75.27,157.80939104,19
1689620400,75.25,75.25,75.11,75.15,128.14750918,14
1689621300,75.39,76.26,75.39,75.98,38.03677361,18
1689622200,75.49,75.49,75.49,75.49,0.24751602,1
1689623100,75.35,75.35,75.03,75.03,4.97953827,4
1689624000,74.96,75.72,74.96,75.72,70.75259487,17
1689624900,76.09,76.13,75.67,75.67,17.23461126,7
1689625800,75.76,75.76,75.49,75.49,4.91036523,2
1689626700,75.5,75.51,75.19,75.19,4.77456902,5
1689627600,75.51,75.51,75.51,75.51,4.08397202,1
1689628500,75.93,76.1,75.9,76.1,4.05237765,4
1689629400,76.38,76.83,76.38,76.83,3.80792557,6
1689630300,76.86,77.8,76.86,77.24,33.70433628,23
1689631200,77.02,77.02,76.49,76.51,39.63532166,12
1689632100,76.68,76.81,76.29,76.29,96.72990519,18
1689633000,76.25,76.25,75.71,75.73,6.74571635,7
1689634800,76.49,76.5,76.49,76.5,1.02272284,2
1689635700,76.77,76.91,76.77,76.91,1.06393756,3
1689636600,76.94,76.95,75.79,76.07,24.73863641,11
1689638400,75.65,76.6,75.45,76.26,52.71539622,16
1689639300,76.33,76.33,75.49,75.49,0.8253955,4
1689640200,75.27,75.4,75.22,75.4,33.41997693,9
1689641100,75.11,75.11,74.78,74.81,294.9490706,33
1689642000,75.16,75.17,75.16,75.17,11.50727338,3
1689642900,75.48,75.5,75.47,75.47,15.81137199,4
1689643800,75.67,76.19,75.67,75.72,41.87365886,9
1689644700,75.87,75.87,75.87,75.87,1,1
1689645600,75.83,76.04,75.44,75.44,241.05477346,29
1689646500,75.53,75.53,75.53,75.53,1,1
1689647400,75.39,75.75,75.39,75.75,1.35941196,5
1689649200,75.18,75.18,75.18,75.18,0.41755901,1
1689650100,75.3,75.3,74.9,74.9,1.48902419,4
1689651000,74.85,75.02,74.85,75.02,2.37583022,6
1689651900,74.84,74.84,74.68,74.68,1.23896291,3
1689652800,74.38,74.38,73.72,73.72,108.25209042,13
1689653700,73.94,74.15,73.94,74.14,26.49333279,8
1689654600,74.06,74.4,74.06,74.33,51.59726943,11
1689655500,74.68,74.71,74.57,74.57,35.89567799,10
1689656400,74.6,74.6,74.6,74.6,2.13176798,1
1689657300,74.5,74.5,74.5,74.5,1,1
1689659100,74.32,74.45,74.32,74.45,30.01,12
1689660000,74.84,75.34,74.84,75.34,7.26204045,10
1689660900,75.65,76.29,75.65,75.95,115.86039903,27
1689661800,75.7,76.04,75.19,75.19,313.83603555,40
1689662700,75.42,75.6,72.58,72.98,952.48157536,117
1689663600,72.9,72.9,72.68,72.81,89.94272369,4
1689664500,72.78,72.78,72.37,72.41,91.61860483,19
1689665400,72.23,72.8,72.23,72.76,28.4277096,7
1689666300,72.46,72.81,71.88,71.88,29.48949257,14
1689667200,71.81,72.37,71.73,72.29,2.54099259,5
1689668100,72.05,73.33,71.71,73.33,147.24414788,23
1689669000,72.81,72.9,72.23,72.23,105.46901176,15
1689669900,72.26,72.26,72.15,72.15,0.45897415,2
1689670800,72.57,72.57,72.57,72.57,0.99537,1
1689671700,72.17,72.33,72.05,72.07,15.85222876,9
1689672600,72.03,72.03,71.77,71.79,7.76326225,7
1689674400,72.37,72.37,72.37,72.37,0.33231079,2
1689675300,71.92,72.11,71.92,72.11,3.43527224,4
1689676200,72.24,72.24,72.18,72.22,91.17624144,9
1689677100,72.12,72.12,72.08,72.08,11.64235416,4
1689678000,71.99,72.77,71.99,72.39,52.33633219,16
1689678900,72.15,72.15,72.15,72.15,0.25897415,1
1689679800,71.79,71.79,71.38,71.51,26.79523455,14
1689680700,71.43,71.43,70.92,71.39,17.50318082,15
1689681600,71.65,71.65,71.01,71.13,48.97519891,11
1689682500,70.84,71.66,70.65,71.66,284.56488776,39
1689683400,71.68,72.28,71.53,71.53,78.87038668,18
1689684300,71.43,71.43,70.86,70.86,22.94712276,13
1689685200,71.04,71.21,71.04,71.21,8.98448075,2
1689686100,71.02,71.15,71.02,71.06,5.61921856,4
1689687000,71.04,71.08,70.68,70.68,50.34693219,24
1689687900,70.66,70.74,69.9,69.9,139.67908992,37
1689688800,70.14,70.76,70.01,70.51,8.32423175,26
1689689700,70.46,71.54,70.46,71.21,63.3123135,27
1689690600,70.93,70.95,70.61,70.9,22.35212053,7
1689692400,71.09,71.09,70.93,70.93,1.04874,2
1689694200,70.56,70.56,70.56,70.56,2,1
1689695100,70.86,71.09,70.69,71.09,107.83017217,13
1689696000,70.91,71.38,70.91,71.38,89.79999914,14
1689696900,71.59,71.59,71.59,71.59,0.72279363,1
1689697800,70.71,70.71,70.21,70.21,91.17713115,18
1689698700,70.02,70.02,69.27,69.56,95.14799928,32
1689699600,69.76,69.85,69.64,69.84,5.40437696,10
1689700500,69.92,69.92,69.0,69.0,371.36682571,70
1689701400,69.06,69.96,69.06,69.96,7.96106111,7
1689702300,70.01,70.17,69.71,70.17,562.19656667,41
1689703200,69.98,70.35,69.93,70.35,17.43638222,8
1689704100,70.16,70.29,70.07,70.24,9.11360746,7
1689705000,69.9,69.9,69.87,69.89,40.42089651,3
1689705900,69.79,69.95,69.79,69.95,30.88170632,6
1689706800,70.45,70.61,70.45,70.57,83.01220676,9
1689707700,70.4,70.6,70.4,70.6,7.20383096,2
1689708600,70.29,70.61,70.29,70.61,1.46038517,4
1689710400,70.6,71.25,70.6,70.88,5.62043494,10
1689711300,70.9,71.07,70.9,71.07,7.47081844,5
1689712200,71.05,72.33,71.04,72.32,459.33865363,55
1689713100,72.18,72.25,71.92,71.93,96.85430306,16
1689714000,72.37,72.49,72.04,72.04,11.00523365,6
1689714900,72.11,72.76,72.11,72.76,33.15151241,7
1689715800,72.31,72.54,72.31,72.54,0.47324539,3
1689716700,72.48,72.48,72.11,72.11,47.78109925,7
1689717600,72.18,72.18,71.92,71.94,18.38822149,5
1689718500,71.79,71.79,71.65,71.66,5.23750709,11
1689720300,71.81,71.81,71.81,71.81,0.41390728,1
1689721200,71.76,71.82,71.76,71.82,3.46901527,2
1689722100,71.47,71.47,71.46,71.46,2.7775538,4
1689723000,71.58,71.58,71.12,71.12,4.9904477,5
1689723900,71.08,71.08,71.08,71.08,98,5
1689724800,71.07,71.07,71.07,71.07,0.26290959,1
1689725700,71.4,71.55,70.93,70.93,13.48118557,6
1689726600,71.1,72.1,71.1,71.7,36.08630169,22
1689727500,71.78,71.78,71.44,71.52,3.13616264,15
1689728400,71.69,71.7,71.42,71.42,2.61053455,4
1689729300,72.01,72.01,71.43,71.43,0.52285551,2
1689730200,71.24,71.24,70.91,70.91,6.91511044,10
1689731100,70.99,71.73,70.99,71.65,3.64352592,5
1689732900,71.29,71.72,71.19,71.72,37.79013444,9
1689733800,71.72,71.72,71.72,71.72,2.16577,1
1689734700,72.01,72.37,72.01,72.37,24.33475256,27
1689735600,72.29,72.59,72.28,72.28,161.65900223,50
1689736500,71.96,71.96,71.79,71.79,19.95568826,7
1689737400,71.62,71.62,71.32,71.45,20.20275051,12
1689738300,71.12,71.12,71.07,71.07,1.0964304,2
1689739200,71.13,71.66,70.92,71.66,94.86384509,11
1689741000,71.26,71.54,71.26,71.52,4.19961707,3
1689741900,71.54,71.54,71.3,71.3,8E+1,8
1689742800,71.76,71.76,71.76,71.76,1.70149,1
1689743700,71.93,72.01,71.93,72.01,25.52669512,8
1689744600,71.92,71.92,71.81,71.88,5.87675891,5
1689745500,71.88,72.03,71.88,71.92,9.86950383,5
1689746400,72.03,72.2,72.03,72.2,0.76035195,2
1689747300,72.01,72.01,72.01,72.01,2.12895,1
1689748200,71.81,83.44,71.73,71.99,5486.98347116,619
1689749100,72.01,72.01,71.31,71.38,458.12723108,82
1689750000,71.32,71.35,71.31,71.35,678.05543254,34
1689750900,71.31,71.55,71.3,71.47,113.99425976,12
1689751800,71.57,71.57,71.11,71.11,42.85612138,9
1689752700,71.07,71.17,70.79,71.17,115.27183444,20
1689753600,70.99,70.99,70.71,70.71,4.3198916,6
1689755400,70.66,70.66,70.66,70.66,2.8279,1
1689756300,70.37,70.44,70.3,70.44,43.14413473,5
1689757200,70.21,70.59,70.0,70.59,23.94944801,13
1689758100,70.62,70.99,70.62,70.99,41.71155415,14
1689759000,70.93,71.65,70.93,71.65,2.95187864,7
1689759900,71.97,72.37,71.74,71.74,13.65588934,11
1689760800,72.15,73.3,72.15,73.0,106.36537578,29
1689761700,72.6,72.6,72.42,72.42,31.49278803,8
1689762600,72.46,72.82,72.46,72.82,3.33282856,3
1689763500,72.61,73.0,72.57,73.0,91.91013855,13
1689764400,73.0,73.71,73.0,73.69,235.57349266,35
1689765300,73.78,73.89,72.6,72.6,24.18665255,17
1689766200,72.6,72.6,72.44,72.44,83.46391485,10
1689767100,72.65,72.65,72.37,72.37,217.14042312,13
1689768000,72.29,72.47,71.98,72.47,413.5269244,23
1689768900,72.09,72.09,71.79,71.79,1.0897213,4
1689769800,71.77,71.77,71.49,71.5,35.72559982,16
1689770700,71.58,71.6,71.43,71.43,83.63590272,25
1689771600,71.34,71.34,71.07,71.07,4.04788208,5
1689772500,71.01,71.54,71.01,71.54,16.33522111,6
1689773400,71.62,71.73,71.17,71.17,85.80438977,12
1689774300,71.77,72.39,71.49,71.49,441.92692295,35
1689775200,71.43,71.43,71.07,71.18,6.30260336,8
1689776100,71.35,71.35,71.0,71.0,91.80732439,7
1689777000,70.81,70.91,70.81,70.91,35.90019037,10
1689777900,70.71,71.08,70.71,71.08,17.17564751,7
1689778800,70.75,71.28,70.75,71.24,17.90509074,6
1689779700,71.32,71.49,71.3,71.49,33.97566544,8
1689780600,71.44,71.88,71.44,71.79,46.7397605,12
1689781500,71.91,71.91,71.51,71.51,47.93808363,8
1689782400,71.35,71.49,71.35,71.49,8.64800648,3
1689783300,71.08,71.65,71.05,71.61,72.80336519,11
1689784200,71.38,71.39,71.38,71.39,7.80035619,2
1689785100,71.15,71.48,71.15,71.48,10.05640738,3
1689786000,71.23,71.24,71.12,71.12,35.35768516,22
1689786900,71.07,71.21,71.07,71.21,2.98916713,2
1689787800,71.09,71.09,70.88,70.88,18.87852939,10
1689788700,71.15,71.39,70.93,70.93,4.91370156,4
1689789600,70.71,70.71,70.27,70.34,51.54710356,19
1689790500,70.42,70.44,70.42,70.44,1.07145668,3
1689791400,70.35,70.35,70.35,70.35,0.04723,1
1689792300,70.31,70.33,70.28,70.28,29.34112503,6
1689793200,70.51,70.59,70.51,70.59,3.55390178,2
1689795000,70.86,70.86,70.48,70.51,23.48299165,7
1689795900,70.29,70.29,70.02,70.02,118.26738912,17
1689796800,70.12,70.24,69.87,69.87,114.75352958,17
1689797700,70.29,70.55,70.29,70.55,129.27537856,12
1689798600,70.21,70.28,70.21,70.23,41.17740089,9
1689799500,69.9,69.9,69.9,69.9,28.75,2
1689800400,69.81,69.81,69.32,69.32,28.11336143,23
1689801300,69.5,69.5,69.14,69.14,29.28306928,3
1689802200,69.65,69.72,69.65,69.67,1.34212508,3
1689804000,69.6,69.61,69.34,69.34,57.53625824,52
1689804900,69.35,69.35,69.15,69.15,32,4
1689805800,69.33,69.33,69.1,69.1,3.67589849,3
1689807600,69.07,69.21,69.07,69.13,145.93122394,20
1689808500,69.2,69.2,69.2,69.2,32.33259999,2
1689811200,69.87,69.87,69.87,69.87,4.29368827,1
1689812100,69.89,69.91,69.33,69.33,813.41520847,45
1689813000,69.0,69.33,68.8,69.33,98.97130232,12
1689813900,69.54,69.56,69.54,69.56,7.47170261,3
1689814800,69.89,69.92,69.89,69.92,28.64098524,5
1689820200,70.21,70.21,70.21,70.21,0.85516446,1
1689822900,69.51,69.51,69.31,69.31,5.95755928,5
1689823800,69.19,69.31,69.18,69.31,8.54976807,4
1689824700,69.49,69.49,69.49,69.49,0.20881777,1
1689825600,69.89,69.9,69.89,69.9,0.94692484,2
1689826500,69.87,69.87,69.58,69.77,91.00399446,6
1689827400,70.21,70.39,70.21,70.39,3.09945859,4
1689828300,70.4,70.4,70.4,70.4,7.10227272,1
1689829200,70.06,70.59,70.06,70.59,36.87637163,10
1689830100,70.59,71.12,70.59,70.99,10.49827344,10
1689831900,71.09,73.0,71.09,72.74,407.46779549,48
1689832800,73.1,73.79,72.21,72.21,411.92061182,68
1689833700,72.35,72.41,72.31,72.35,96.5536211,15
1689834600,72.17,72.21,71.56,71.92,251.21421394,38
1689835500,71.43,71.65,71.32,71.48,105.82715494,15
1689836400,71.46,71.64,71.45,71.45,2.02485057,3
1689838200,71.46,71.46,71.46,71.46,2.7964,1
1689840000,72.01,73.87,72.01,73.32,114.75767719,31
1689840900,72.95,73.47,72.94,73.47,54.52709126,15
1689841800,73.06,73.54,73.06,73.54,104.14195751,9
1689842700,73.5,73.81,73.28,73.28,116.34714197,14
1689843600,72.88,72.97,72.88,72.97,6.84437966,3
1689844500,72.88,72.88,72.88,72.88,2.75887227,1
1689845400,73.47,73.47,73.27,73.27,4.96461211,2
1689846300,73.02,73.1,72.88,72.88,75.25638013,8
1689847200,73.47,74.36,73.47,74.36,132.89495525,24
1689848100,73.62,73.62,73.34,73.34,0.55377584,2
1689849000,73.25,73.46,73.25,73.34,12.00563511,5
1689850800,73.1,73.1,73.0,73.0,1.33150685,3
1689851700,73.29,73.29,73.22,73.22,31.11392086,5
1689852600,73.34,73.7,73.34,73.61,18.808037,4
1689854400,73.34,73.34,73.34,73.34,0.13576335,1
1689856200,73.35,73.41,73.21,73.21,49.06375418,12
1689857100,73.29,73.76,73.29,73.51,104.36830736,7
1689858900,73.18,73.38,73.18,73.38,48.27,4
1689859800,73.42,73.62,73.42,73.62,31.62998907,9
1689860700,73.52,73.52,73.52,73.52,0.13601741,1
1689861600,73.82,73.82,72.47,72.47,103.46738715,23
1689862500,72.33,72.52,72.14,72.42,104.07438929,32
1689863400,72.38,72.38,71.21,72.01,454.60452715,42
1689864300,71.64,71.79,71.12,71.47,88.48916929,12
1689865200,71.33,71.44,71.33,71.43,0.89265429,3
1689866100,71.36,71.58,71.36,71.57,45.12865405,8
1689867000,71.48,71.48,71.42,71.42,1.3605905,2
1689867900,71.26,71.34,71.26,71.34,22.63515458,2
1689868800,72.01,72.23,72.01,72.23,26.21861322,9
1689869700,72.16,72.73,71.89,72.73,40.75586917,18
1689870600,72.74,73.02,72.47,72.47,33.72003089,22
1689871500,72.62,72.62,72.62,72.62,0.0484277,1
1689872400,73.0,73.19,72.71,73.19,23.626173,6
1689873300,73.14,73.27,72.84,72.84,10.93932624,6
1689874200,73.17,73.72,73.17,73.72,108.77114995,12
1689875100,73.85,74.75,73.85,74.07,19.69260401,25
1689876000,74.29,74.64,74.29,74.34,221.76239521,12
1689876900,74.2,74.2,73.13,73.13,8.88432354,19
1689877800,72.95,73.31,72.7,72.7,31.28866785,15
1689878700,73.0,73.0,72.76,72.76,49.73754278,9
1689879600,72.76,72.76,72.35,72.41,17.39146485,11
1689880500,72.24,72.25,72.09,72.09,15.69326048,12
1689881400,72.03,72.11,71.75,71.75,28.45832779,17
1689882300,71.92,72.41,71.59,72.41,14.81309475,11
1689883200,72.3,72.42,72.08,72.08,6.72581178,6
1689884100,72.06,72.06,72.05,72.05,1.55262166,2
1689885000,71.89,71.89,71.8,71.84,7.09739252,5
1689885900,72.06,72.06,71.93,71.93,6.15044756,6
1689886800,72.54,72.98,72.54,72.98,32.664361,6
1689887700,72.91,73.92,72.91,73.89,314.57190675,32
1689888600,74.22,74.47,73.76,74.08,51.96523968,23
1689889500,73.87,73.9,73.64,73.77,76.45386865,16
1689890400,73.92,73.92,73.28,73.36,75.87981201,21
1689891300,73.32,73.33,73.06,73.07,24.60668577,10
1689892200,73.26,73.34,73.16,73.26,7.52879713,4
1689893100,73.4,73.45,73.35,73.45,2.34074046,3
1689894000,73.7,73.7,73.7,73.7,22.3380644,3
1689894900,73.25,73.47,73.1,73.15,105.21624612,12
1689895800,73.17,73.17,73.17,73.17,9,2
1689896700,73.25,73.25,73.25,73.25,0.26769,1
1689897600,73.19,73.19,73.0,73.0,168.68465015,15
1689898500,72.95,72.95,72.86,72.86,25,7
1689900300,73.47,73.89,73.47,73.85,2.53725829,6
1689901200,74.15,74.22,73.88,74.22,1.37724379,4
1689902100,74.55,74.9,74.52,74.52,87.05325657,15
1689903000,74.58,74.66,74.1,74.41,81.25942069,7
1689903900,74.6,76.14,74.59,75.86,202.15623309,49
1689904800,75.85,76.56,75.11,76.51,126.97595587,37
1689905700,76.57,76.57,75.53,75.55,315.8618998,47
1689906600,75.49,76.41,75.49,75.73,12.57886797,13
1689907500,76.03,76.28,75.82,75.9,462.11428102,26
1689908400,76.05,76.05,75.72,75.79,80.6868912,8
1689909300,75.49,75.49,75.13,75.21,76.61099726,12
1689910200,75.11,75.26,74.88,75.26,37.89335248,16
1689911100,75.44,75.62,75.44,75.62,0.75869,2
1689912000,74.97,74.99,74.84,74.84,8.35701306,7
1689912900,74.92,74.93,74.36,74.59,55.81385816,18
1689913800,74.82,75.11,74.82,75.09,1.07171538,5
1689914700,74.59,74.76,74.59,74.76,8.98243139,3
1689915600,74.75,74.75,74.75,74.75,0.43103448,1
1689916500,74.83,74.83,74.26,74.26,18.83025598,6
1689917400,74.27,74.33,74.27,74.32,84.22509396,6
1689921000,74.54,74.54,74.54,74.54,2.55059986,1
1689921900,74.2,74.58,74.2,74.58,5.68983374,2
1689922800,74.59,74.59,74.59,74.59,4.57398999,1
1689923700,74.78,74.78,74.58,74.58,5.72374437,2
1689924600,74.03,74.03,73.81,73.81,1.52413234,6
1689925500,74.08,74.11,74.08,74.11,0.31242914,2
1689926400,74.18,74.4,74.18,74.4,47.01001658,17
1689927300,74.29,74.29,74.29,74.29,18.05008403,2
1689928200,74.05,74.05,73.61,73.61,5.9754389,9
1689929100,73.53,73.53,72.81,73.19,289.55138371,34
1689930000,73.19,73.28,71.98,71.98,177.5995439,46
1689930900,72.0,72.0,72.0,72.0,3,1
1689931800,72.07,72.08,71.66,71.66,18.03026449,9
1689933600,71.97,71.97,71.97,71.97,0.25299,1
1689934500,71.69,71.69,71.69,71.69,2.00002,1
1689935400,72.32,72.32,72.32,72.32,0.28518738,1
1689938100,72.13,72.13,72.13,72.13,0.11511,1
1689939000,72.33,72.37,72.33,72.37,19.38237757,3
1689939900,72.32,72.32,72.25,72.25,3.19349666,2
1689940800,72.45,72.53,72.45,72.53,95.91428716,16
1689941700,72.41,72.78,72.41,72.73,9.91257729,5
1689942600,72.68,72.76,72.41,72.53,746.60291939,39
1689943500,72.48,72.48,72.38,72.44,15.61667224,6
1689944400,72.44,72.44,72.2,72.2,490.66212983,22
1689945300,72.4,72.41,72.15,72.15,47.74620807,11
1689946200,72.26,72.28,72.1,72.1,55.51183534,8
1689947100,71.79,71.79,71.55,71.71,6.33059908,6
1689948000,71.98,72.11,71.98,72.07,3.60772444,5
1689949800,72.37,72.37,72.37,72.37,0.25996079,1
1689950700,72.26,72.26,72.26,72.26,2.11145479,1
1689951600,72.53,73.03,72.53,73.03,8.10423712,5
1689952500,73.04,73.11,72.9,72.9,15.11065603,7
1689954300,72.55,72.57,72.28,72.37,121.02780954,20
1689955200,72.46,72.49,72.46,72.49,0.9610568,2
1689956100,72.32,72.32,71.91,71.92,98.81003866,6
1689957000,71.93,71.93,71.93,71.93,0.8,1
1689958800,72.03,72.32,71.99,72.32,12.83418032,8
1689961500,72.18,72.18,72.0,72.0,5.4965228,5
1689962400,72.5,72.5,72.23,72.23,29.90323582,4
1689963300,72.21,72.21,71.88,71.88,142.14937419,18
1689964200,72.08,72.09,72.08,72.08,1.45257076,3
1689966000,71.79,71.79,71.12,71.12,176.41410476,16
1689966900,71.31,71.68,71.31,71.68,0.4098749,4
1689967800,71.79,71.79,71.79,71.79,0.55984232,1
1689968700,71.84,72.01,71.84,71.88,18.36365841,6
1689969600,71.69,71.69,71.51,71.51,26.34950387,6
1689970500,71.65,71.65,71.65,71.65,4.36410397,1
1689971400,71.43,71.5,71.43,71.45,1.21532019,3
1689973200,71.48,71.48,71.48,71.48,0.22734397,1
1689974100,71.32,71.32,71.32,71.32,0.0148,1
1689975000,71.38,71.38,70.95,70.95,5.77821483,6
1689975900,70.95,71.15,70.95,71.15,0.42212825,3
1689976800,71.37,71.37,71.37,71.37,54.57475129,3
1689977700,71.36,71.36,71.14,71.14,0.7867474,2
1689979500,71.04,71.05,71.04,71.05,86.64309922,3
1689980400,71.12,71.12,71.08,71.08,14.7720076,3
1689981300,71.12,71.12,71.12,71.12,1.76342041,1
1689983100,71.0,71.05,71.0,71.05,16.83938026,3
1689984000,70.94,70.94,70.92,70.92,0.28144771,2
1689984900,71.16,71.42,71.16,71.4,47.45567614,8
1689985800,71.4,71.64,71.4,71.59,1.94842318,3
1689986700,71.43,71.43,71.43,71.43,0.2799944,1
1689987600,71.2,71.2,71.2,71.2,0.28093833,1
1689991200,71.24,71.43,71.22,71.43,117.57477163,12
1689993000,71.29,71.32,71.29,71.32,1.77292576,2
1689994800,71.28,71.28,71.09,71.09,13.43277139,3
1689995700,71.65,71.68,71.63,71.64,14.40361735,4
1689996600,71.65,71.65,71.65,71.65,14,1
1689999300,71.93,71.93,71.8,71.8,14.15012868,2
1690000200,71.48,71.48,71.48,71.48,14,1
1690001100,71.34,71.34,71.3,71.3,14.28034763,2
1690002000,71.2,71.2,71.2,71.2,2.67251984,1
1690002900,71.25,71.29,71.24,71.29,4.04595966,3
1690003800,71.07,71.07,71.07,71.07,0.28012471,2
1690006500,71.14,71.14,71.14,71.14,0.28113578,1
1690007400,71.27,71.39,71.2,71.27,445.13800516,25
1690008300,71.23,71.24,71.23,71.24,14.19430342,3
1690009200,71.1,71.12,70.92,70.92,37.70473788,9
1690010100,71.0,71.0,71.0,71.0,0.13876,1
1690013700,71.65,71.65,71.53,71.53,0.824077,2
1690015500,71.33,71.33,71.16,71.16,382.05710385,15
1690016400,71.18,71.19,70.98,71.05,32.52437572,10
1690017300,71.05,71.05,71.05,71.05,2.37387051,2
1690020000,70.98,70.98,70.21,70.6,129.95133697,25
1690020900,70.24,70.24,70.24,70.24,0.2846975,1
1690024500,70.42,70.44,70.42,70.44,3.1167474,3
1690025400,70.5,70.5,70.48,70.5,90.14088476,4
1690026300,70.94,70.94,70.94,70.94,0.26520655,1
1690027200,71.02,71.02,71.02,71.02,0.13474962,1
1690029000,71.12,71.28,71.12,71.24,1.95346313,4
1690029900,71.02,71.03,70.97,70.97,19.70874421,7
1690031700,71.16,71.31,71.16,71.24,14.88694234,4
1690032600,71.47,71.47,71.35,71.35,1.29063755,3
1690034400,71.6,71.6,71.45,71.48,16.40876562,3
1690035300,71.39,71.39,71.38,71.38,2.97032541,2
1690036200,71.28,71.31,71.22,71.31,68.77744797,15
1690037100,71.09,71.09,70.88,70.88,0.56350056,2
1690038000,70.88,70.89,70.69,70.69,9.75426799,4
1690038900,70.37,70.74,70.29,70.74,16.58693354,5
1690039800,70.94,70.94,70.88,70.88,1.11178922,2
1690040700,70.96,70.96,70.96,70.96,0.12675877,1
1690041600,70.58,70.74,70.58,70.65,0.72820595,5
1690042500,70.55,70.7,70.55,70.7,19.4245216,5
1690043400,71.15,71.15,71.15,71.15,0.42584965,1
1690044300,71.15,71.15,70.94,70.95,2.4330432,3
1690045200,71.06,71.06,71.05,71.05,3.35352345,2
1690047900,71.01,71.01,71.01,71.01,3.05641,2
1690048800,70.97,70.97,70.86,70.86,2.58437558,3
1690049700,71.2,71.2,71.13,71.13,7.01700567,2
1690050600,71.15,71.28,71.11,71.11,76.17915743,7
1690051500,71.29,71.29,71.29,71.29,0.28214427,1
1690053300,71.35,71.35,71.28,71.28,2.95453909,2
1690054200,71.25,71.35,71.25,71.35,4.54056143,3
1690056000,71.39,71.39,71.26,71.26,100.95923286,9
1690058700,71.07,71.07,71.07,71.07,0.28141269,1
1690060500,70.86,70.88,70.86,70.88,0.28224668,2
1690061400,70.85,70.85,70.8,70.8,11.48751205,2
1690062300,70.71,70.71,70.71,70.71,0.23959,1
1690063200,70.83,70.88,70.83,70.88,15.11811212,3
1690064100,70.71,70.71,70.61,70.64,1.36995631,3
1690065000,70.7,70.7,70.7,70.7,0.16354648,1
1690065900,70.6,70.6,70.6,70.6,13.22101004,2
1690066800,70.53,70.53,70.37,70.37,0.41532266,2
1690067700,70.21,70.21,69.38,69.75,166.34175452,35
1690068600,69.7,69.91,69.7,69.91,2.24590418,3
1690069500,70.24,70.28,70.24,70.28,0.54750569,2
1690070400,70.3,70.3,70.0,70.0,55.00199894,8
1690072200,70.59,70.78,70.59,70.78,2.11763525,6
1690073100,70.27,70.37,70.27,70.37,3.29118084,6
1690074900,70.71,70.72,70.67,70.72,1.11966746,3
1690075800,70.87,71.17,70.87,71.03,8.12319602,9
1690076700,71.28,71.46,70.97,70.97,66.30776772,5
1690077600,70.98,71.54,70.98,71.41,18.2242784,7
1690078500,71.54,72.03,71.47,72.03,7.24040259,11
1690079400,71.86,71.86,71.86,71.86,0.17448684,1
1690080300,71.62,71.62,71.62,71.62,0.13916885,1
1690081200,71.43,71.43,71.36,71.36,11.48439599,5
1690085700,71.12,71.12,70.99,71.06,4.32093239,9
1690086600,70.99,70.99,70.99,70.99,11.23464572,1
1690091100,70.99,70.99,70.96,70.96,7.32728207,2
1690092000,71.11,71.11,71.1,71.1,0.2829107,2
1690092900,71.06,71.06,70.7,70.7,4.94312473,6
1690095600,70.5,70.58,70.29,70.29,70.45466084,13
1690096500,70.47,70.47,70.47,70.47,3,1
1690101000,70.68,70.73,70.68,70.73,2.51869633,2
1690101900,70.74,70.74,70.74,70.74,0.25634295,1
1690104600,70.94,70.94,70.94,70.94,0.26520654,1
1690106400,70.97,70.97,70.86,70.97,7.89225288,3
1690108200,71.28,71.28,71.13,71.18,63.14791492,5
1690113600,71.55,71.55,71.55,71.55,9.51339793,2
1690114500,71.5,71.5,71.5,71.5,0.51264595,2
1690115400,71.46,71.65,71.46,71.57,21.64350886,4
1690116300,71.78,71.79,71.57,71.57,287.11713505,24
1690117200,71.9,71.9,71.9,71.9,0.12164884,1
1690118100,71.27,71.35,71.27,71.28,11.65549342,6
1690119000,71.23,71.23,71.23,71.23,0.14041,1
1690119900,71.52,71.52,71.52,71.52,0.63513,1
1690120800,71.72,71.72,71.66,71.66,11.2254087,7
1690121700,71.89,71.9,71.89,71.9,19.4271334,5
1690122600,71.86,71.89,71.7,71.89,134.73370169,15
1690124400,71.87,71.87,71.87,71.87,0.31001011,1
1690125300,71.64,71.64,71.64,71.64,0.35000011,1
1690128000,71.51,71.51,71.51,71.51,0.30009,1
1690129800,71.71,72.16,71.71,72.16,2.50526947,4
1690130700,72.03,72.03,72.03,72.03,1.38831042,1
1690131600,72.29,72.3,72.29,72.3,0.13842746,2
1690132500,72.3,72.55,72.3,72.55,14.44241791,6
1690135200,72.74,72.74,72.53,72.53,0.66805233,2
1690136100,72.2,72.2,72.2,72.2,0.63273,1
1690137900,72.51,72.51,72.45,72.45,11.04951182,3
1690138800,72.54,72.54,72.49,72.49,132.74142968,10
1690139700,72.2,72.2,72.07,72.08,2.03645258,4
1690140600,72.0,72.0,71.79,71.79,0.53810847,3
1690142400,71.83,71.83,71.82,71.82,20.3182741,2
1690146000,71.74,71.74,71.74,71.74,1,1
1690147800,71.43,71.43,71.4,71.4,2.26158455,2
1690148700,71.21,71.24,71.21,71.24,0.7124071,2
1690151400,71.17,71.17,71.07,71.07,165.94109908,12
1690152300,70.73,70.73,70.71,70.71,0.7089112,3
1690153200,70.62,70.63,70.55,70.55,5.45673866,5
1690154100,70.63,70.63,70.63,70.63,0.49610206,1
1690155900,70.37,70.37,70.21,70.33,1.53665255,4
1690156800,70.06,70.06,69.67,69.67,34.87264297,11
1690157700,69.57,69.57,69.57,69.57,3.0697801,3
1690158600,69.52,69.87,69.13,69.87,93.12123463,11
1690159500,69.89,69.89,69.89,69.89,0.26918483,1
1690160400,69.33,69.33,68.82,69.3,67.86354014,18
1690161300,69.52,69.65,69.44,69.51,178.29332912,27
1690162200,69.58,69.58,69.2,69.21,0.81265264,3
1690163100,69.27,69.29,69.27,69.29,3.96971118,2
1690164000,69.01,69.01,68.33,68.53,155.52853509,25
1690164900,68.34,68.34,68.03,68.17,121.9986756,11
1690166700,68.67,68.73,68.67,68.73,29.54,3
1690167600,68.37,68.37,68.17,68.17,14.24552421,8
1690168500,68.35,68.35,67.96,67.98,98.66543543,10
1690169400,68.04,68.04,67.38,67.42,10.00307786,18
1690170300,67.46,67.46,67.26,67.31,2.5201231,5
1690171200,67.08,67.08,66.12,66.8,352.3731394,60
1690172100,66.79,67.15,66.79,66.94,123.27423546,9
1690173000,67.16,67.19,66.63,66.63,66.46301706,13
1690173900,66.85,67.21,66.81,67.12,36.49536453,11
1690174800,66.94,67.2,66.94,66.96,159.2753724,11
1690175700,66.96,67.01,66.96,67.01,9.19695413,6
1690176600,67.07,67.07,67.07,67.07,7.70718638,3
1690178400,67.33,67.49,67.16,67.16,78.51816062,11
1690179300,67.3,67.7,67.3,67.7,61.39084057,7
1690180200,67.58,67.58,67.32,67.32,81.24915727,6
1690181100,67.56,67.56,67.17,67.2,138.33160006,10
1690182000,67.18,67.18,67.12,67.12,42.8323729,3
1690182900,67.04,67.14,67.04,67.14,6.33824131,6
1690183800,66.96,66.99,66.86,66.99,12.37599006,8
1690184700,67.5,67.5,67.39,67.39,5.67130503,2
1690185600,67.35,67.35,66.99,66.99,7.78114565,6
1690188300,67.19,67.19,66.89,66.89,11.4047541,7
1690191000,66.72,66.72,66.63,66.63,1.90943954,3
1690191900,66.3,66.3,63.24,65.05,782.8656549,123
1690192800,65.1,66.03,65.1,66.03,32.3823948,19
1690193700,66.18,66.39,66.11,66.11,121.4734702,10
1690195500,65.94,65.94,65.94,65.94,0.5,2
1690196400,65.77,65.86,65.53,65.53,232.32832225,17
1690197300,65.34,65.34,65.34,65.34,0.15302218,1
1690198200,65.51,65.56,65.44,65.56,16.19881917,8
1690199100,65.35,65.35,65.0,65.0,2.32033148,8
1690200000,65.43,65.53,65.34,65.34,117.42033209,13
1690200900,65.49,65.68,65.3,65.3,99.29224153,8
1690201800,65.2,65.31,64.95,64.95,146.81577463,13
1690202700,64.83,65.2,64.83,65.2,102.66128754,9
1690203600,65.25,65.58,65.14,65.58,35.24657828,10
1690205400,65.5,65.5,65.3,65.3,6.11622224,2
1690206300,65.25,65.25,65.03,65.03,6.16459696,3
1690207200,65.0,65.12,64.91,65.12,7.04988887,6
1690208100,65.05,65.06,65.05,65.06,15.37160854,2
1690209000,64.99,64.99,64.48,64.48,43.07038404,7
1690209900,64.42,64.42,64.21,64.21,17.47512188,7
1690210800,64.25,64.4,64.03,64.23,136.49214964,10
1690211700,64.48,64.6,64.48,64.6,48.55511816,6
1690212600,64.79,64.83,64.66,64.66,43.49707205,7
1690213500,64.88,64.95,64.88,64.93,79.02275535,5
1690214400,65.04,65.1,64.73,64.75,139.09528284,8
1690215300,64.45,64.73,64.16,64.27,301.89049712,30
1690217100,64.3,64.3,64.26,64.26,4.36783649,2
1690218000,64.04,64.04,64.04,64.04,0.29177053,1
1690218900,63.72,63.72,63.57,63.57,93.86180091,13
1690219800,63.42,63.46,63.22,63.27,6.20234192,10
1690220700,63.26,63.42,63.12,63.15,63.8954067,8
1690221600,63.1,63.1,62.6,62.9,166.53395964,21
1690222500,63.0,63.19,63.0,63.19,17.12650526,4
1690223400,63.29,63.4,63.29,63.4,1.24423444,2
1690224300,63.56,63.6,63.55,63.6,15.72313892,4
1690225200,63.68,63.68,63.68,63.68,6.29246845,1
1690226100,63.24,63.32,63.24,63.32,1.08876795,2
1690227000,63.18,63.28,63.09,63.09,1.46949202,3
1690227900,63.17,63.17,63.17,63.17,0.02026,1
1690228800,63.37,63.38,63.0,63.0,44.39693545,21
1690229700,63.07,63.07,62.81,62.83,29.31024001,13
1690230600,62.78,62.85,62.6,62.85,34.72540741,16
1690231500,62.72,63.08,62.72,63.07,7.56017,11
1690232400,63.29,63.41,63.17,63.34,42.75365498,15
1690233300,63.6,63.69,63.6,63.69,2.19982294,3
1690234200,63.56,63.56,63.46,63.48,3.60622838,12
1690235100,63.36,63.4,63.19,63.33,303.94108795,40
1690236000,63.26,63.26,63.21,63.21,2.76680401,4
1690236900,63.46,63.46,63.08,63.08,5.38071,18
1690237800,62.99,63.0,62.94,63.0,41.70194,10
1690238700,62.92,63.09,62.9,63.07,2.4290824,4
1690239600,63.12,63.34,63.12,63.34,1.45761,5
1690240500,63.46,63.87,63.46,63.82,6.27345698,20
1690241400,63.7,63.7,63.52,63.52,2.58736974,6
1690242300,63.54,63.55,63.42,63.42,3.69020805,11
1690243200,63.53,63.53,63.35,63.35,8.79241614,4
1690244100,63.41,63.83,63.41,63.83,2.86268303,8
1690245000,63.64,63.7,63.6,63.6,2.87944494,10
1690245900,63.62,63.62,63.35,63.35,8.75582386,6
1690246800,63.45,63.45,62.97,63.01,6.62847614,20
1690247700,63.0,63.12,62.85,62.89,184.69978265,17
1690248600,62.84,62.86,62.57,62.67,97.62185613,32
1690249500,62.53,62.55,62.24,62.26,162.89426141,21
1690250400,62.17,62.17,61.95,61.95,89.33581122,11
1690251300,62.66,62.98,62.66,62.98,0.5989794,2
1690253100,63.29,63.4,62.98,63.0,9.04857148,29
1690254000,63.21,63.22,63.13,63.13,1.16279,4
1690254900,63.02,63.02,62.78,62.83,4.40687,16
1690255800,62.81,62.93,62.74,62.74,95.72207415,16
1690256700,62.6,62.61,62.6,62.61,1.83313342,6
1690257600,62.66,62.66,62.48,62.48,1.71502486,5
1690259400,62.61,62.61,62.61,62.61,0.26965,1
1690260300,62.55,62.55,62.36,62.36,336.62420086,21
1690261200,62.33,62.33,62.33,62.33,0.27,1
1690262100,62.25,62.25,62.17,62.17,1.42,4
1690263000,62.54,62.62,62.18,62.18,2.65924608,8
1690263900,62.16,62.22,61.71,61.73,136.1315963,21
1690264800,61.93,61.93,60.83,60.83,731.10292454,80
1690265700,61.12,61.12,59.34,59.47,1029.72574049,132
1690266600,59.54,59.62,58.5,58.53,526.02327213,61
1690267500,58.44,60.25,58.44,59.93,458.8806095,61
1690268400,59.99,60.91,59.99,60.6,171.46912801,26
1690269300,60.35,60.35,60.34,60.34,153.60966166,5
1690270200,60.04,60.56,59.94,60.56,71.47761524,18
1690271100,60.73,60.83,60.47,60.8,4.92042682,4
1690272000,60.8,62.27,60.8,61.39,318.0227422,44
1690272900,61.45,61.89,60.82,60.82,58.18314434,14
1690273800,60.64,60.64,60.64,60.64,0.3081297,1
1690274700,60.35,60.71,60.35,60.71,2.49761647,3
1690275600,60.68,60.94,60.65,60.92,201.04600655,12
1690276500,60.75,61.13,60.75,61.13,23.55511367,5
1690277400,61.32,61.54,61.22,61.54,2.37304925,5
1690278300,61.65,61.85,61.42,61.42,38.55910039,8
1690279200,61.25,61.25,61.15,61.15,0.84901753,4
1690280100,61.02,61.02,60.75,60.83,17.97909864,8
1690281000,60.82,61.05,60.79,60.79,5.63579617,7
1690281900,60.64,60.64,60.64,60.64,0.3081297,1
1690282800,60.65,61.02,60.65,61.02,4.22726794,5
1690283700,61.13,61.13,61.13,61.13,0.30776031,1
1690284600,61.26,61.26,61.11,61.11,3.16605485,3
1690285500,60.76,60.76,60.67,60.67,44.56986066,4
1690286400,60.64,60.64,60.48,60.48,17.87246012,6
1690287300,60.67,60.67,60.67,60.67,3.87362672,1
1690289100,60.46,60.46,60.33,60.33,17.31519369,9
1690290000,60.78,61.11,60.59,60.89,122.07778671,21
1690290900,60.77,61.06,60.77,61.02,54.24135109,8
1690291800,61.13,62.08,61.13,62.08,411.40612397,29
1690292700,61.7,61.7,61.45,61.53,17.59893143,6
1690293600,61.64,62.83,61.64,62.83,61.76722025,19
1690294500,62.58,62.58,62.14,62.14,2.74503692,5
1690295400,61.85,61.85,61.55,61.55,3.91346759,6
1690297200,61.25,61.25,61.24,61.24,0.56128854,2
1690298100,61.57,61.88,61.57,61.88,32.33858884,8
1690299000,62.05,62.27,62.05,62.2,1.75201245,3
1690299900,61.97,61.97,61.69,61.69,24.96978559,4
1690300800,61.62,62.43,61.62,62.43,152.4636807,19
1690302600,62.02,62.02,61.85,61.9,13.36678764,9
1690303500,61.63,61.63,61.55,61.55,4.19391953,4
1690304400,61.45,61.55,61.45,61.55,11.16348805,4
1690306200,62.0,62.05,62.0,62.05,20.30321014,4
1690307100,62.35,62.66,62.35,62.66,4.58135891,6
1690308900,62.5,62.5,62.5,62.5,2,1
1690309800,62.43,62.43,62.42,62.42,6.05,2
1690310700,62.36,62.37,62.32,62.37,32.04260654,4
1690311600,62.16,62.52,62.16,62.52,0.70047677,2
1690312500,62.15,62.29,62.15,62.29,0.38201823,2
1690313400,62.45,62.45,62.15,62.15,161.78309238,20
1690314300,62.03,62.03,61.85,61.85,4.62275215,2
1690315200,61.85,61.93,61.8,61.93,2.70616671,4
1690316100,61.85,61.94,61.85,61.94,72.80793833,4
1690317000,61.86,61.86,61.82,61.82,40.61253545,6
1690317900,61.97,62.0,61.97,62.0,3.335477,2
1690318800,62.21,62.22,62.17,62.17,5.35941445,3
1690320600,62.28,62.29,62.25,62.25,7.73661446,3
1690322400,62.35,62.62,62.35,62.62,101.26096275,6
1690323300,62.55,62.55,62.55,62.55,44.7213,6
1690324200,62.38,62.43,62.38,62.43,2.61864109,2
1690325100,62.21,62.21,62.21,62.21,0.15353587,1
1690326000,62.25,62.25,62.25,62.25,16,1
1690326900,62.66,62.73,62.32,62.32,1.22330282,3
1690327800,62.21,62.21,62.21,62.21,6E+1,2
1690328700,62.24,62.24,62.24,62.24,1.68001096,2
1690329600,62.65,63.54,62.65,63.32,334.75456771,61
1690330500,63.45,65.45,63.39,65.45,2721.72057796,231
1690331400,65.3,65.48,65.0,65.16,280.34094227,28
1690332300,65.01,65.53,64.94,65.03,186.83322644,23
1690333200,65.2,66.0,65.17,65.32,251.55342054,33
1690334100,65.76,66.35,65.76,66.35,551.98341155,31
1690335000,66.25,66.73,65.54,66.73,25.28643008,24
1690335900,65.97,65.97,65.69,65.93,37.09340109,9
1690336800,66.02,66.02,65.31,65.78,525.99013618,55
1690337700,65.63,66.51,65.62,66.51,49.60842627,9
1690338600,66.07,66.92,66.07,66.92,94.36414005,19
1690339500,66.94,67.27,66.9,67.2,114.02210113,30
1690340400,67.32,67.76,67.32,67.66,152.45772725,34
1690341300,67.84,69.75,67.84,68.01,601.87149459,110
1690342200,68.0,68.55,67.21,68.55,246.8945142,41
1690343100,68.26,68.48,68.26,68.31,30.15215064,11
1690344000,67.96,67.96,67.32,67.69,51.55872859,13
1690344900,68.18,68.63,68.07,68.63,44.45238843,12
1690345800,68.52,68.89,68.21,68.25,6.75509591,9
1690346700,67.97,68.44,67.89,68.21,150.83658528,23
1690347600,68.51,68.88,68.51,68.81,41.42929747,12
1690348500,68.97,69.28,68.49,68.74,103.00835489,22
1690349400,68.74,69.37,68.74,69.22,172.3649513,25
1690350300,69.34,70.17,69.32,69.32,561.53697273,71
1690351200,69.34,69.34,68.3,68.3,59.35981138,20
1690352100,68.47,69.39,68.47,68.91,86.11621712,23
1690353000,69.32,69.65,68.41,68.41,195.33924337,26
1690353900,68.38,68.48,67.89,67.95,270.77110079,31
1690354800,68.0,68.18,67.49,67.49,57.94406797,19
1690355700,67.5,67.94,67.41,67.41,132.67762815,17
1690356600,67.6,67.77,67.47,67.77,109.56574274,15
1690357500,68.18,68.35,68.18,68.35,2.03110704,2
1690358400,68.22,68.79,67.99,68.63,273.36928119,42
1690359300,68.65,68.86,68.5,68.86,13.54897945,4
1690360200,68.7,69.19,68.7,69.04,20.39635632,4
1690361100,68.96,69.03,68.96,69.03,3.92371054,2
1690362000,69.2,69.2,69.14,69.14,2.77464293,5
1690362900,68.7,68.7,68.7,68.7,2E+1,1
1690363800,68.87,68.87,68.29,68.29,50.49332999,8
1690364700,68.52,68.53,67.91,68.07,9.16304871,7
1690365600,68.13,68.69,68.13,68.66,10.95227131,8
1690366500,68.79,68.86,68.79,68.86,0.38324428,2
1690367400,69.2,69.22,69.2,69.22,1.03880439,2
1690368300,69.23,69.23,69.2,69.2,1.27860893,3
1690369200,69.06,69.23,68.83,68.83,32.51014465,10
1690370100,69.0,69.43,69.0,69.43,50.84532042,7
1690371000,69.16,69.65,68.63,68.63,11.73081563,20
1690371900,68.75,68.8,68.68,68.69,65.68788233,15
1690372800,68.82,68.9,68.65,68.9,96.04634968,16
1690373700,69.19,69.51,69.08,69.51,119.24998081,18
1690374600,69.39,69.7,69.06,69.22,233.09971927,24
1690375500,69.07,69.23,68.93,69.23,22.90797452,11
1690376400,69.45,69.7,69.45,69.7,27.67868906,9
1690377300,69.75,69.95,69.42,69.42,36.91051028,9
1690378200,69.33,69.42,69.33,69.42,1.26950793,2
1690379100,69.48,69.55,69.48,69.55,3E+1,3
1690380000,69.5,69.5,69.37,69.47,30.2,4
1690380900,69.54,71.99,69.54,70.34,526.93083068,78
1690381800,70.56,71.28,70.52,70.82,104.48271334,27
1690382700,71.11,71.11,70.6,70.6,7.00913717,7
1690383600,70.68,71.15,70.68,71.06,15.66456163,6
1690384500,70.98,70.98,70.86,70.86,0.75870474,2
1690385400,71.19,72.02,71.13,72.02,433.56067523,40
1690386300,71.6,71.73,71.35,71.57,104.55756784,17
1690387200,71.78,72.57,71.78,72.19,553.23221193,45
1690388100,72.06,72.75,72.06,72.71,72.40369153,18
1690389000,72.81,73.16,72.51,72.51,21.34667415,22
1690389900,72.15,72.27,71.7,72.27,17.47819385,8
1690390800,72.09,72.13,71.43,71.43,27.3847415,14
1690391700,71.39,71.45,71.15,71.45,10.36792645,6
1690392600,71.12,71.19,70.92,70.97,417.27504403,33
1690393500,71.01,71.13,70.76,70.76,265.8011799,22
1690394400,71.47,71.65,71.08,71.13,90.42714886,19
1690395300,71.29,71.54,71.29,71.5,415.41992766,35
1690396200,71.07,72.3,70.98,72.16,438.2311472,52
1690397100,71.87,72.18,71.07,71.23,54.77762872,15
1690398000,71.25,71.25,70.89,71.22,15.94957806,7
1690398900,70.89,71.21,70.8,71.21,18.27887046,6
1690399800,71.29,71.39,71.13,71.28,46.60830073,8
1690400700,71.35,71.35,71.24,71.26,10.44019448,4
1690402500,71.4,71.9,71.33,71.79,29.23032898,11
1690403400,71.55,71.55,71.45,71.48,137.1446648,8
1690404300,71.48,71.8,71.37,71.37,176.22073173,18
1690405200,71.41,71.42,70.8,70.8,37.45631633,34
1690406100,71.07,71.11,70.71,71.05,48.20506541,15
1690407000,71.18,71.18,70.86,70.86,75.47367789,7
1690407900,70.74,70.74,70.74,70.74,0.48696,2
1690408800,71.28,71.28,71.05,71.05,10.98074524,4
1690409700,70.92,70.92,70.82,70.85,23.74534689,3
1690410600,70.95,70.95,70.44,70.56,77.9360874,17
1690411500,70.52,70.7,70.29,70.68,599.02469322,44
1690412400,70.94,71.19,70.94,71.19,11.26205395,6
1690413300,71.04,71.04,70.9,71.04,10.27904681,3
1690415100,70.53,70.84,70.53,70.84,68.72164844,6
1690416000,70.37,70.52,70.18,70.31,524.90007311,34
1690416900,70.57,71.28,70.57,71.28,5.69465147,6
1690417800,71.46,71.74,70.87,70.87,30.55095659,10
1690418700,70.71,70.74,70.71,70.74,0.82786656,2
1690419600,70.65,70.65,70.56,70.56,0.84692948,2
1690420500,71.16,71.29,71.16,71.29,65.05471446,7
1690422300,71.2,71.2,71.2,71.2,10.02802091,1
1690424100,71.4,71.82,71.4,71.82,1.46307283,4
1690425000,71.78,72.03,71.78,72.03,49.67000159,7
1690425900,71.81,71.95,71.81,71.95,28.95983231,2
1690426800,71.43,71.43,71.23,71.34,16.35012562,6
1690427700,71.12,71.24,71.12,71.21,29.68586124,7
1690429500,71.07,71.07,70.7,70.7,69.72746548,9
1690430400,71.05,71.09,71.04,71.09,10.06,3
1690431300,71.28,71.65,71.28,71.65,0.52652575,2
1690433100,71.63,71.63,71.63,71.63,24.06592489,1
1690434900,71.46,71.47,71.46,71.47,15.9,2
1690435800,71.57,71.82,71.57,71.82,5.05048484,2
1690436700,71.91,71.91,71.89,71.89,4.16978694,2
1690437600,71.89,72.2,71.82,71.83,128.17222034,15
1690438500,71.84,72.41,71.84,72.41,57.81236211,6
1690439400,72.53,72.75,72.23,72.23,2.66530498,7
1690440300,72.52,72.54,72.14,72.15,174.7438296,18
1690441200,72.74,72.88,72.74,72.79,1.89049344,4
1690442100,72.77,73.0,72.55,72.92,185.60159135,25
1690443000,73.04,73.14,72.51,72.54,207.55083213,25
1690443900,72.55,72.55,72.17,72.17,27.65227755,8
1690444800,72.15,72.15,71.38,71.39,4.89070137,9
1690445700,71.24,71.24,71.12,71.12,2.14372241,3
1690446600,71.62,71.62,71.54,71.54,0.29112808,3
1690447500,71.75,71.75,71.75,71.75,12.5541,1
1690449300,71.33,71.42,71.33,71.42,0.92929,2
1690451100,72.01,72.81,72.01,72.81,6.68366745,9
1690452000,72.68,74.17,72.68,73.25,773.92634879,73
1690452900,73.15,73.15,72.51,72.51,3.48694812,9
1690453800,72.27,72.27,71.79,71.79,43.85818631,13
1690454700,71.97,71.98,71.83,71.83,10.2496906,6
1690455600,71.66,71.66,71.66,71.66,0.50299694,1
1690456500,71.65,71.65,71.43,71.51,6.48159351,7
1690457400,72.37,72.59,72.19,72.19,2.1813471,4
1690458300,71.87,71.87,71.79,71.79,2.79651643,3
1690459200,71.83,71.83,71.59,71.61,22.32054781,8
1690460100,71.43,71.43,71.38,71.38,2.91829575,2
1690461000,71.46,71.46,71.09,71.09,169.55198886,20
1690461900,71.38,71.5,71.38,71.5,2.08068702,2
1690462800,71.42,71.42,71.0,71.0,7.29546959,3
1690463700,71.61,71.65,71.57,71.57,12.38642996,5
1690464600,71.32,71.32,71.32,71.32,1,1
1690465500,71.52,71.52,71.52,71.52,1.00214,1
1690466400,71.07,71.25,71.07,71.25,2.83882113,3
1690468200,70.98,70.98,70.46,70.46,19.85164757,12
1690469100,70.69,70.76,70.69,70.76,18.15429612,4
1690470000,71.0,71.0,70.74,70.74,2.96248952,2
1690470900,70.89,70.89,70.68,70.68,10.80395125,3
1690471800,70.67,70.67,70.6,70.6,99.67788237,6
1690472700,70.64,70.69,70.64,70.69,11.4325245,4
1690473600,70.65,70.65,70.36,70.55,46.8780975,5
1690475400,70.42,70.51,70.4,70.51,100.35505311,18
1690476300,70.55,70.59,70.55,70.59,0.14160246,2
1690478100,70.94,70.94,70.94,70.94,0.26520654,1
1690479000,70.9,70.9,70.89,70.89,0.06945,2
1690479900,70.43,70.43,70.43,70.43,0.13791106,1
1690480800,70.48,70.48,70.48,70.48,0.18886,1
1690481700,70.56,70.56,70.56,70.56,1,1
1690482600,70.43,70.44,69.72,69.85,379.81831732,42
1690483500,69.89,69.89,69.67,69.67,3.36450784,4
1690484400,69.92,69.92,69.8,69.8,0.24019308,2
1690485300,69.89,70.72,69.89,70.65,528.51816044,45
1690486200,70.02,70.02,69.89,69.89,0.40794506,2
1690487100,69.89,70.2,69.89,70.16,7.58013713,3
1690488000,70.06,70.06,69.88,69.9,205.10917571,19
1690488900,69.9,69.91,69.71,69.74,24.52708,48
1690489800,69.75,69.79,69.57,69.65,113.58277172,74
1690490700,69.63,69.77,69.59,69.77,3.64797,13
1690491600,69.8,69.8,69.8,69.8,0.14160246,1
1690493400,69.9,69.9,69.9,69.9,31.73906073,2
1690494300,70.19,70.34,70.19,70.34,15.96611451,3
1690495200,70.16,70.16,70.1,70.1,84.28394536,5
1690496100,70.28,70.34,70.26,70.34,34.46523585,4
1690497900,70.16,70.16,70.16,70.16,15,1
1690498800,70.0,70.0,69.95,69.98,17.10515,3
1690499700,69.96,69.96,69.87,69.87,0.18112908,2
1690500600,69.87,69.99,69.87,69.99,0.37872475,2
1690501500,70.08,70.14,70.08,70.14,0.3,2
1690502400,70.05,70.07,69.97,69.97,4.08900985,6
1690503300,70.59,70.85,70.59,70.85,22.3990996,8
1690504200,70.83,70.96,70.76,70.96,100.42402311,8
1690505100,71.05,71.59,71.05,71.41,19.96525434,18
1690506000,71.34,71.34,70.91,70.91,23.66318921,4
1690506900,70.9,70.9,70.8,70.8,85.015,6
1690507800,70.75,70.75,70.75,70.75,0.15851936,1
1690508700,70.71,70.71,70.71,70.71,0.26424812,1
1690510500,70.37,70.37,70.08,70.08,243.68184789,16
1690511400,70.17,70.17,70.12,70.12,4.6366174,3
1690512300,70.09,70.09,70.09,70.09,5.28,1
1690514100,70.46,70.46,70.46,70.46,26.27581589,1
1690516800,70.07,70.07,70.02,70.02,0.65272056,3
1690517700,69.95,69.96,69.95,69.96,0.45133583,2
1690520400,69.67,69.67,69.43,69.43,25.01872741,7
1690521300,69.52,69.52,69.52,69.52,0.15444974,1
1690522200,69.6,69.6,69.6,69.6,4.6186561,1
1690523100,69.33,69.33,69.32,69.32,1.28832899,3
1690525800,69.89,70.03,69.86,69.88,3.39698798,4
1690526700,69.78,69.8,69.78,69.8,3.05418,3
1690528500,69.99,70.05,69.99,70.05,153.30671721,9
1690529400,69.8,69.8,69.43,69.43,8.89690909,3
1690530300,69.47,69.49,69.47,69.49,93.56556787,5
1690533000,69.58,69.58,69.58,69.58,91.7297514,4
1690535700,69.54,69.59,69.54,69.59,7,3
1690536600,69.62,69.75,69.61,69.75,2.24227,3
1690538400,69.86,69.96,69.86,69.96,10.60939289,2
1690539300,70.08,70.09,70.08,70.09,1.42653352,2
1690540200,70.11,70.11,70.03,70.03,0.36153182,2
1690541100,69.86,69.99,69.86,69.99,143.97425885,9
1690542000,70.21,70.59,70.21,70.59,3.22797519,6
1690542900,70.33,70.33,70.3,70.3,1.44062074,5
1690546500,70.39,70.39,70.39,70.39,0.27,1
1690547400,70.55,70.55,70.54,70.54,9.90992335,3
1690548300,70.69,70.69,70.69,70.69,0.95931472,1
1690549200,70.78,70.78,70.66,70.66,0.38329025,3
1690550100,70.51,70.51,70.46,70.5,1.01981939,7
1690551000,70.31,70.32,70.22,70.22,11.63822806,3
1690551900,70.11,70.11,69.94,69.94,10.18941724,4
1690552800,70.08,70.08,70.08,70.08,0.81382373,2
1690553700,70.18,70.29,70.18,70.29,4.1372,5
1690554600,70.59,70.95,70.59,70.95,77.78866073,8
1690555500,70.92,71.05,70.77,70.77,129.72390797,14
1690556400,71.02,71.3,71.02,71.3,95.25530648,10
1690557300,71.33,71.34,71.33,71.34,147.2236053,10
1690558200,70.92,70.92,70.77,70.77,4.71347274,7
1690560000,70.88,70.88,70.88,70.88,2.01073235,1
1690560900,70.76,70.76,70.76,70.76,1E+1,1
1690561800,70.71,70.71,70.6,70.6,1.19090529,5
1690563600,70.37,70.37,70.31,70.31,0.38629486,2
1690564500,70.21,70.21,70.07,70.07,109.90896203,6
1690565400,70.09,70.09,69.92,69.92,2.04352561,5
1690568100,69.9,69.91,69.9,69.91,2.0198317,2
1690570800,70.09,70.14,70.04,70.14,71.12130004,5
1690572600,70.23,70.23,70.23,70.23,1E+1,2
1690573500,70.34,70.34,70.34,70.34,4.43037674,1
1690574400,70.13,70.37,70.12,70.18,6.247,22
1690575300,70.59,70.62,70.59,70.62,30.16057724,2
1690577100,70.78,70.97,70.72,70.97,2.91932512,6
1690578900,70.94,70.95,70.94,70.94,13.9972798,3
1690581600,71.05,71.33,71.05,71.33,18.9937657,6
1690582500,71.43,71.67,71.29,71.67,20.24345626,13
1690583400,71.45,71.57,71.22,71.45,9.10458138,9
1690584300,71.45,71.45,71.45,71.45,20.98601259,2
1690585200,71.45,71.89,71.45,71.89,96.59254211,9
1690587000,71.64,71.64,71.64,71.64,4.18406699,1
1690587900,71.89,72.41,71.88,72.41,15.44206685,14
1690588800,72.52,73.76,72.21,73.76,162.88334894,41
1690589700,73.7,73.93,73.61,73.93,457.41024233,26
1690590600,74.05,74.22,74.05,74.18,53.82120193,9
1690591500,74.08,74.73,73.98,74.15,112.73028203,20
1690592400,74.58,74.58,74.57,74.57,4.99326786,3
1690593300,74.65,74.84,74.61,74.81,58.489502,13
1690594200,74.52,74.52,74.28,74.37,230.3,16
1690596000,74.61,74.61,74.17,74.17,3E+2,30
1690596900,74.43,74.43,74.43,74.43,2.92,1
1690597800,73.89,73.89,73.55,73.55,76.72491734,10
1690598700,73.53,73.53,73.41,73.41,28.25251105,5
1690599600,73.74,73.74,73.74,73.74,20.71567034,1
1690600500,73.52,73.55,73.52,73.55,52.20341369,5
1690601400,73.27,73.27,73.11,73.11,0.85377332,4
1690602300,73.02,73.02,72.78,72.78,102.44997803,10
1690603200,72.85,72.85,72.68,72.68,110.03307024,6
1690604100,72.85,72.85,72.57,72.57,91.05519243,9
1690605000,73.14,73.18,73.06,73.06,77.40864889,10
1690605900,73.28,73.28,73.25,73.25,22.76424214,3
1690606800,73.06,73.06,73.06,73.06,15.86796605,1
1690607700,72.74,72.76,72.71,72.76,82.76099787,8
1690609500,72.79,72.8,72.79,72.8,1.38382012,2
1690611300,72.95,72.98,72.95,72.98,6.85677274,2
1690612200,72.74,72.74,72.51,72.51,0.29931838,2
1690614900,72.77,72.77,72.77,72.77,0.13539,1
1690615800,72.69,72.76,72.68,72.76,35.91237622,4
1690616700,72.77,72.77,72.66,72.77,30.6866638,3
1690617600,72.55,72.55,72.55,72.55,2.781796,1
1690619400,72.37,72.37,72.37,72.37,0.15675937,1
1690620300,72.19,72.19,71.92,71.92,1.64022596,5
1690622100,71.91,71.93,71.91,71.91,4E+1,3
1690624800,71.94,71.94,71.87,71.87,0.35124548,3
1690625700,72.11,72.11,72.11,72.11,0.78725,1
1690626600,72.03,72.03,72.03,72.03,0.13883104,1
1690629300,72.13,72.14,72.13,72.14,4.3273385,2
1690631100,71.82,71.9,71.82,71.9,4.29430289,2
1690632000,71.87,72.0,71.87,71.99,11.42449677,3
1690632900,71.86,71.87,71.86,71.87,14,2
1690633800,71.88,71.88,71.77,71.77,441.84337641,19
1690634700,71.73,71.73,71.66,71.66,0.66889685,2
1690635600,71.71,71.76,71.71,71.76,2.67387082,2
1690640100,71.87,71.87,71.87,71.87,0.69109,1
1690641000,72.0,72.0,72.0,72.0,6.18956753,1
1690642800,71.91,72.01,71.91,72.01,4.40117502,2
1690644600,72.05,72.08,72.05,72.08,162.88984365,4
1690646400,71.9,71.9,71.9,71.9,65.66148459,1
1690647300,71.59,71.62,71.46,71.62,89.44759405,10
1690648200,71.57,71.63,71.57,71.63,1.69788,2
1690649100,71.71,71.71,71.71,71.71,16.81753876,1
1690650900,71.9,71.99,71.9,71.99,79.51234974,3
1690651800,72.37,72.92,72.37,72.9,3.55864417,8
1690653600,72.43,72.51,71.85,71.85,5.5166032,7
1690654500,71.79,71.92,71.79,71.92,0.91910281,2
1690655400,72.03,72.03,72.03,72.03,0.35216556,1
1690656300,72.04,72.04,72.04,72.04,0.3451,2
1690660800,72.02,72.03,71.91,72.03,178.13500122,12
1690661700,71.98,71.98,71.97,71.97,3.34601973,2
1690662600,71.92,72.65,71.92,72.65,134.33610086,16
1690667100,72.4,72.4,72.4,72.4,0.11,1
1690668000,72.39,72.39,72.37,72.39,0.71164799,3
1690668900,72.49,72.49,72.49,72.49,1,1
1690672500,72.34,72.34,72.33,72.33,82.75,5
1690673400,72.38,72.38,72.38,72.38,48.63221884,2
1690675200,72.17,72.17,71.92,71.92,1.15154061,2
1690676100,71.79,71.79,71.71,71.71,2.78590332,2
1690681500,71.96,71.98,71.96,71.98,9.13689097,4
1690684200,72.23,72.25,72.23,72.25,86.77520927,4
1690685100,72.37,72.6,72.37,72.6,1.03817079,3
1690687800,72.48,72.48,72.48,72.48,1.10515,1
1690688700,72.55,72.55,72.53,72.53,2.72875279,2
1690689600,72.28,72.35,72.27,72.29,91.48610283,8
1690691400,72.74,72.77,72.74,72.77,1.25904369,2
1690692300,72.84,72.86,72.84,72.86,85.78150511,6
1690694100,72.81,73.1,72.81,73.1,2.10883068,6
1690696800,72.76,72.76,72.51,72.51,4.45768838,2
1690698600,72.15,72.21,72.05,72.21,8.70544832,3
1690699500,72.23,72.25,72.23,72.24,66.40885004,8
1690702200,72.09,72.09,71.82,71.84,11.18486073,6
1690703100,72.04,72.04,72.04,72.04,0.04104,1
1690707600,72.03,72.03,72.03,72.03,3.52292926,1
1690713000,71.96,71.96,71.96,71.96,0.11,1
1690713900,72.01,72.01,72.01,72.01,4.23543276,1
1690719300,72.6,72.74,72.6,72.71,14.13739277,3
1690720200,72.71,72.71,72.71,72.71,0.46760489,1
1690721100,72.65,72.65,72.58,72.58,49.18520884,2
1690722000,72.61,72.67,72.61,72.67,32.18196089,6
1690722900,72.35,72.35,72.35,72.35,4.14193014,2
1690723800,72.36,72.36,72.36,72.36,46.91,2
1690726500,72.74,72.93,72.74,72.82,12.33962137,7
1690727400,72.94,73.1,72.71,73.1,590.39242526,50
1690728300,73.25,73.25,73.25,73.25,13.65187712,2
1690729200,73.01,73.01,72.77,72.77,75.99127249,8
1690731000,72.74,72.74,72.74,72.74,1.03106956,2
1690731900,72.51,72.51,72.51,72.51,0.25768838,1
1690732800,72.53,72.68,72.51,72.68,0.44027699,4
1690734600,72.24,72.24,72.24,72.24,0.03228,1
1690735500,72.39,72.39,72.39,72.39,0.11,1
1690737300,72.53,72.53,72.53,72.53,0.11183154,1
1690738200,72.72,73.89,72.72,73.25,180.95423178,30
1690739100,73.16,73.68,73.16,73.56,27.26401297,8
1690740000,73.58,73.85,73.58,73.85,1.15706565,4
1690741800,73.69,73.69,73.69,73.69,15,1
1690743600,73.47,73.47,73.47,73.47,0.03005908,1
1690744500,73.25,73.25,73.25,73.25,0.25508512,1
1690745400,73.19,73.19,73.01,73.01,18.44267783,5
1690746300,72.95,72.95,72.0,72.18,255.27413556,28
1690747200,72.0,72.03,71.06,71.06,1677.86442969,83
1690748100,71.2,71.93,71.2,71.39,159.24061443,17
1690749000,71.95,72.15,71.95,72.15,63.15065575,10
1690749900,71.93,72.02,71.76,72.02,83.71584104,9
1690750800,71.52,71.52,71.43,71.43,1.2205245,2
1690751700,71.43,71.51,71.43,71.51,15.57864,4
1690752600,71.25,71.5,71.24,71.5,86.89722797,3
1690753500,71.26,71.26,71.25,71.26,66.96547457,4
1690754400,71.15,71.2,71.07,71.16,96.0964304,8
1690755300,71.09,71.09,70.97,71.07,146.40745953,10
1690756200,70.93,70.94,70.78,70.78,22.15078407,6
1690758000,70.77,70.77,70.73,70.77,87.96776859,6
1690758900,71.12,71.35,71.12,71.35,41.04467,3
1690759800,71.13,71.13,71.02,71.02,51.28648849,6
1690760700,70.94,70.94,70.94,70.94,2E+1,1
1690761600,70.71,70.71,70.46,70.46,116.32157939,9
1690762500,71.28,72.03,71.28,72.03,4.74633321,11
1690763400,72.16,72.3,71.64,72.04,31.20915365,8
1690764300,72.37,72.81,72.37,72.81,3.09342629,8
1690765200,72.48,73.39,72.44,73.25,26.23618999,14
1690766100,73.47,73.89,73.47,73.89,25.96867899,10
1690767000,73.94,74.22,73.8,73.85,36.34897502,9
1690767900,74.01,75.77,74.01,75.77,332.00473996,70
1690768800,75.78,76.19,75.24,75.24,29.51861322,25
1690769700,75.11,76.0,74.95,75.95,70.71320049,12
1690770600,76.07,76.87,76.07,76.78,427.85140088,49
1690771500,76.55,76.72,76.55,76.72,41.3368653,11
1690772400,76.82,76.93,76.46,76.9,45.95681111,14
1690773300,76.89,77.39,76.73,77.25,53.1097374,21
1690774200,77.21,77.21,74.84,75.61,1040.9108674,100
1690775100,75.72,75.72,75.72,75.72,0.24847004,1
1690776000,76.1,76.29,75.62,75.67,120.3504928,17
1690776900,75.49,75.9,75.49,75.68,92.51819615,11
1690777800,75.52,75.58,75.02,75.02,25.61314116,9
1690778700,75.38,75.8,75.38,75.8,3.37374467,7
1690779600,75.89,76.01,75.85,75.85,8.82663332,5
1690780500,75.52,75.84,75.36,75.84,32.62992291,8
1690781400,75.92,76.24,75.92,76.17,112.17987268,18
1690782300,76.23,76.46,76.23,76.43,8.47624,4
1690783200,76.15,77.35,76.15,77.3,307.04719246,46
1690784100,77.09,79.08,77.03,78.47,1328.98492427,177
1690785000,78.64,79.34,77.66,77.66,324.35318057,63
1690785900,77.81,78.15,77.36,77.36,103.794586,33
1690786800,77.25,77.51,76.25,76.25,173.05311518,48
1690787700,76.25,76.79,76.1,76.28,47.15890999,18
1690788600,76.13,76.13,75.38,75.83,54.72709426,28
1690789500,75.71,76.16,75.71,76.16,244.94632497,32
1690790400,76.25,76.25,75.49,75.73,842.97723388,86
1690791300,75.77,76.68,75.49,76.53,299.52554899,56
1690792200,76.68,76.77,75.34,75.97,309.2596392,46
1690793100,75.74,75.9,74.9,75.44,215.46454424,31
1690794000,75.48,75.52,74.16,74.16,239.43975408,61
1690794900,74.39,74.48,73.43,73.73,426.51179025,36
1690795800,73.63,73.63,73.15,73.15,44.48005047,23
1690796700,73.0,73.52,72.81,73.52,240.70756059,28
1690797600,73.5,73.74,73.5,73.74,38.0292715,4
1690798500,73.68,73.85,73.68,73.85,3.82347942,2
1690799400,73.65,73.65,73.34,73.43,27.43330697,8
1690800300,73.25,73.25,73.25,73.25,0.25508511,1
1690801200,73.19,73.19,72.24,72.53,58.40713938,17
1690802100,72.19,72.19,71.23,71.34,260.59212273,51
1690803900,71.42,71.55,71.31,71.55,243.36112374,24
1690804800,71.44,71.54,71.22,71.53,36.46297496,15
1690805700,71.54,72.01,71.52,71.95,108.36159157,19
1690806600,71.95,71.95,71.95,71.95,1.77043941,1
1690807500,71.67,71.67,71.67,71.67,0.55811357,1
1690808400,71.43,71.51,71.07,71.37,77.45627198,25
1690809300,71.18,71.22,70.11,70.11,207.64601591,31
1690810200,70.41,70.42,69.1,69.7,320.89857588,62
1690811100,69.68,70.02,69.39,70.02,69.81229324,18
1690812000,70.21,70.58,70.21,70.53,525.70766236,67
1690812900,69.83,69.83,69.62,69.7,100.55584336,19
1690813800,70.02,70.28,70.02,70.28,5.64268627,3
1690814700,70.3,70.3,69.42,69.53,162.50734381,26
1690815600,69.48,69.48,67.97,68.19,262.38842668,127
1690816500,67.97,68.41,66.4,66.71,1644.47061195,189
1690817400,66.68,66.79,66.5,66.64,69.28282311,13
1690818300,66.49,67.32,66.35,67.32,426.83099022,35
1690819200,67.33,67.85,66.96,67.13,635.9007229,44
1690820100,67.05,67.4,67.05,67.35,34.84944109,9
1690821000,67.37,67.7,67.37,67.7,94.16128748,14
1690821900,67.84,68.05,67.84,68.05,1.9624071,6
1690822800,67.99,68.01,67.89,67.97,258.92760658,22
1690823700,67.73,67.75,67.11,67.11,48.25768008,15
1690824600,67.0,67.0,66.63,66.63,5.53946625,6
1690825500,66.8,67.51,66.8,67.09,416.72961213,39
1690826400,67.26,67.35,67.05,67.13,207.75014393,27
1690827300,67.31,67.55,67.08,67.5,155.42548692,32
1690828200,67.56,67.57,67.51,67.54,17.22575932,5
1690829100,67.51,67.51,67.17,67.28,63.2261893,12
1690830000,67.33,67.33,67.1,67.1,0.74447461,4
1690831800,67.35,67.58,67.34,67.58,131.32606062,14
1690832700,67.71,67.97,67.71,67.88,74.69979287,22
1690833600,68.01,68.78,68.01,68.78,47.05176403,22
1690834500,68.59,68.59,68.36,68.59,11.04435069,4
1690835400,68.67,68.79,68.6,68.79,35.8233564,9
1690836300,68.25,68.25,68.25,68.25,0.23470769,1
1690837200,67.97,68.2,67.84,68.2,3.04257783,7
1690838100,68.17,68.26,65.62,66.1,768.67642955,120
1690839000,66.18,66.29,65.69,65.69,69.86456422,20
1690839900,65.65,65.77,65.59,65.77,24.03642564,5
1690840800,65.7,65.7,65.64,65.64,18.09680987,3
1690841700,65.84,65.84,65.84,65.84,0.22844801,1
1690842600,66.05,66.05,65.88,65.88,14.81478108,5
1690843500,65.98,65.98,65.98,65.98,0.21638,1
1690844400,66.11,66.13,65.95,66.09,72.36343758,15
1690845300,65.93,65.93,65.88,65.9,6.07979827,3
1690846200,65.86,66.18,65.86,66.18,8.23998394,3
1690847100,66.13,66.13,66.11,66.11,217.52669746,6
1690848000,66.37,66.45,65.81,65.81,85.96454256,15
1690848900,66.06,66.06,66.06,66.06,3,1
1690849800,66.22,66.22,66.22,66.22,0.22888547,1
1690850700,66.26,66.4,66.21,66.21,239.41187536,18
1690851600,66.06,66.06,65.48,65.48,8.80340223,4
1690852500,65.55,65.59,64.04,64.14,281.58209657,63
1690853400,64.11,64.11,61.94,61.94,1316.77768855,163
1690854300,62.16,62.58,62.16,62.58,66.80177052,20
1690855200,62.66,62.94,61.02,62.68,99.0073904,69
1690856100,62.98,63.43,62.46,62.87,206.6538675,37
1690857000,62.64,62.98,62.64,62.87,36.94500369,9
1690857900,62.85,63.13,62.78,62.78,22.62909249,9
1690858800,62.85,63.08,62.75,62.94,909.76143292,37
1690859700,62.92,62.92,62.79,62.79,15.09296842,7
1690860600,62.63,62.65,61.52,61.52,278.16502105,36
1690861500,61.55,61.71,61.36,61.36,215.38276717,27
1690862400,61.54,62.05,61.54,61.9,122.0574257,25
1690863300,61.85,61.98,61.85,61.98,113.22480368,23
1690864200,61.83,62.1,61.72,62.04,273.09506048,29
1690865100,61.94,61.95,61.83,61.95,17.25287993,7
1690866000,61.9,61.9,61.83,61.83,0.66533833,2
1690866900,62.08,62.09,61.93,62.02,43.62347343,43
1690867800,62.01,62.35,62.01,62.29,23.03888868,98
1690868700,62.26,62.45,62.12,62.45,72.95874223,11
1690869600,62.42,63.05,62.42,63.05,49.9207702,21
1690870500,62.87,63.18,62.52,63.07,161.28030568,22
1690871400,63.03,63.96,63.03,63.45,111.24539053,27
1690872300,63.41,63.93,63.36,63.93,80.27987192,8
1690873200,63.93,63.93,63.64,63.67,80.54640016,20
1690874100,63.81,63.81,63.41,63.78,80.16214885,19
1690875000,63.74,64.41,63.74,64.41,98.30108871,18
1690875900,64.39,64.79,64.28,64.79,434.40793625,64
1690876800,64.54,64.66,64.32,64.46,98.84875942,17
1690877700,64.18,64.64,64.17,64.64,17.97563773,8
1690878600,64.85,65.6,64.85,65.07,121.01622725,37
1690879500,65.29,65.64,65.29,65.44,83.38936218,16
1690880400,65.35,65.37,64.61,64.61,47.83627326,16
1690881300,64.56,64.56,63.94,63.97,167.69348938,30
1690883100,64.07,64.07,63.95,63.95,4.54458418,2
1690884000,63.81,63.81,63.0,63.6,38.1588914,27
1690884900,63.78,64.24,63.78,64.24,67.08056495,13
1690885800,64.31,64.37,63.86,63.86,129.7089711,16
1690886700,63.92,63.92,63.04,63.18,500.56264008,54
1690887600,63.2,64.3,63.19,64.26,386.59584118,70
1690888500,64.41,64.51,64.31,64.31,115.88769227,20
1690889400,64.39,64.46,63.91,63.91,35.39072385,10
1690890300,63.8,63.8,63.8,63.8,11.74423975,1
1690891200,63.95,64.13,63.72,63.72,0.87947292,3
1690892100,63.68,63.68,63.09,63.19,31.1030084,10
1690893000,63.6,64.24,63.6,64.24,13.81531771,13
1690893900,64.09,64.26,64.09,64.26,0.72826,3
1690894800,64.07,64.07,64.0,64.0,11.962,2
1690895700,63.72,63.72,63.4,63.4,3.01974493,6
1690896600,63.32,63.32,62.87,62.87,66.00115327,9
1690897500,62.85,62.88,62.47,62.47,27.74665731,14
1690898400,62.45,62.77,62.38,62.6,36.33478346,7
1690899300,62.73,62.73,62.35,62.35,261.06359643,26
1690900200,62.18,62.37,61.68,62.37,219.56784927,40
1690901100,62.27,62.31,62.01,62.07,158.15861629,11
1690902000,62.17,62.17,61.76,61.76,51,9
1690903800,62.35,63.04,62.35,62.92,290.76448485,30
1690904700,63.04,63.06,62.47,62.74,212.27872035,19
1690905600,62.54,63.37,62.29,62.78,174.27325461,17
1690906500,62.88,63.02,62.47,62.99,355.15639608,33
1690907400,63.17,63.18,63.03,63.11,35,5
1690908300,63.1,63.18,62.93,63.05,29.69494903,8
1690909200,63.12,63.12,63.03,63.03,1.14810709,2
1690910100,63.01,63.15,63.01,63.15,2384.69744565,105
1690911000,63.15,63.31,62.82,63.31,734.53417776,77
1690912800,63.31,63.6,63.31,63.6,17.07503903,8
1690913700,63.64,63.64,63.56,63.56,4.94446358,3
1690914600,63.65,64.22,63.65,64.22,316.66841554,19
1690915500,64.21,64.41,64.21,64.26,121.02685972,16
1690916400,64.35,65.04,64.25,64.7,300.75695129,34
1690917300,64.49,64.67,64.25,64.5,228.08958423,21
1690918200,64.29,64.32,64.0,64.0,48.48026011,12
1690919100,64.0,64.04,64.0,64.04,92.99296139,14
1690920000,64.0,64.0,64.0,64.0,1.93403811,4
1690920900,63.97,64.05,63.89,63.89,7.679923,3
1690921800,63.98,63.98,63.98,63.98,0.27,1
1690922700,64.28,64.37,64.28,64.37,9.5432421,4
1690923600,64.24,64.63,64.24,64.63,2.2303119,6
1690924500,64.67,64.67,64.67,64.67,0.18431706,1
1690927200,64.04,64.04,64.04,64.04,0.29177053,1
1690929000,64.19,64.19,64.19,64.19,0.11918822,1
1690929900,64.56,65.85,64.56,65.64,91.42610965,29
1690930800,65.7,65.7,65.15,65.38,50.10466571,13
1690931700,65.46,65.46,65.41,65.41,7.94190327,5
1690932600,65.39,65.83,65.36,65.83,0.63000684,3
1690933500,65.81,65.88,65.6,65.88,83.07444081,12
1690934400,65.98,66.33,65.48,65.65,73.99870688,22
1690935300,65.61,66.59,65.38,66.19,290.1969073,53
1690936200,66.18,66.96,66.18,66.84,69.29720669,22
1690937100,66.99,67.25,66.61,66.61,22.23091423,13
1690938000,66.51,66.54,66.28,66.54,8.07011689,13
1690938900,66.66,66.95,66.66,66.95,125.87521361,7
1690939800,66.3,66.41,66.2,66.2,5.73221157,7
1690940700,66.17,66.17,65.7,65.7,119.63446157,16
1690941600,65.65,65.65,64.95,64.95,140.72596979,47
1690942500,65.26,65.39,65.24,65.24,5.25458315,3
1690943400,65.17,65.53,65.17,65.53,14.11133668,4
1690944300,65.61,66.85,65.6,66.23,190.85518292,36
1690945200,66.26,66.84,66.13,66.7,245.53329552,23
1690946100,66.84,66.85,66.35,66.66,239.23865184,22
1690947000,66.3,66.3,65.97,66.13,44.28692913,6
1690947900,65.88,65.88,65.88,65.88,1,2
1690948800,65.82,65.82,65.82,65.82,7.6028,1
1690949700,66.01,66.01,65.91,65.91,3.1424,2
1690950600,65.99,66.24,65.99,66.23,11.10046896,4
1690951500,65.91,65.91,65.89,65.89,6.48607206,5
1690952400,65.8,65.8,65.65,65.65,0.77617515,2
1690953300,65.46,65.52,65.45,65.51,2.5551728,7
1690954200,65.93,65.93,65.85,65.85,95.8499362,6
1690955100,65.7,65.7,65.1,65.15,220.57816752,33
1690956000,65.04,65.22,65.02,65.02,272.73152414,36
1690956900,65.0,65.0,64.94,64.95,311.60549072,13
1690957800,65.17,65.17,64.57,64.57,115.46435306,13
1690958700,64.67,64.67,64.36,64.36,15.60501474,8
1690959600,64.72,64.88,64.72,64.88,3.9605682,2
1690960500,65.06,65.06,65.06,65.06,4.65795541,2
1690961400,65.06,65.06,65.06,65.06,0.16092937,1
1690962300,64.71,64.71,64.21,64.35,407.61415992,41
1690963200,64.46,64.5,63.85,63.85,58.14460083,18
1690964100,63.72,63.72,63.69,63.69,3.8334895,2
1690965000,64.07,64.24,64.07,64.24,3.22397727,3
1690965900,64.29,64.4,64.29,64.4,1.59737999,2
1690966800,63.88,63.88,63.64,63.64,5.41203166,5
1690968600,63.58,63.65,63.5,63.65,120.14147695,9
1690969500,64.0,64.01,64.0,64.01,3.63391345,2
1690970400,63.93,63.94,63.93,63.94,2.50858231,2
1690973100,63.86,63.86,63.85,63.85,3.62446485,2
1690974900,63.87,64.21,63.87,64.2,67.48502492,17
1690976700,64.18,64.2,64.16,64.17,12.46494234,6
1690977600,64.24,64.26,64.24,64.26,4.71668742,5
1690978500,63.92,63.92,63.77,63.77,6.77789622,6
1690979400,63.72,63.72,63.0,63.0,132.31787565,27
1690980300,62.87,62.98,62.78,62.98,48.03716447,13
1690981200,62.99,62.99,62.99,62.99,4,1
1690982100,62.72,62.72,62.72,62.72,1.11607143,1
1690983000,62.86,62.92,62.84,62.84,9.7303805,6
1690983900,62.6,62.6,62.4,62.4,6.1745521,8
1690984800,62.44,62.55,62.36,62.54,262.56782726,22
1690985700,62.54,62.54,62.45,62.45,254.34728149,62
1690986600,62.77,62.92,62.16,62.16,69.80165244,10
1690987500,62.07,62.2,62.0,62.0,89.03679343,8
1690988400,62.04,62.04,62.04,62.04,0.19049691,1
1690989300,62.22,62.45,62.22,62.45,106.09375282,20
1690990200,62.66,63.19,62.65,63.19,297.10976969,34
1690991100,63.04,63.33,62.78,63.33,11.34831112,6
1690992000,63.19,63.64,63.19,63.44,75.29157124,10
1690992900,63.32,63.36,63.3,63.36,8.08673504,5
1690993800,63.65,63.9,63.65,63.73,130.35828271,11
1690994700,63.8,63.8,62.26,62.47,160.77846862,34
1690995600,62.93,63.29,62.93,63.29,3.75922487,7
1690997400,62.94,62.94,62.94,62.94,9.55161932,4
1690998300,62.78,62.78,62.66,62.66,3.84762639,2
1691001000,62.9,62.9,62.88,62.88,42.02640834,9
1691001900,62.89,62.9,62.89,62.9,1.96782152,2
1691002800,63.17,63.2,63.17,63.2,4.18931499,3
1691004600,62.97,62.97,62.9,62.9,76,6
1691006400,62.93,62.96,62.93,62.96,8,3
1691007300,62.96,62.96,62.95,62.95,2.49947,2
1691010900,62.47,62.47,62.3,62.43,7.59874066,9
1691013600,62.98,63.41,62.98,63.41,1.88389524,6
1691014500,63.12,63.12,63.12,63.12,0.27730094,1
1691015400,63.08,63.13,62.78,62.78,103.67794213,8
1691016300,62.6,62.6,62.45,62.45,1.5768172,4
1691017200,62.55,62.55,62.41,62.53,29.30109083,4
1691018100,62.41,62.41,62.41,62.41,14.66628904,3
1691019000,62.33,62.33,61.8,61.89,6.87599179,18
1691019900,61.88,61.94,61.54,61.58,117.43384952,20
1691020800,61.52,61.52,61.25,61.25,46.4817088,16
1691021700,61.45,61.45,61.13,61.14,85.67498617,16
1691022600,61.11,61.6,61.11,61.16,35.39468368,10
1691023500,61.14,61.19,60.83,60.91,95.93973091,25
1691024400,60.9,61.43,60.81,61.26,16.5962085,15
1691025300,61.25,61.25,61.0,61.0,6.19001119,3
1691026200,61.23,61.46,61.23,61.44,26.93160048,8
1691027100,61.74,61.93,61.74,61.9,61.47044302,13
1691028000,62.05,62.15,61.48,61.63,228.87219401,21
1691028900,61.66,61.67,61.02,61.02,43.1068436,30
1691029800,61.05,61.21,59.63,59.8,459.23554078,69
1691030700,60.0,60.41,60.0,60.28,18.87627621,12
1691031600,60.01,60.01,59.95,59.99,9.54611971,3
1691032500,59.88,59.88,59.67,59.85,35.57210591,59
1691033400,59.65,59.65,59.27,59.35,261.52153845,42
1691034300,59.41,59.66,59.27,59.66,72.13103558,12
1691035200,59.58,60.1,59.53,59.97,258.66388254,26
1691036100,60.04,60.04,60.03,60.03,4.31936607,2
1691037000,59.81,59.81,59.8,59.8,3.586248,2
1691037900,60.0,60.0,59.97,59.97,64.75290651,2
1691038800,59.98,60.02,59.7,59.7,62.68646715,9
1691039700,59.79,59.79,59.71,59.72,20.61418587,8
1691041500,59.72,59.72,59.72,59.72,2.51172136,1
1691042400,59.57,59.57,59.53,59.53,5.03863076,4
1691043300,59.66,59.66,59.45,59.45,246.04632904,26
1691044200,59.37,59.37,59.22,59.22,57.495456,8
1691045100,59.63,59.63,59.63,59.63,1E+1,4
1691046000,59.5,59.59,59.5,59.59,11.99927006,2
1691046900,59.36,59.36,59.33,59.34,5.18865835,3
1691047800,59.41,59.41,59.23,59.34,19.87541125,6
1691049600,59.57,59.57,59.09,59.14,6.33467589,7
1691050500,59.01,59.01,58.7,58.7,47.74473016,15
1691051400,59.19,59.42,59.19,59.29,1E+2,20
1691052300,59.25,59.53,59.2,59.5,149.99962428,24
1691053200,59.52,59.52,59.33,59.33,216.73171184,48
1691054100,59.38,59.48,59.38,59.38,2E+2,44
1691057700,58.86,59.07,58.86,59.06,7.71244792,4
1691059500,59.24,59.45,59.12,59.45,26.45829569,12
1691060400,59.33,59.43,59.33,59.43,70.15512814,15
1691061300,59.57,59.84,59.57,59.63,68.62041248,16
1691062200,59.7,59.7,59.55,59.55,4E+1,7
1691063100,59.9,59.9,59.75,59.77,6E+1,8
1691064000,59.74,59.76,59.69,59.69,12,3
1691064900,59.5,59.5,58.85,58.99,8.66712908,8
1691065800,58.95,59.0,58.95,58.98,10.94779717,3
1691067600,59.21,59.21,59.21,59.21,0.19331593,1
1691068500,59.19,59.22,59.18,59.22,5.87281466,3
1691069400,58.95,58.95,58.95,58.95,4.58342206,3
1691070300,59.23,59.23,59.23,59.23,0.4966,1
1691071200,59.22,59.44,59.22,59.44,34.12131631,8
1691072100,59.57,59.73,59.43,59.43,177.36641248,18
1691073000,59.77,60.95,59.77,60.63,103.50990378,31
1691073900,60.6,60.67,60.28,60.3,15.40495172,8
1691074800,60.27,60.37,59.93,59.93,282.81397728,22
1691075700,59.81,60.34,59.74,60.26,469.68071799,35
1691076600,60.03,60.16,59.9,59.9,648.28079311,42
1691077500,59.9,60.16,59.84,59.84,75.19801689,11
1691078400,59.83,59.92,59.83,59.92,13.01098741,2
1691079300,59.81,59.82,59.7,59.7,53.31277176,5
1691080200,60.1,60.17,60.1,60.17,4E+1,5
1691081100,60.06,60.48,60.06,60.29,83.2604832,18
1691082000,60.34,60.5,60.34,60.39,5.3199034,5
1691084700,60.17,60.17,60.09,60.09,0.220264,2
1691085600,60.0,60.0,60.0,60.0,0.164,1
1691088300,60.05,60.42,60.05,60.42,12.33244115,6
1691089200,60.53,60.65,60.44,60.44,11.93199801,4
1691090100,60.4,60.4,60.4,60.4,34.15595198,3
1691091000,60.04,60.04,60.04,60.04,0.31120894,1
1691091900,60.07,60.07,59.78,59.78,19.79019241,4
1691092800,59.99,60.0,59.99,60.0,8.44865818,3
1691094600,60.0,60.0,60.0,60.0,11.55134182,1
1691095500,59.86,59.88,59.86,59.88,1.10623,2
1691096400,59.98,59.98,59.8,59.8,74.87324,5
1691097300,59.8,59.87,59.75,59.84,309.21097483,21
1691098200,60.03,60.04,60.03,60.03,26.49303,3
1691099100,60.0,60.0,59.88,59.88,50.07594,5
1691100000,60.04,60.04,58.86,59.63,101.43848063,25
1691100900,59.76,59.85,59.39,59.39,8.7294744,3
1691101800,59.75,60.02,59.75,60.0,148.31398292,17
1691102700,59.95,60.3,59.9,60.11,138.6773068,18
1691103600,59.98,59.98,59.9,59.9,5.32883709,3
1691104500,59.79,59.79,59.74,59.74,3.59027176,2
1691105400,59.93,60.01,59.93,60.01,8.66377,2
1691106300,60.01,60.01,60.01,60.01,0.24598,1
1691107200,59.88,60.39,59.88,59.97,6.35873941,5
1691108100,59.74,59.99,59.74,59.97,20.41027176,4
1691109000,60.22,60.83,60.22,60.68,51.08811544,16
1691109900,60.51,60.51,60.51,60.51,0.11997714,1
1691110800,61.02,61.22,60.64,60.65,90.78768982,13
1691111700,60.75,60.75,60.25,60.25,27.27978708,10
1691112600,60.14,60.14,60.14,60.14,0.16328567,1
1691113500,60.04,60.04,59.3,59.3,19.95235788,12
1691114400,59.36,59.36,59.15,59.15,12.30499522,7
1691115300,59.01,59.01,57.73,58.31,541.01579313,56
1691116200,58.3,58.38,57.92,57.99,279.92009973,16
1691117100,58.03,58.46,58.03,58.2,43.58540921,14
1691118000,58.16,58.16,57.86,57.86,0.70834571,3
1691118900,57.98,57.98,57.39,57.58,604.10678612,32
1691119800,57.69,57.71,57.64,57.71,9.89324566,3
1691120700,57.72,57.72,57.72,57.72,2.05037,1
1691121600,57.33,57.42,56.9,56.93,109.00825237,20
1691122500,57.17,57.17,56.42,56.42,290.0271588,85
1691123400,56.62,56.62,56.62,56.62,3.5289,1
1691124300,56.56,56.57,56.48,56.48,34.60893574,4
1691125200,56.8,57.0,56.8,56.96,3.94570751,6
1691126100,56.97,57.36,56.97,57.36,495.75569129,24
1691127000,57.18,57.18,57.18,57.18,4.5,1
1691128800,57.31,57.31,57.31,57.31,0.14286759,1
1691129700,57.59,57.59,57.47,57.47,15.29215204,2
1691130600,57.41,57.45,57.31,57.31,9.54928241,4
1691132400,57.23,57.24,56.72,56.73,31.48627348,7
1691133300,56.79,56.87,56.78,56.83,77.90487787,10
1691134200,56.7,56.7,56.07,56.28,285.5118048,49
1691135100,56.43,56.49,56.43,56.49,19.36367197,5
1691136000,56.49,57.04,56.49,56.98,153.14426886,22
1691137800,56.98,56.98,56.85,56.85,4.03981,2
1691145900,56.5,56.5,56.5,56.5,2.3,1
1691146800,56.49,56.49,56.4,56.4,29.61533,5
1691149500,56.84,56.86,56.84,56.86,41.96,3
1691150400,56.81,56.87,56.81,56.87,48.17537303,9
1691151300,56.67,56.67,56.67,56.67,1,1
1691152200,56.62,57.0,56.62,57.0,13.88294827,8
1691153100,56.69,56.91,56.69,56.91,1.98586167,3
1691154000,56.89,56.9,56.89,56.9,16.03835331,5
1691154900,57.1,57.24,56.99,57.07,251.39052802,22
1691155800,56.96,57.89,56.96,57.89,13.89414005,10
1691156700,58.12,58.31,57.46,57.46,444.40473461,30
1691157600,57.42,57.42,57.17,57.26,31.27095281,17
1691158500,57.17,57.5,57.17,57.42,139.35094075,19
1691159400,57.59,57.59,57.46,57.46,9.69451023,5
1691160300,57.36,57.36,56.84,56.84,84.73434194,13
1691162100,57.3,57.36,57.13,57.13,73.17784045,12
1691163000,57.41,57.41,57.34,57.34,14.07284469,2
1691164800,57.46,57.46,57.05,57.38,80.22962463,13
1691165700,57.33,58.02,57.22,57.97,222.55301246,48
1691166600,57.74,58.04,57.73,57.94,266.72095095,65
1691167500,58.06,58.2,57.89,57.89,292.0470806,29
1691168400,57.71,57.86,57.68,57.68,9.72146925,6
1691169300,57.63,57.63,57.63,57.63,0.12455501,1
1691170200,57.62,57.62,57.62,57.62,0.1264374,1
1691171100,57.42,57.42,57.34,57.34,72.86978556,7
1691172000,57.24,57.24,57.24,57.24,0.17278128,1
1691172900,57.06,57.06,56.94,56.94,5.15506444,2
1691173800,56.99,56.99,56.57,56.58,40.58709658,8
1691174700,56.58,56.58,56.58,56.58,64,3
1691175600,56.77,56.77,56.63,56.76,45.27386,3
1691178300,56.7,56.84,56.7,56.84,2.75932441,2
1691179200,56.88,57.06,56.88,57.06,7.33,6
1691180100,57.16,57.24,57.16,57.24,36.17442681,3
1691181000,57.23,57.23,56.62,56.66,17.82272307,6
1691181900,56.7,57.5,56.43,57.38,35.36731226,14
1691182800,57.32,57.65,57.24,57.65,5.25040019,7
1691183700,57.78,57.89,57.72,57.72,5.52716116,6
1691184600,57.97,58.12,57.66,58.12,5.69781036,6
1691185500,57.95,57.95,57.77,57.83,157.03341745,10
1691187300,57.73,57.98,57.72,57.72,689.61741208,87
1691188200,57.63,57.63,57.58,57.58,7.43572923,3
1691189100,57.44,57.47,57.44,57.46,104.04255319,4
1691190900,57.42,57.42,57.42,57.42,0.325409,1
1691191800,57.89,58.21,57.89,58.21,1.37836298,5
1691193600,58.02,58.1,57.84,58.1,23.40318453,4
1691194500,57.71,57.73,57.71,57.73,23.83329334,3
1691195400,57.8,57.8,57.8,57.8,0.04559,1
1691196300,57.99,58.03,57.99,58.02,10.85905189,3
1691197200,58.09,58.09,58.09,58.09,0.23271096,1
1691198100,57.42,57.42,57.24,57.24,0.49819028,2
1691199000,57.0,57.0,56.82,56.82,23.03083821,27
1691200800,56.91,56.91,56.68,56.78,16.8359144,6
1691201700,56.87,56.89,56.75,56.87,146.66191732,9
1691202600,57.24,57.71,57.24,57.53,30.83878111,8
1691203500,57.46,57.46,57.46,57.46,9.04977375,1
1691207100,57.04,57.04,57.03,57.03,5.25762355,3
1691208000,57.12,57.12,57.12,57.12,0.11367599,1
1691208900,56.7,56.7,56.48,56.48,0.53724867,3
1691209800,56.2,56.2,54.59,54.71,196.17844425,48
1691210700,54.57,55.2,54.57,55.01,16.50838031,20
1691211600,55.13,55.35,55.13,55.35,20.6263621,10
1691213400,55.63,55.79,55.63,55.79,2.84502799,3
1691214300,55.88,56.11,55.88,56.11,114.21915934,7
1691215200,56.11,56.29,56.11,56.29,15.91701494,9
1691216100,56.13,56.76,56.13,56.76,207.40029621,28
1691217000,56.83,57.46,56.83,57.43,65.49470436,15
1691217900,57.53,57.63,57.19,57.19,231.62623708,20
1691218800,57.31,57.31,57.31,57.31,0.19185912,1
1691219700,57.37,57.59,57.37,57.59,9.56712383,4
1691220600,57.78,57.93,57.78,57.93,25.57571992,9
1691221500,58.18,58.21,57.71,57.71,58.14101989,6
1691222400,57.71,57.71,57.71,57.71,0.39017592,1
1691224200,57.88,57.88,57.75,57.75,10.52043758,3
1691226000,57.5,57.5,57.4,57.42,77.9226322,5
1691227800,57.63,57.67,57.63,57.67,26.9512721,6
1691228700,57.63,58.0,57.63,57.99,20.36766963,7
1691229600,57.77,57.77,57.7,57.7,31.4573144,2
1691231400,57.42,57.42,57.42,57.42,0.325409,1
1691232300,57.5,57.75,57.5,57.75,16.1328065,8
1691233200,57.75,58.18,57.51,58.18,263.65948596,36
1691234100,58.18,58.18,58.04,58.04,11.50617043,2
1691235000,57.71,57.71,57.57,57.57,0.50175717,2
1691235900,57.42,57.42,57.31,57.31,17.73231654,4
1691236800,57.52,57.53,57.52,57.53,0.30882864,2
1691237700,57.44,57.44,57.42,57.42,5.21648408,2
1691238600,57.3,57.46,57.29,57.46,15.74626549,3
1691240400,57.55,57.55,57.52,57.52,0.37556,2
1691242200,57.65,57.77,57.64,57.77,15.59973651,6
1691243100,57.47,57.48,57.47,57.47,10.55057011,3
1691244000,57.82,58.54,57.81,58.33,98.21822517,24
1691244900,58.36,58.48,58.01,58.01,17.12535923,6
1691245800,58.42,58.42,57.44,57.5,95.1659524,14
1691246700,57.56,57.6,57.05,57.11,55.68587517,7
1691247600,56.99,57.24,56.35,57.24,203.15695408,28
1691248500,56.96,56.96,56.69,56.91,2.94238458,4
1691249400,57.0,57.4,56.77,57.39,174.40007696,17
1691250300,57.46,57.46,57.14,57.17,33.38736999,7
1691251200,57.16,57.51,57.16,57.19,286.83632353,24
1691252100,57.29,57.29,57.27,57.27,1E+1,2
1691253000,57.07,57.16,57.07,57.16,5.72,3
1691253900,57.11,57.13,57.11,57.13,7.00402731,4
1691254800,57.26,57.26,57.25,57.25,10.50412865,2
1691255700,57.3,57.3,57.14,57.14,24.47,5
1691256600,57.1,57.22,57.09,57.22,40.07510852,6
1691258400,57.74,57.75,57.53,57.53,11.10962336,8
1691261100,57.6,57.81,57.48,57.69,398.27005487,26
1691262000,57.59,57.59,57.59,57.59,15.67519813,2
1691262900,57.5,57.5,57.5,57.5,1.5101486,1
1691263800,57.46,57.46,57.24,57.24,11.96807,5
1691264700,57.17,57.18,56.99,57.18,2055.99899846,80
1691265600,57.19,57.19,57.19,57.19,0.15830729,1
1691266500,57.24,57.24,57.24,57.24,0.13750434,1
1691267400,57.2,57.2,57.2,57.2,11.46,2
1691268300,57.26,57.27,57.26,57.27,0.255,2
1691269200,57.4,57.4,57.4,57.4,5,1
1691270100,57.65,57.69,57.61,57.69,100.17672712,7
1691271900,57.63,57.63,57.49,57.5,12.76645083,5
1691272800,57.6,57.6,57.6,57.6,1E-8,1
1691273700,57.72,57.81,57.72,57.79,110.83482142,10
1691274600,57.64,57.64,57.64,57.64,0.11,1
1691275500,57.63,57.63,57.63,57.63,43.38018393,1
1691276400,57.71,57.71,57.64,57.68,108.55443639,9
1691280000,57.41,57.43,57.41,57.43,15.51264374,2
1691280900,57.87,57.89,57.87,57.89,4.88407,5
1691281800,57.89,58.05,57.73,57.73,55.81667117,10
1691282700,57.93,58.12,57.93,58.03,36.72315576,6
1691283600,57.84,57.84,57.83,57.83,0.86445366,2
1691284500,57.78,57.79,57.78,57.79,0.80344827,2
1691285400,57.61,57.61,57.61,57.61,0.07,1
1691286300,57.57,57.57,57.57,57.57,0.11096769,1
1691287200,57.42,59.69,57.42,58.88,302.65363965,65
1691288100,58.73,58.73,57.99,58.13,99.91092576,21
1691289000,58.41,58.62,58.41,58.62,6.7432526,7
1691289900,58.63,58.75,58.63,58.71,1.25532121,4
1691290800,58.32,58.32,58.28,58.28,0.87482715,2
1691291700,58.31,58.59,58.31,58.53,3.66935613,7
1691292600,58.5,58.93,58.5,58.93,156.22755379,12
1691293500,58.93,58.93,58.92,58.92,5.09164969,2
1691294400,58.79,58.79,58.64,58.64,12.94112022,4
1691295300,58.28,58.28,58.28,58.28,0.32060715,1
1691296200,58.16,58.16,58.16,58.16,0.13052225,1
1691298000,58.63,58.63,58.63,58.63,1.7053206,1
1691298900,58.26,58.26,58.19,58.2,15.49098456,4
1691301600,58.4,58.4,58.32,58.33,38.19294,6
1691302500,58.13,58.25,58.13,58.25,370.86048193,17
1691305200,57.99,57.99,57.99,57.99,0.32221046,1
1691307000,57.76,57.76,57.76,57.76,3.4593,4
1691310600,58.02,58.02,57.69,57.69,25.27172956,8
1691311500,57.98,57.98,57.81,57.81,297.99262509,18
1691312400,57.84,57.84,57.78,57.78,22.48118129,3
1691313300,57.7,57.7,57.7,57.7,1.57337349,1
1691317800,57.76,57.76,57.76,57.76,0.71127811,1
1691320500,57.71,57.71,57.71,57.71,0.23109642,1
1691323200,57.89,57.98,57.89,57.98,2.93236131,3
1691324100,58.09,58.09,57.88,57.88,0.25770226,2
1691325000,57.7,57.7,57.61,57.61,5.38865453,4
1691325900,57.68,57.69,57.6,57.6,111.26753555,6
1691326800,57.43,57.43,57.09,57.28,91.94658318,15
1691327700,57.19,57.33,57.19,57.23,6.32374525,4
1691328600,57.27,57.27,57.27,57.27,0.55333199,1
1691330400,57.1,57.1,56.69,56.72,11.54243475,10
1691331300,56.85,57.36,56.84,57.32,13.0774813,12
1691332200,57.12,57.12,57.12,57.12,0.20771871,1
1691333100,57.27,57.28,57.21,57.21,6.19411951,4
1691334000,57.16,57.38,57.09,57.33,216.55275471,21
1691334900,57.37,57.37,57.24,57.34,170.84207369,11
1691335800,57.51,57.51,57.51,57.51,0.17405171,1
1691336700,57.42,57.42,57.41,57.41,0.70182585,2
1691338500,57.11,57.24,57.09,57.09,40.28220455,49
1691339400,57.17,57.18,57.17,57.18,5.1765892,2
1691340300,57.27,57.49,57.26,57.43,16.67809264,5
1691341200,57.48,57.48,57.26,57.26,15.10694981,6
1691342100,57.25,57.25,56.95,56.95,342.57837685,43
1691343000,56.9,56.95,56.88,56.95,37.53180615,4
1691343900,56.9,56.9,56.9,56.9,0.0991,1
1691344800,56.77,56.8,56.77,56.79,3.22870956,3
1691345700,56.78,56.78,56.78,56.78,0.23004567,1
1691346600,56.96,56.96,56.96,56.96,1.84386853,2
1691347500,56.73,56.74,56.68,56.68,109.9203942,6
1691351100,56.75,56.75,56.66,56.66,1.12319886,3
1691352900,56.75,56.76,56.75,56.76,2,2
1691354700,56.9,56.9,56.9,56.9,5,1
1691355600,57.19,57.31,57.19,57.31,8.75353456,2
1691356500,57.29,57.29,57.29,57.29,2.55813549,1
1691357400,56.88,56.88,56.88,56.88,0.11596458,1
1691358300,56.5,56.55,56.46,56.55,5.93449052,3
1691359200,56.73,56.73,56.73,56.73,0.16536928,1
1691360100,56.9,56.9,56.86,56.87,106.24997912,4
1691361000,56.86,56.86,56.86,56.86,0.55228,1
1691361900,56.88,56.88,56.83,56.83,0.28593081,2
1691363700,56.77,56.77,56.74,56.74,9.01148,2
1691367300,56.66,56.67,56.64,56.64,0.36885358,3
1691368200,56.6,56.6,55.98,56.27,139.69801452,19
1691370000,56.16,56.16,56.16,56.16,0.2025157,1
1691370900,55.92,56.48,55.62,55.72,532.52761606,73
1691371800,55.82,57.34,55.82,57.31,260.17386707,52
1691372700,56.91,58.28,56.91,58.13,784.13126546,117
1691373600,58.05,58.21,57.13,57.13,232.96498773,42
1691374500,57.02,57.32,57.02,57.32,343.53139025,23
1691375400,56.97,57.05,56.97,57.05,1.99498612,2
1691378100,57.21,57.24,57.21,57.24,32.64661848,3
1691380800,57.46,57.49,57.46,57.49,36.17584193,5
1691381700,57.07,57.08,56.98,56.98,480.31343515,27
1691382600,57.0,57.0,56.98,57.0,7.63137,4
1691384400,57.16,57.16,57.16,57.16,0.23062924,1
1691386200,56.84,56.84,56.79,56.79,0.55940768,2
1691387100,56.92,56.92,56.92,56.92,1.75530981,1
1691388000,56.66,56.72,56.66,56.71,29.28468283,3
1691388900,56.71,56.71,56.71,56.71,14.89124844,2
1691389800,56.71,56.82,56.71,56.82,0.36454525,2
1691391600,56.46,56.8,56.46,56.8,38.03536667,4
1691392500,56.55,56.55,56.55,56.55,0.18770852,1
1691393400,56.51,56.51,56.51,56.51,3.72722089,1
1691394300,56.23,56.23,56.04,56.04,10.68854935,5
1691395200,56.19,56.2,56.04,56.09,14.98575168,6
1691396100,55.99,56.03,55.99,56.03,1.17278283,2
1691397000,56.01,56.01,56.01,56.01,0.20339273,2
1691398800,56.11,56.11,56.11,56.11,0.19497461,1
1691401500,56.48,56.48,56.48,56.48,35.41076487,2
1691402400,56.23,56.23,55.31,55.34,547.4996272,53
1691403300,55.57,55.69,55.56,55.69,66.19719838,8
1691404200,55.7,56.16,55.7,56.13,19.71580207,12
1691405100,56.37,56.37,56.17,56.17,0.39018373,2
1691406000,56.43,56.49,55.89,55.92,457.34753568,38
1691406900,55.91,55.93,55.81,55.81,23.32753337,4
1691407800,55.71,55.71,55.71,55.71,3,1
1691408700,55.95,55.97,55.77,55.91,66.96214409,10
1691409600,55.79,55.93,55.79,55.93,7.17569139,4
1691410500,55.74,55.74,55.59,55.59,349.13797954,10
1691411400,55.55,55.57,55.52,55.52,31.50946941,13
1691413200,55.47,55.56,55.47,55.56,151.496,9
1691414100,55.42,55.46,55.32,55.46,133.35090946,15
1691415000,55.16,55.16,54.68,54.68,29.75590897,5
1691415900,54.84,55.05,54.81,54.89,119.82694628,11
1691416800,54.87,54.9,54.6,54.9,24.21720315,7
1691417700,54.67,54.67,54.23,54.23,9.98730088,9
1691418600,54.28,54.69,54.22,54.69,110.43489419,11
1691420400,54.64,54.64,54.51,54.61,24.3514,6
1691421300,54.48,54.48,54.38,54.38,0.99969639,4
1691422200,54.39,54.4,54.37,54.37,3.95001915,3
1691423100,54.0,54.05,53.89,53.98,95.39635802,12
1691424000,53.94,54.12,53.54,53.72,10.04634136,9
1691424900,53.39,54.21,53.21,54.21,118.84702696,19
1691425800,53.82,53.82,53.43,53.43,508.22776051,29
1691426700,53.4,53.4,53.1,53.23,74.79759983,60
1691427600,53.65,53.65,53.65,53.65,1.1,1
1691428500,53.48,53.79,53.42,53.61,83.18795357,10
1691429400,53.42,53.44,53.28,53.44,71.08190888,8
1691430300,53.27,53.27,53.27,53.27,1,1
1691433000,54.01,54.05,53.96,53.98,53.0653061,17
1691433900,53.85,53.85,53.85,53.85,68.05958402,3
1691434800,53.64,53.64,53.49,53.49,37.58349,4
1691435700,53.66,53.66,53.66,53.66,4.11501,1
1691436600,53.52,53.6,53.45,53.45,273.49228692,18
1691437500,53.58,53.95,53.58,53.95,26.74028838,7
1691438400,54.07,54.07,54.07,54.07,6,2
1691440200,54.22,54.28,54.22,54.28,55.06998981,8
1691442900,54.45,54.45,54.45,54.45,0.44695,1
1691443800,54.13,54.15,54.13,54.15,136.07789313,5
1691444700,54.15,54.15,54.15,54.15,48.69668188,2
1691445600,54.2,54.2,54.2,54.2,55.21182221,3
1691447400,54.21,54.21,54.21,54.21,4.62281,1
1691448300,54.51,54.53,54.51,54.53,0.6,2
1691450100,54.3,54.32,54.3,54.32,5E+1,6
1691451900,54.26,54.26,54.26,54.26,1.84297825,1
1691452800,54.38,54.41,54.38,54.41,75.28447883,4
1691453700,54.14,54.14,54.03,54.03,1.56444026,3
1691454600,54.05,54.05,54.05,54.05,1.8,1
1691458200,53.93,53.93,53.74,53.74,89.16309632,7
1691459100,53.82,53.85,53.82,53.85,2.37617374,2
1691460000,53.6,54.0,53.6,54.0,5.9499925,3
1691462700,53.79,53.79,53.69,53.69,6.12150646,3
1691464500,53.73,53.73,53.73,53.73,40.88603759,2
1691465400,53.77,53.92,53.76,53.76,405.51392155,19
1691466300,54.09,54.09,54.02,54.02,12.31173939,2
1691468100,54.06,54.39,54.06,54.32,105.06415386,10
1691469000,54.47,54.52,54.47,54.52,96.23131441,10
1691470800,54.11,54.12,54.11,54.12,37.45901352,3
1691472600,53.92,53.92,53.91,53.91,12.72727272,2
1691474400,53.93,53.93,53.93,53.93,55.06998981,1
1691476200,53.99,53.99,53.99,53.99,0.40797898,1
1691478000,53.66,53.66,53.66,53.66,1.7,1
1691479800,53.67,53.85,53.67,53.7,47.47713,6
1691481600,53.94,54.15,53.94,54.15,206.87924513,25
1691482500,54.51,54.51,53.84,54.2,160.01633207,10
1691485200,54.28,54.28,54.26,54.26,68.78142,4
1691489700,54.47,54.47,54.47,54.47,18.35872957,2
1691490600,54.23,54.33,54.23,54.33,10.25176573,5
1691491500,54.58,54.58,54.58,54.58,40.82062162,1
1691492400,54.69,54.72,54.69,54.72,0.70427,3
1691493300,54.81,54.85,54.81,54.85,4.90473094,3
1691494200,55.02,55.05,55.02,55.05,8.53282546,3
1691496900,54.99,54.99,54.99,54.99,0.41534824,1
1691498700,55.17,55.33,55.17,55.33,396.56137502,13
1691499600,55.36,55.48,55.11,55.48,33.24935817,12
1691500500,55.58,55.58,55.39,55.39,23.08004997,2
1691501400,54.82,54.82,54.65,54.74,74.08323402,5
1691502300,54.64,54.64,54.64,54.64,27.4175549,2
1691503200,54.86,54.87,54.86,54.87,36.45311248,2
1691504100,54.74,54.74,54.72,54.72,0.56444026,2
1691505900,54.83,54.83,54.83,54.83,0.01745,1
1691507700,54.84,54.84,54.84,54.84,31.73031413,2
1691508600,55.32,55.32,55.23,55.23,8.37873556,2
1691511300,55.21,55.26,55.21,55.26,16.33754792,5
1691512200,55.5,55.5,55.5,55.5,0.41678832,1
1691513100,55.75,56.04,55.75,55.85,147.15996678,10
1691514000,55.96,55.96,55.69,55.87,400.49126501,34
1691514900,55.92,56.07,55.6,55.96,421.4343563,20
1691515800,55.97,56.05,55.93,55.93,366.78029445,18
1691516700,55.96,55.96,55.9,55.9,6.57690001,3
1691518500,56.16,56.32,56.16,56.32,26.79373623,9
1691521200,55.76,56.04,55.76,55.82,152.90637957,14
1691522100,55.77,55.77,55.76,55.76,0.56444026,2
1691523900,55.92,55.95,55.92,55.92,7.10825027,3
1691526600,56.0,56.0,56.0,56.0,0.31639482,1
1691527500,55.87,55.87,55.86,55.86,2E+1,2
1691529300,55.95,56.14,55.95,56.14,2.17967312,2
1691530200,55.71,55.71,55.71,55.71,0.13898435,1
1691531100,56.1,56.11,56.1,56.11,3.55411954,3
1691532900,56.11,56.13,56.11,56.13,39.2992,5
1691533800,56.11,56.13,56.11,56.13,123.319,5
1691535600,55.96,55.96,55.96,55.96,2.41551184,1
1691537400,55.84,55.84,55.84,55.84,0.336,1
1691539200,55.97,55.97,55.97,55.97,2.6802187,2
1691541000,55.84,55.84,55.84,55.84,1.0020182,1
1691545500,56.32,56.34,56.11,56.11,51.22319115,4
1691546400,56.36,56.36,56.36,56.36,3.51477889,1
1691548200,55.7,55.91,55.7,55.74,102.64537071,7
1691550000,55.7,55.7,55.7,55.7,0.23459004,1
1691552700,55.47,55.47,55.47,55.47,6.06663364,1
1691553600,55.33,55.33,55.33,55.33,0.89461442,1
1691557200,55.76,55.78,55.76,55.78,9.09940467,2
1691558100,56.0,56.0,56.0,56.0,5.74131935,2
1691559000,56.11,56.11,56.11,56.11,0.1714508,1
1691559900,56.22,56.22,56.22,56.22,0.0701,1
1691560800,56.29,56.29,56.29,56.29,0.88936321,1
1691562600,55.81,55.81,55.81,55.81,3.26596,1
1691563500,55.94,55.96,55.94,55.96,99.49505003,6
1691565300,56.07,56.08,56.07,56.08,0.17772328,2
1691567100,56.12,56.16,56.03,56.03,37.15273161,7
1691568000,56.12,56.12,56.12,56.12,32.89633161,1
1691569800,56.04,56.04,55.97,56.02,99.91875454,10
1691570700,56.08,56.08,56.08,56.08,1.1819,1
1691572500,56.11,56.11,56.09,56.09,13.91114375,2
1691574300,55.93,55.94,55.93,55.94,71.50518412,7
1691575200,56.11,56.12,56.11,56.12,1.28367,2
1691577900,56.16,56.16,56.16,56.16,3.87226,1
1691578800,56.33,56.71,56.33,56.71,342.72514538,30
1691579700,56.5,56.5,56.31,56.31,10.21735364,4
1691582400,56.23,56.23,56.23,56.23,0.4575,2
1691583300,56.07,56.07,56.04,56.04,1.71309,2
1691585100,56.4,56.4,56.4,56.4,0.15017164,1
1691586000,56.5,56.5,56.5,56.5,17.53443538,1
1691586900,56.61,56.68,56.61,56.68,273.36958443,13
1691587800,56.49,56.49,56.49,56.49,0.14923268,1
1691588700,56.49,56.49,56.49,56.49,0.14416923,1
1691589600,56.34,56.34,56.34,56.34,0.18415984,1
1691592300,56.17,56.17,56.17,56.17,0.56444026,1
1691593200,55.84,55.84,55.76,55.76,10.48094291,2
1691594100,55.85,55.85,55.85,55.85,149.99999999,3
1691596800,55.74,55.74,55.74,55.74,4.48350071,1
1691599500,55.69,55.69,55.66,55.66,0.64341416,2
1691600400,55.66,55.66,55.66,55.66,0.88936321,1
1691601300,55.82,55.82,55.59,55.59,0.54232404,2
1691603100,55.36,55.36,55.35,55.35,351.50436559,18
1691608500,55.45,55.46,55.45,55.46,0.78699715,2
1691609400,55.47,55.48,55.4,55.4,377.0352554,17
1691610300,55.38,55.38,55.36,55.36,10.41320006,3
1691612100,55.5,55.5,55.5,55.5,26.8419482,1
1691613000,55.56,55.56,55.56,55.56,5E+1,1
1691613900,55.56,55.56,55.56,55.56,0.36017933,1
1691614800,55.38,55.38,55.0,55.0,9.00961248,5
1691616600,55.19,55.19,54.93,54.93,17.63544426,5
1691617500,55.13,55.13,55.13,55.13,0.07703,1
1691621100,55.44,55.72,55.44,55.67,50.34681069,7
1691622000,55.72,55.73,55.72,55.73,1.05606071,2
1691623800,55.96,56.04,55.96,55.96,11.36353691,4
1691624700,55.97,55.97,55.97,55.97,1.45424641,1
1691625600,55.88,55.88,55.88,55.88,0.89333571,1
1691626500,55.83,55.83,55.83,55.83,0.01433,1
1691630100,55.72,55.82,55.72,55.81,54.20218,6
1691631900,55.84,55.85,55.84,55.85,17.90815,3
1691632800,55.78,55.78,55.78,55.78,0.89333571,1
1691634600,56.16,56.16,56.16,56.16,0.2840063,1
1691636400,56.42,56.61,56.42,56.61,118.6693204,14
1691637300,56.87,56.93,56.81,56.83,134.3328646,11
1691638200,56.54,56.55,56.5,56.5,41.6975893,4
1691639100,56.35,56.35,56.35,56.35,2E+1,1
1691640000,56.17,56.17,56.09,56.1,12.33756125,23
1691640900,55.96,55.96,55.86,55.86,2.39679099,2
1691642700,56.22,56.22,56.22,56.22,24.89617938,42
1691645400,56.13,56.13,56.13,56.13,1.45,1
1691649900,55.82,55.82,55.79,55.79,3.83393144,2
1691650800,55.92,55.92,55.92,55.92,8.21654117,1
1691651700,56.52,56.57,56.52,56.57,1.9560523,3
1691652600,56.7,56.7,56.2,56.22,30.42003727,8
1691653500,56.44,56.45,56.44,56.45,5.00753837,2
1691657100,56.17,56.17,56.17,56.17,19,3
1691658000,55.88,55.88,55.87,55.87,28.70265108,2
1691667000,55.89,55.89,55.85,55.85,14.59919969,3
1691667900,55.72,55.72,55.72,55.72,8.65570864,1
1691668800,55.59,55.59,55.59,55.59,12.36897361,2
1691669700,55.85,55.86,55.85,55.86,0.96532,2
1691670600,55.88,56.18,55.88,56.15,13.04264631,9
1691671500,56.09,56.12,55.96,56.06,4.95356259,16
1691672400,56.09,56.09,56.06,56.06,0.05497,2
1691675100,56.34,56.34,56.34,56.34,0.62107135,1
1691676000,56.74,57.39,56.51,56.51,316.92782314,31
1691676900,56.35,56.35,56.35,56.35,2.5856236,1
1691677800,56.25,56.25,55.91,55.91,7.86597989,8
1691679600,55.83,55.83,55.83,55.83,4.47627573,1
1691680500,55.74,55.76,55.73,55.76,4.68717325,4
1691681400,55.98,55.98,55.9,55.9,18.28865767,3
1691683200,55.67,55.67,55.67,55.67,9,1
1691685900,55.9,55.9,55.74,55.74,35.30797389,5
1691686800,55.69,55.69,55.5,55.5,24.53743166,6
1691687700,55.5,55.5,55.37,55.38,38.85941935,5
1691688600,55.31,55.31,55.25,55.25,3.19413028,2
1691689500,55.16,55.21,55.16,55.2,151.71991595,4
1691690400,55.24,55.24,55.23,55.23,2,2
1691691300,55.17,55.18,55.17,55.18,0.49524259,2
1691692200,55.04,55.06,55.0,55.0,19.15629182,5
1691693100,55.06,55.06,54.99,54.99,23.48915448,12
1691694000,54.99,54.99,54.86,54.87,2.29466726,7
1691695800,54.88,54.88,54.88,54.88,0.56360255,1
1691698500,55.18,55.18,55.18,55.18,0.169354,1
1691699400,55.26,55.26,55.26,55.26,3.61925443,2
1691700300,55.19,55.19,55.11,55.15,8.88917044,4
1691702100,55.33,55.34,55.33,55.34,4.49647,2
1691703900,55.45,55.46,55.45,55.46,4.44138,3
1691706600,55.43,55.45,55.43,55.45,34,3
1691713800,55.39,55.4,55.25,55.28,263.0634545,21
1691716500,55.44,55.45,55.44,55.45,0.48492793,2
1691717400,55.36,55.36,55.35,55.35,5E+1,4
1691718300,55.47,55.47,55.34,55.34,6.42451314,3
1691719200,55.47,55.58,55.47,55.58,2.70374477,3
1691721000,55.08,55.08,55.05,55.05,108.80223421,6
1691723700,55.17,55.19,55.17,55.19,131.40542572,6
1691728200,55.39,55.39,55.39,55.39,0.620332,1
1691730900,55.31,55.31,55.31,55.31,0.18048714,1
1691731800,55.38,55.38,55.38,55.38,0.12422,1
1691738100,55.89,55.89,55.89,55.89,0.40624305,1
1691739000,55.85,55.85,55.84,55.84,4.09175271,3
1691742600,55.55,55.55,55.53,55.53,17.33259386,2
1691744400,55.55,55.55,55.55,55.55,5.40054005,1
1691748900,55.76,55.77,55.76,55.77,1.7,2
1691750700,55.66,55.66,55.66,55.66,5.38986704,2
1691753400,55.77,55.77,55.77,55.77,0.20055587,1
1691755200,55.79,55.79,55.79,55.79,13.50959762,3
1691756100,55.7,55.71,55.7,55.71,10.94612325,5
1691757900,55.4,55.4,55.4,55.4,3.6101083,1
1691759700,55.37,55.37,55.37,55.37,9.93678526,1
1691760600,55.32,55.32,55.32,55.32,0.16211285,1
1691761500,55.32,55.39,55.32,55.39,10.50963,3
1691762400,55.46,55.47,55.46,55.47,2.72892639,2
1691766000,55.69,55.69,55.34,55.34,1.33293504,2
1691767800,55.35,55.35,55.32,55.35,9.63455257,5
1691768700,55.26,55.34,55.07,55.07,147.89551531,12
1691770500,55.22,55.22,55.22,55.22,3.62,1
1691771400,55.22,55.22,55.14,55.14,0.95970308,2
1691775900,55.21,55.21,55.21,55.21,1,1
1691777700,55.44,55.44,55.44,55.44,3.6104,1
1691781300,55.3,55.3,55.29,55.29,4.0884376,3
1691784900,55.32,55.32,55.32,55.32,2.93965,2
1691792100,55.5,55.5,55.43,55.43,5.11909,2
1691793000,55.45,55.45,55.45,55.45,13.50959763,2
1691794800,55.52,55.52,55.44,55.44,11.91492505,3
1691797500,55.4,55.4,55.4,55.4,1.00238,1
1691801100,55.96,56.38,55.96,56.38,55.20964508,13
1691802000,56.38,56.38,56.38,56.38,1.54991477,1
1691803800,56.26,56.26,56.26,56.26,25,2
1691804700,56.63,56.81,56.63,56.72,63.49766975,9
1691805600,56.8,56.8,56.78,56.78,3.53852,3
1691806500,56.41,56.41,56.41,56.41,17.7273533,2
1691807400,56.27,56.27,56.06,56.06,84.21883774,8
1691808300,56.12,56.12,56.12,56.12,0.69828967,1
1691809200,55.82,55.87,55.82,55.87,4.55790334,2
1691812800,55.46,55.46,55.4,55.4,7.31960866,2
1691816400,55.31,55.31,55.31,55.31,9.0399566,1
1691817300,55.16,55.16,55.16,55.16,0.28446134,1
1691818200,55.26,55.26,55.26,55.26,0.18078194,1
1691819100,55.25,55.25,55.23,55.23,13.88414,4
1691820000,55.21,55.21,55.19,55.19,3.37116393,4
1691822700,55.34,55.52,55.34,55.52,25.79215156,4
1691824500,55.43,55.43,55.43,55.43,0.17774,1
1691828100,55.47,55.47,55.47,55.47,1,1
1691829000,55.39,55.42,55.39,55.42,100.31842808,6
1691834400,55.45,55.45,55.45,55.45,12.603386,2
1691835300,55.44,55.44,55.37,55.39,312.72257235,25
1691843400,55.42,55.44,55.42,55.43,11.51592788,3
1691849700,55.48,55.48,55.48,55.48,0.54839594,2
1691850600,55.49,55.49,55.45,55.45,66.78496,6
1691851500,55.5,55.5,55.5,55.5,0.03548,1
1691856000,55.48,55.48,55.48,55.48,1,1
1691857800,55.39,55.39,55.39,55.39,2.05,1
1691858700,55.5,55.5,55.5,55.5,2E+1,1
1691862300,55.32,55.32,55.31,55.31,2.15056,3
1691865000,55.21,55.21,55.21,55.21,3.70664621,1
1691865900,55.21,55.21,55.21,55.21,4.52816518,1
1691868600,55.15,55.15,55.15,55.15,3.6232,1
1691869500,55.05,55.05,54.96,54.96,114.37248861,22
1691873100,55.08,55.08,55.04,55.06,0.53555,3
1691874000,54.98,54.98,54.98,54.98,2.18454,1
1691876700,55.31,55.31,55.31,55.31,1,1
1691880300,55.44,55.45,55.44,55.45,63.27049406,3
1691882100,55.45,55.45,55.45,55.45,86.72950594,4
1691893800,55.47,55.47,55.47,55.47,0.90138813,1
1691898300,55.4,55.4,55.4,55.4,0.63292,1
1691901000,55.32,55.32,55.32,55.32,21.2024078,1
1691903700,55.1,55.1,55.1,55.1,36.29999999,2
1691910000,55.24,55.25,55.18,55.18,3.36369811,4
1691911800,55.09,55.09,55.09,55.09,8.971799,1
1691912700,54.95,54.96,54.95,54.96,1.81953859,2
1691913600,54.89,54.89,54.53,54.58,107.79973196,17
1691926200,54.58,54.58,54.58,54.58,3.66636113,1
1691928900,54.75,54.76,54.75,54.76,0.93843624,2
1691930700,55.02,55.02,54.54,54.59,243.98962076,22
1691931600,54.49,54.49,54.49,54.49,0.34097135,1
1691932500,54.47,54.47,54.46,54.46,109.72378426,6
1691933400,54.35,54.35,54.24,54.32,11.69805039,4
1691935200,54.41,54.42,54.41,54.42,0.43118,2
1691937900,54.37,54.37,54.37,54.37,140.02696574,5
1691938800,54.37,54.37,54.23,54.23,43.90549506,3
1691939700,54.13,54.13,53.92,53.92,37.68170817,7
1691940600,53.96,53.96,53.96,53.96,4.16975537,1
1691941500,53.99,53.99,53.99,53.99,10.78140696,3
1691942400,54.01,54.01,53.72,53.72,13.95635298,6
1691943300,54.03,54.03,54.0,54.0,182.40106721,12
1691944200,53.99,53.99,53.99,53.99,0.27757216,1
1691950500,54.64,54.72,54.64,54.66,7.30825057,4
1691952300,54.59,54.62,54.59,54.62,16.15731313,3
1691953200,54.63,54.63,54.63,54.63,6.72372093,1
1691954100,54.66,54.66,54.64,54.64,10.47127,3
1691955000,54.74,54.74,54.74,54.74,4.07283266,1
1691956800,54.86,54.88,54.84,54.85,132.22600389,10
1691961300,54.75,54.75,54.73,54.73,10.654121,4
1691962200,54.72,54.72,54.6,54.6,239.27181645,5
1691963100,54.6,54.6,54.6,54.6,51.04672737,3
1691964000,54.62,54.62,54.62,54.62,98.7835,4
1691964900,54.25,54.32,54.25,54.32,3.13468517,2
1691965800,54.33,54.33,54.02,54.03,187.68313979,14
1691973000,54.38,54.38,54.21,54.21,11.0507684,2
1691978400,54.27,54.27,54.27,54.27,0.17157829,1
1691979300,54.28,54.28,54.28,54.28,40.0429031,2
1691980200,54.42,54.42,54.4,54.4,31.43024712,5
1691982000,54.37,54.38,54.37,54.38,0.64373736,2
1691983800,54.63,54.63,54.63,54.63,0.75710378,1
1691986500,54.8,54.8,54.8,54.8,0.0694,1
1691987400,54.89,54.89,54.89,54.89,0.12843652,1
1691988300,55.07,55.07,55.07,55.07,5.4526,1
1691989200,55.07,55.07,55.07,55.07,19.927,3
1691990100,55.2,55.24,55.2,55.24,29.59878155,3
1691991000,55.25,55.25,55.25,55.25,0.37258036,1
1691991900,55.06,55.06,55.05,55.05,1.36497,2
1691993700,54.88,54.88,54.87,54.87,6.46418556,4
1691996400,55.11,55.12,55.05,55.05,18.31253563,4
1691997300,54.95,55.06,54.95,55.05,6.49578393,3
1691998200,55.07,55.07,55.07,55.07,5.36102778,1
1692000900,55.16,55.19,55.16,55.19,10.03622709,2
1692001800,55.33,55.33,55.3,55.31,0.60154878,3
1692004500,55.35,55.35,54.99,54.99,14.47113602,3
1692007200,55.23,55.23,55.23,55.23,0.12003,1
1692009900,55.13,55.13,55.13,55.13,0.20779636,1
1692010800,55.13,55.13,55.13,55.13,0.05417587,1
1692015300,54.88,54.95,54.88,54.95,4.75952,2
1692018000,54.61,54.61,54.46,54.46,276.6593,12
1692019800,54.61,54.61,54.61,54.61,0.69041362,1
1692020700,54.67,54.67,54.67,54.67,0.74388155,1
1692024300,55.23,55.23,55.23,55.23,0.22173356,1
1692025200,55.14,55.14,55.14,55.14,0.21421444,1
1692026100,55.27,55.28,55.27,55.28,0.7345641,2
1692027000,55.39,55.64,55.39,55.64,0.94803648,3
1692028800,55.42,55.42,55.42,55.42,3.6121,1
1692029700,55.38,55.57,55.38,55.57,0.8428655,2
1692030600,55.65,55.76,55.65,55.76,44.58566018,5
1692031500,55.82,55.9,55.82,55.9,3.84817223,3
1692032400,55.75,55.75,55.75,55.75,0.46822003,1
1692033300,55.67,55.67,55.67,55.67,0.42562808,1
1692035100,55.31,55.32,55.31,55.32,3.61535073,2
1692036900,55.2,55.2,55.2,55.2,0.52332035,1
1692040500,54.9,54.99,54.89,54.99,11.21757327,4
1692041400,55.09,55.18,55.09,55.18,191.42540761,14
1692042300,55.19,55.19,55.02,55.02,20.76648,5
1692043200,54.98,55.06,54.79,55.01,285.68004562,19
1692044100,54.99,55.01,54.97,55.01,100.39483616,10
1692045000,55.09,55.09,55.09,55.09,10.66444647,2
1692046800,55.33,55.41,55.33,55.41,18.04065,2
1692047700,55.41,55.61,55.41,55.61,0.85276543,2
1692048600,55.7,55.71,55.7,55.71,37.1907424,3
1692049500,55.87,55.99,55.86,55.91,39.26007647,10
1692050400,56.06,56.52,56.04,56.52,17.80379843,12
1692051300,56.62,56.62,56.28,56.28,0.27002725,2
1692052200,56.45,56.45,56.38,56.38,17.73631125,2
1692053100,56.37,56.51,56.37,56.51,18.05151684,2
1692054000,56.44,56.44,56.43,56.43,0.6,3
1692054900,56.0,56.0,55.96,55.96,1.19852611,3
1692057600,55.72,55.76,55.67,55.76,115.0993623,11
1692059400,56.28,56.29,56.27,56.27,39.19664677,4
1692061200,56.24,56.24,56.08,56.08,2.26733,2
1692062100,55.81,55.81,55.76,55.77,0.23661,3
1692063000,55.66,55.66,55.66,55.66,19.90647684,2
1692066600,55.45,55.5,55.45,55.5,18.66175537,2
1692070200,55.36,55.36,55.36,55.36,3.6095,1
1692072000,55.37,55.38,55.37,55.38,97.48244081,3
1692072900,55.36,55.36,55.33,55.33,16.78903,4
1692074700,55.61,55.61,55.61,55.61,3.54333,1
1692076500,55.7,55.7,55.69,55.69,1.79500987,2
1692078300,55.16,55.16,55.0,55.09,11.34196133,7
1692081000,55.5,55.5,55.5,55.5,15.89,1
1692085500,55.68,55.68,55.68,55.68,0.65553609,1
1692086400,55.94,56.05,55.94,56.05,7.67752566,4
1692087300,56.16,56.19,56.16,56.19,8.1065909,3
1692091800,55.94,55.96,55.94,55.96,142.46039348,6
1692097200,55.97,55.97,55.97,55.97,0.05011,1
1692099000,55.57,55.57,55.51,55.51,1.20188014,2
1692099900,55.37,55.37,55.37,55.37,1.38,1
1692100800,55.35,55.48,55.35,55.48,0.51399198,2
1692101700,55.41,55.41,55.32,55.32,185.614243,12
1692102600,55.16,55.16,55.16,55.16,0.28446134,1
1692103500,55.11,55.11,55.0,55.0,22.66191931,4
1692104400,54.89,54.89,54.25,54.31,116.26092645,25
1692105300,54.31,54.44,54.23,54.25,120.94989034,27
1692106200,54.3,54.34,54.3,54.34,8.73418074,2
1692108000,54.55,54.75,54.43,54.75,5.02087453,5
1692110700,54.64,54.64,54.64,54.64,8.54856827,1
1692113400,54.59,54.59,54.43,54.43,1.07123873,2
1692114300,54.6,54.6,54.6,54.6,0.45039579,1
1692115200,54.63,54.63,54.63,54.63,0.02088,1
1692118800,54.44,54.5,54.44,54.5,14.57122344,3
1692121500,54.65,54.65,54.65,54.65,1.29077463,1
1692122400,54.45,54.45,54.31,54.31,0.46691157,3
1692125100,54.38,54.38,54.34,54.37,142.77102471,8
1692126000,54.0,54.0,47.66,51.37,1726.33239956,225
1692126900,51.26,51.72,50.82,50.82,308.43682537,42
1692127800,50.76,50.89,50.67,50.74,21.79191199,8
1692128700,50.95,50.97,50.95,50.97,1.9708317,2
1692129600,51.11,51.11,51.06,51.06,16.64967677,4
1692130500,51.27,51.58,51.27,51.58,3.93723363,4
1692131400,51.57,51.66,51.57,51.65,30.59981078,5
1692132300,51.45,51.45,51.01,51.01,644.16112764,53
1692133200,51.0,51.03,50.89,50.89,34.37025586,6
1692135000,51.23,51.28,51.23,51.28,18.77939758,2
1692135900,51.31,51.33,51.22,51.22,49.42187398,4
1692136800,51.04,51.04,50.75,50.76,2.19338112,5
1692137700,50.91,50.91,50.8,50.81,17.85790915,4
1692138600,50.61,50.61,50.61,50.61,3.62,1
1692140400,51.04,51.04,51.04,51.04,0.40983395,1
1692141300,50.86,50.87,50.86,50.87,0.39323634,2
1692144000,50.78,50.78,50.78,50.78,0.98463962,1
1692145800,50.73,50.73,50.73,50.73,1.35300272,1
1692146700,50.56,50.56,50.52,50.52,17.87094989,2
1692148500,50.51,50.69,50.51,50.69,0.89911027,3
1692149400,50.53,50.53,50.46,50.5,5.19346976,3
1692150300,50.47,50.51,50.28,50.28,63.94503325,7
1692151200,50.33,50.35,50.33,50.35,54.73163867,3
1692152100,50.34,50.34,50.34,50.34,3.969,1
1692153000,50.25,50.25,50.19,50.22,5.16090227,3
1692153900,50.21,50.21,50.2,50.2,4.9805,2
1692154800,50.14,50.14,49.8,49.8,230.69994126,15
1692155700,49.9,49.9,49.89,49.9,74.54917961,4
1692156600,49.95,50.06,49.9,50.06,20.88810761,5
1692157500,50.12,50.18,50.0,50.02,184.32768669,12
1692159300,49.97,49.97,49.84,49.84,15.28432434,3
1692160200,49.68,49.68,49.68,49.68,0.31583912,1
1692161100,49.9,49.9,49.63,49.63,11.35300272,2
1692162000,49.65,49.65,49.44,49.52,74.88539705,13
1692162900,49.5,49.61,49.43,49.61,94.84551761,12
1692163800,49.55,49.58,49.55,49.58,4.71534261,2
1692164700,49.6,49.65,49.6,49.65,15.40338846,3
1692165600,49.58,49.58,49.54,49.56,5.77752841,3
1692166500,49.4,49.4,49.4,49.4,0.20379853,1
1692167400,49.53,49.53,49.53,49.53,0.28174721,1
1692168300,49.68,49.68,49.68,49.68,0.99157,1
1692169200,49.97,50.12,49.97,50.12,20.61437577,5
1692171900,49.95,49.95,49.95,49.95,0.40048058,1
1692172800,49.87,49.87,49.74,49.74,2.27573601,7
1692174600,49.9,49.9,49.9,49.9,103.77901603,2
1692176400,49.6,49.63,49.57,49.57,31.72606315,9
1692177300,49.5,49.5,49.22,49.25,51.87537106,14
1692179100,49.42,49.43,49.42,49.43,0.65371343,2
1692180000,49.6,49.61,49.59,49.59,4.60556258,3
1692180900,49.75,49.8,49.72,49.8,10.86204894,4
1692181800,49.7,49.7,49.7,49.7,0.25,1
1692183600,49.62,49.62,49.62,49.62,6.04594921,1
1692184500,49.71,49.75,49.71,49.75,237.15343,7
1692185400,49.72,49.73,49.72,49.73,8.76732153,2
1692186300,49.55,49.55,49.55,49.55,1.6805971,1
1692187200,49.31,49.31,49.31,49.31,0.40559724,1
1692188100,49.25,49.25,48.71,48.85,339.05273991,30
1692189000,49.05,49.15,48.98,48.98,6.66154008,3
1692189900,49.28,49.28,49.26,49.26,0.42510104,2
1692190800,49.25,49.25,49.05,49.06,20.23206402,4
1692192600,48.71,48.71,48.5,48.57,10.71610632,10
1692193500,48.74,48.87,48.69,48.69,10.9775502,3
1692194400,48.61,48.83,48.61,48.83,2.80672605,6
1692195300,48.95,49.0,48.95,49.0,2.88,3
1692197100,48.91,48.91,48.91,48.91,0.18606527,1
1692198000,49.09,49.09,49.09,49.09,0.40109356,1
1692198900,48.93,48.93,48.93,48.93,19.83526,1
1692200700,48.78,48.91,48.72,48.91,92.75100351,10
1692201600,48.81,48.81,48.49,48.52,4.90912014,6
1692202500,48.76,48.86,48.76,48.86,2.09881297,3
1692203400,48.79,48.79,48.79,48.79,6.14880098,1
1692204300,48.86,48.86,48.86,48.86,15,3
1692206100,48.99,49.4,48.99,49.32,6.66634787,9
1692207000,49.38,49.45,49.03,49.03,19.10198878,12
1692209700,49.05,49.23,49.05,49.23,5.37039822,2
1692210600,49.36,49.36,49.36,49.36,1.01296596,1
1692211500,49.18,49.18,49.18,49.18,0.41365632,1
1692212400,49.18,49.18,49.18,49.18,1E+1,2
1692213300,49.0,49.0,48.93,48.93,41.15394014,2
1692214200,48.92,48.92,48.77,48.77,5.04979,3
1692216000,48.79,48.79,48.79,48.79,0.99839968,1
1692216900,48.7,48.7,46.45,46.45,166.51129777,50
1692217800,46.95,47.71,46.95,47.36,391.24642603,40
1692218700,47.22,47.29,47.22,47.29,23.27215752,5
1692219600,47.28,47.28,46.11,46.19,127.56510835,24
1692220500,46.71,46.85,46.71,46.77,54.021138,5
1692221400,46.36,46.36,46.07,46.1,35.45575881,9
1692222300,46.07,46.08,45.93,46.08,6.00924464,4
1692223200,46.31,46.31,46.31,46.31,3.6613496,1
1692225000,46.39,46.39,46.35,46.35,11.37134,2
1692225900,46.34,46.34,46.34,46.34,5.31977,1
1692227700,46.51,46.55,46.51,46.55,8.67946529,3
1692228600,46.47,46.62,46.47,46.62,10.30005464,4
1692229500,46.77,46.77,46.72,46.73,1.07834,3
1692230400,46.44,46.47,46.39,46.45,5.84827366,5
1692231300,46.36,46.49,46.36,46.49,3.99853674,2
1692232200,46.1,46.19,45.76,45.76,732.21430946,40
1692233100,45.63,46.26,45.63,46.26,4.8099325,8
1692234000,46.53,46.58,46.48,46.58,9.50036819,8
1692234900,46.75,47.06,46.75,47.06,50.18171822,8
1692235800,47.08,47.08,46.99,46.99,51.42168546,3
1692239400,46.84,46.84,46.61,46.61,0.67225735,2
1692240300,46.78,46.9,46.7,46.71,339.67362358,19
1692242100,47.04,47.08,47.04,47.08,1.52500162,3
1692243000,47.14,47.14,47.09,47.12,21.28303628,9
1692243900,47.05,47.05,47.05,47.05,0.16604,1
1692244800,46.95,46.96,46.95,46.96,6.53509809,3
1692246600,46.83,46.83,46.8,46.8,1E+2,6
1692247500,46.81,46.83,46.81,46.83,1E+2,7
1692248400,46.83,46.88,46.83,46.88,215.22565329,11
1692249300,46.87,46.87,46.87,46.87,6.40068273,1
1692251100,47.14,47.31,47.13,47.31,271.18747457,18
1692252000,47.12,47.12,47.12,47.12,6.37077935,1
1692252900,47.16,47.16,47.16,47.16,4,2
1692255600,46.92,46.92,46.92,46.92,10.01410059,2
1692256500,46.93,46.93,46.92,46.92,6.39249946,2
1692259200,46.88,46.89,46.85,46.86,0.61567978,4
1692261900,46.72,46.72,46.72,46.72,0.11,1
1692262800,46.7,46.7,46.51,46.51,8.6641,4
1692263700,46.78,46.78,46.78,46.78,0.09094,1
1692265500,46.61,46.62,46.61,46.62,0.27804,2
1692268200,46.43,46.43,46.37,46.38,2.90640873,4
1692269100,46.32,46.32,46.32,46.32,0.11718803,1
1692270900,46.23,46.23,46.23,46.23,4.32249999,1
1692272700,46.3,46.3,46.3,46.3,1.62282289,1
1692274500,46.2,46.39,46.2,46.39,0.96121435,2
1692277200,46.22,46.22,46.17,46.17,14.99218257,4
1692278100,46.2,46.3,46.2,46.3,4.33609,4
1692279000,46.24,46.24,46.21,46.21,0.5947561,2
1692279900,46.11,46.11,46.03,46.03,59.61806024,3
1692280800,45.97,46.03,45.89,46.01,39.79836848,7
1692281700,45.94,45.94,45.94,45.94,3.09145,1
1692282600,45.75,45.75,45.54,45.59,15.00788898,12
1692283500,45.72,45.83,45.67,45.83,30.68756867,6
1692284400,45.45,45.98,45.2,45.9,34.45530035,22
1692285300,45.94,45.94,45.77,45.84,20.83254851,7
1692286200,45.49,45.5,44.85,45.31,91.79838726,31
1692287100,45.24,45.35,44.92,45.08,14.21038396,11
1692288000,45.27,45.28,44.88,45.28,11.86822772,13
1692289800,45.65,46.01,45.65,45.74,12.83397061,7
1692290700,45.59,45.73,45.54,45.73,16.86912514,6
1692291600,45.92,46.13,45.92,46.13,2.55980005,3
1692292500,45.97,46.16,45.97,46.16,5.14443929,4
1692293400,46.19,46.35,46.19,46.35,8.13660106,5
1692294300,46.21,46.21,46.21,46.21,3.19877,1
1692295200,46.33,46.52,46.33,46.52,5.86847523,4
1692296100,46.33,46.33,46.33,46.33,0.49841718,1
1692297900,46.39,46.39,46.39,46.39,0.11,1
1692298800,46.58,46.58,46.58,46.58,0.51989437,1
1692299700,46.53,46.53,46.53,46.53,4.302,2
1692301500,46.79,46.79,46.74,46.74,14.2781,2
1692302400,46.76,46.83,46.65,46.65,6.05999,16
1692303300,46.66,46.66,46.49,46.49,103.02158165,11
1692304200,46.41,46.44,46.22,46.36,10.7422206,16
1692305100,46.29,46.33,45.94,45.94,21.82455932,18
1692306000,46.32,46.4,45.84,45.91,6.332355,15
1692306900,46.03,46.12,45.91,45.91,43.90904,15
1692307800,45.88,45.88,35.87,35.94,1273.73166477,217
1692308700,36.91,41.43,36.91,39.78,2469.41142411,248
1692309600,39.45,40.19,39.42,39.5,98.01904934,24
1692310500,39.73,40.03,39.56,39.89,21.22630653,23
1692311400,40.07,40.17,39.51,39.56,588.00764232,57
1692312300,39.43,40.69,39.29,40.69,134.26383788,43
1692313200,40.59,41.01,40.27,40.7,374.24823259,45
1692314100,40.79,41.04,40.33,40.33,40.09084481,23
1692315000,40.31,40.31,40.12,40.12,38.527575,6
1692315900,40.11,40.13,39.85,39.99,72.84279673,27
1692316800,39.97,40.8,39.84,40.69,55.09799816,24
1692317700,40.63,41.15,40.6,41.15,81.65475388,26
1692318600,41.01,41.01,40.76,40.91,3.65783086,8
1692319500,40.87,41.08,40.84,41.08,36.00345492,9
1692320400,41.19,41.3,40.61,40.61,1.764,4
1692321300,40.59,41.14,40.56,40.83,723.29296218,34
1692322200,40.98,41.29,40.98,41.29,3.64791855,2
1692324000,41.19,41.65,41.19,41.65,9.43007925,13
1692324900,41.67,41.7,41.13,41.13,80.75043996,9
1692325800,41.06,41.15,41.04,41.14,19.59754138,15
1692326700,41.14,41.14,40.91,40.91,204.3835465,8
1692327600,41.13,41.15,41.13,41.15,15.58789204,3
1692328500,41.17,41.37,41.17,41.37,43.26919683,9
1692329400,41.49,41.66,41.33,41.33,691.24065182,34
1692330300,41.37,41.39,41.32,41.32,5.00955786,4
1692331200,41.42,41.51,41.41,41.51,4.24280118,3
1692332100,41.35,41.4,41.0,41.18,761.65443737,35
1692333000,41.0,41.0,40.91,40.91,32.53388148,3
1692335700,41.23,41.24,41.23,41.24,1,2
1692336600,41.4,41.65,41.4,41.65,3.77601188,2
1692338400,41.68,41.93,41.68,41.93,1.41997629,4
1692339300,41.88,41.88,41.73,41.75,178.12717415,13
1692340200,41.75,41.8,41.75,41.8,134.7456046,8
1692341100,41.99,42.0,41.99,42.0,17.89822489,2
1692342000,41.99,42.05,41.99,42.05,82.98501479,5
1692342900,41.84,41.84,41.75,41.75,15.89593837,3
1692343800,41.66,41.66,41.65,41.65,35,5
1692344700,41.84,41.84,41.84,41.84,2.39005736,1
1692345600,41.87,42.24,41.87,42.15,58.62415482,11
1692346500,42.06,42.06,41.85,41.92,68.08882541,6
1692352800,42.2,42.2,42.11,42.11,9.71967,2
1692353700,42.1,42.1,42.1,42.1,7.5998551,1
1692354600,41.99,41.99,41.99,41.99,6.01122,1
1692358200,42.04,42.34,42.04,42.23,36.89293277,7
1692360000,42.48,42.48,42.48,42.48,0.759,1
1692360900,42.19,42.19,42.19,42.19,0.43441233,1
1692361800,42.17,42.22,42.17,42.22,18.7932,4
1692363600,42.15,42.23,42.15,42.23,16.9602064,4
1692364500,42.32,42.34,42.28,42.34,53.01642,4
1692365400,42.36,42.36,42.32,42.32,2,3
1692366300,42.45,42.47,42.22,42.22,509.925,20
1692367200,42.21,42.36,42.21,42.36,1.3657982,3
1692368100,42.34,42.34,42.21,42.21,71.72900268,6
1692369000,42.25,42.25,42.25,42.25,3.3709439,1
1692370800,42.32,42.44,42.28,42.28,107.69082258,10
1692371700,42.48,42.48,42.34,42.34,100.1885142,3
1692372600,42.18,42.18,41.93,41.93,96.29282627,9
1692373500,41.9,41.9,41.8,41.8,2.29488034,3
1692374400,41.96,41.96,41.96,41.96,0.11,1
1692375300,41.78,41.78,41.68,41.68,0.48689302,3
1692376200,41.69,41.69,41.63,41.69,155.58481383,8
1692377100,41.78,41.79,41.5,41.56,58.68383636,6
1692378000,41.34,41.46,41.32,41.46,16.95439185,4
1692378900,41.41,41.41,41.41,41.41,0.15439799,1
1692379800,41.64,41.95,41.62,41.95,21.47153047,6
1692380700,41.87,42.02,41.83,41.98,68.73020863,11
1692381600,41.7,41.7,41.66,41.66,16.31636627,4
1692382500,41.77,41.79,41.58,41.58,139.90916753,12
1692383400,41.81,41.81,41.81,41.81,0.29680358,1
1692384300,41.66,41.66,41.66,41.66,2.4,1
1692385200,41.58,41.58,41.51,41.51,8.88708136,3
1692386100,41.75,41.75,41.75,41.75,0.23952096,1
1692388800,41.66,41.8,41.65,41.78,313.75222725,14
1692389700,41.88,41.93,41.88,41.93,9.46397,3
1692390600,42.09,42.1,42.04,42.1,5.54773012,4
1692391500,42.11,42.11,42.02,42.02,124.10584405,14
1692392400,42.03,42.09,42.03,42.09,1.32931,4
1692393300,42.2,42.28,42.2,42.28,0.58224395,2
1692394200,42.15,42.15,42.11,42.11,0.86345,2
1692396000,42.0,42.07,42.0,42.07,3.79557572,5
1692396900,42.2,42.2,42.08,42.1,64.16532722,5
1692398700,42.2,42.26,42.2,42.26,3.75912004,2
1692401400,42.12,42.12,42.12,42.12,16.08,1
1692403200,42.09,42.09,42.09,42.09,0.20252,1
1692405000,42.34,42.48,42.34,42.47,4.43157871,4
1692405900,42.41,42.41,42.32,42.32,67.26,3
1692407700,42.03,42.03,42.0,42.0,9.131,2
1692408600,41.93,41.93,41.93,41.93,0.206952,1
1692412200,41.82,41.82,41.82,41.82,1.5,1
1692414000,41.86,41.86,41.8,41.8,2E+2,8
1692414900,41.53,41.6,41.53,41.6,5.92882,3
1692415800,41.75,41.75,41.75,41.75,0.1015,1
1692417600,41.74,41.74,41.74,41.74,0.24729039,1
1692418500,41.77,41.77,41.77,41.77,1.35072293,1
1692421200,41.79,41.79,41.79,41.79,4.78179999,1
1692422100,41.61,41.61,41.55,41.55,12.8094,2
1692423000,41.48,41.53,41.37,41.37,18.69914045,10
1692426600,41.37,41.37,41.28,41.28,5.32315357,3
1692428400,41.29,41.29,41.29,41.29,0.11989731,1
1692429300,41.29,41.3,41.29,41.3,0.2386,2
1692430200,41.36,41.37,41.36,41.37,0.42956,2
1692431100,41.63,41.72,41.63,41.72,17.59739479,3
1692432000,41.62,41.62,41.61,41.61,0.5,2
1692432900,42.0,42.14,42.0,42.14,30.64860028,4
1692438300,42.22,42.34,42.22,42.34,0.9968327,3
1692439200,42.05,42.05,42.05,42.05,0.11597956,1
1692443700,42.07,42.07,42.0,42.0,27.7848,3
1692444600,42.07,42.07,42.07,42.07,0.0757,1
1692445500,41.99,41.99,41.99,41.99,8.13756724,1
1692447300,41.93,41.97,41.93,41.97,4.91846,2
1692448200,42.05,42.05,41.96,41.96,12.93018132,3
1692450000,42.03,42.03,42.01,42.01,27.71833374,4
1692450900,42.09,42.09,42.09,42.09,8.1180364,1
1692452700,42.09,42.09,42.07,42.07,9.15,2
1692454500,42.14,42.21,42.14,42.21,0.07608,2
1692457200,42.22,42.32,42.22,42.32,24.22392584,4
1692459000,42.39,42.46,42.39,42.42,150.41084009,10
1692459900,42.57,42.91,42.56,42.91,12.1374641,12
1692460800,43.13,43.4,42.97,42.97,77.23384471,15
1692461700,42.97,43.47,42.97,43.47,22.95560128,7
1692462600,43.29,43.56,43.29,43.56,10.29453861,4
1692463500,43.59,43.76,43.59,43.76,0.89774637,4
1692464400,43.62,43.62,43.62,43.62,0.11307482,1
1692465300,43.24,43.24,42.97,42.97,6.47685721,7
1692466200,42.96,42.96,42.78,42.78,16.84612897,3
1692467100,42.72,42.85,42.72,42.85,12.9210035,2
1692468000,42.63,42.63,42.56,42.63,131.55200147,11
1692468900,42.62,42.81,42.61,42.81,128.20078893,10
1692472500,42.86,42.86,42.86,42.86,0.45974,1
1692476100,42.65,42.65,42.46,42.48,51.0815964,10
1692479700,42.58,42.58,42.58,42.58,0.18946336,1
1692485100,42.53,42.53,42.53,42.53,4.6981,1
1692486900,42.68,42.69,42.68,42.69,1,2
1692488700,42.67,42.67,42.67,42.67,0.23387139,1
1692489600,42.65,42.65,42.65,42.65,5.33,1
1692490500,42.79,42.79,42.79,42.79,0.2393519,1
1692491400,42.55,42.55,42.51,42.51,1.5E+2,7
1692493200,42.58,42.58,42.52,42.52,5.96374224,2
1692496800,42.37,42.37,42.37,42.37,0.23478305,1
1692498600,42.39,42.39,42.39,42.39,0.02324,1
1692499500,42.3,42.3,42.3,42.3,3.15087,1
1692500400,42.25,42.25,42.21,42.21,126.94838832,9
1692501300,42.21,42.21,42.21,42.21,3.7343,1
1692502200,42.21,42.21,42.12,42.12,19.43253728,4
1692504000,42.08,42.08,42.02,42.02,306.90222725,31
1692505800,42.14,42.14,42.14,42.14,0.20257822,1
1692506700,42.23,42.23,42.23,42.23,125.67690977,3
1692507600,42.27,42.35,42.12,42.27,189.50954029,28
1692508500,42.09,42.09,42.09,42.09,0.22210874,1
1692510300,42.03,42.03,42.02,42.02,5E+1,2
1692511200,41.98,41.98,41.98,41.98,0.23871818,1
1692512100,42.02,42.03,41.98,41.98,5.75172249,3
1692518400,42.25,42.28,42.25,42.28,100.84533932,8
1692519300,42.15,42.15,42.15,42.15,6.56719572,1
1692521100,42.28,42.28,42.28,42.28,8.87931211,1
1692524700,42.5,42.52,42.49,42.52,2.98144,3
1692525600,42.51,42.51,42.51,42.51,40.52,6
1692526500,42.64,42.64,42.59,42.59,118.40977843,6
1692529200,42.85,42.85,42.85,42.85,7.0069,1
1692531900,42.91,42.94,42.91,42.94,65.28382897,5
1692532800,42.94,42.99,42.94,42.94,281.33361182,11
1692534600,42.81,42.81,42.81,42.81,0.26989,1
1692540000,42.55,42.55,42.55,42.55,1.839,1
1692540900,42.51,42.52,42.48,42.52,99.21578078,8
1692541800,42.52,42.52,42.51,42.51,76.32197,5
1692542700,42.32,42.32,42.15,42.15,19.40332751,6
1692544500,42.18,42.18,42.17,42.17,3.87825244,2
1692545400,42.36,42.36,42.36,42.36,0.11739499,1
1692546300,42.36,42.46,42.36,42.46,3.85361,2
1692547200,42.38,42.38,42.38,42.38,0.1987545,1
1692550800,42.16,42.16,42.16,42.16,1E+1,2
1692551700,42.28,42.28,42.27,42.27,0.954431,2
1692552600,42.36,42.36,42.36,42.36,0.11,1
1692553500,42.4,42.4,42.4,42.4,2.3E+2,7
1692556200,42.34,42.35,42.34,42.35,5.37039375,2
1692557100,42.37,42.39,42.3,42.3,136.01640025,9
1692558000,42.35,42.35,42.35,42.35,0.21893409,1
1692561600,42.4,42.53,42.4,42.53,3.58469493,2
1692562500,42.64,42.64,42.58,42.58,9.70233023,2
1692563400,42.55,42.72,42.55,42.72,450.0809,19
1692564300,42.7,42.7,42.7,42.7,64.78990745,2
1692566100,42.5,42.52,42.5,42.52,40.19733244,4
1692569700,42.39,42.4,42.39,42.4,2,2
1692576000,42.29,42.29,42.24,42.24,11.88660074,2
1692576900,42.18,42.18,42.12,42.12,5.7438,2
1692580500,42.26,42.3,42.26,42.3,1.5E+2,10
1692581400,42.34,42.36,42.34,42.36,57.26430219,6
1692584100,42.43,42.43,42.43,42.43,2.11657789,1
1692585000,42.18,42.18,42.16,42.16,1.5E+2,8
1692585900,42.16,42.16,42.14,42.14,57.14977602,5
1692588600,42.11,42.11,42.11,42.11,12.49193,2
1692589500,42.07,42.07,42.07,42.07,0.0729,1
1692595800,42.56,42.71,42.56,42.57,40.4009011,3
1692599400,42.2,42.2,42.17,42.17,6.12250614,2
1692601200,41.91,41.91,41.91,41.91,1.02109316,1
1692602100,41.82,41.82,41.82,41.82,0.23264199,1
1692605700,41.7,41.7,41.59,41.59,196.0953407,13
1692609300,41.98,41.98,41.98,41.98,0.9557694,1
1692612000,41.59,41.59,41.4,41.5,10.14083193,14
1692612900,41.5,41.51,41.5,41.51,12.24523914,2
1692613800,41.55,41.55,41.44,41.5,26.67956475,7
1692614700,41.47,41.47,41.47,41.47,0.22927006,1
1692615600,41.37,41.39,41.19,41.19,92.85354444,9
1692617400,41.56,41.58,41.56,41.58,3.66747778,3
1692618300,41.62,41.62,41.62,41.62,0.23244471,1
1692619200,41.8,41.8,41.8,41.8,24.62755532,1
1692620100,41.93,41.93,41.93,41.93,0.11,1
1692621000,41.78,41.78,41.78,41.78,146.34622327,4
1692621900,41.73,41.74,41.56,41.56,123.54540718,8
1692622800,41.56,41.56,41.56,41.56,0.26706,1
1692623700,41.48,41.48,41.48,41.48,7.2263,1
1692624600,41.57,41.57,41.57,41.57,0.56,2
1692625500,41.56,41.57,41.56,41.57,4.90657044,3
1692626400,41.96,41.96,41.96,41.96,0.35551467,1
1692627300,41.87,41.87,41.87,41.87,5.89874481,2
1692629100,41.72,41.72,41.72,41.72,0.22951371,1
1692630900,41.33,41.33,40.23,40.69,79.42213813,28
1692631800,40.77,40.97,40.69,40.95,383.23361537,21
1692632700,40.67,40.68,40.62,40.63,162.23644495,7
1692633600,40.69,40.69,40.69,40.69,0.26174206,1
1692634500,40.64,40.77,40.5,40.5,1.2546713,5
1692635400,40.55,40.55,40.52,40.52,9.93583415,2
1692636300,40.5,40.51,40.41,40.41,3.426,3
1692637200,40.45,40.48,40.45,40.48,2.1,2
1692638100,40.62,40.62,40.62,40.62,1.23061777,1
1692639000,40.95,40.95,40.95,40.95,0.22539872,1
1692639900,40.98,41.04,40.97,40.97,421.06037467,18
1692640800,40.96,40.96,40.91,40.91,21.64883851,3
1692644400,41.15,41.17,41.15,41.17,3E+1,5
1692645300,41.17,41.17,41.17,41.17,0.24505438,1
1692646200,41.29,41.56,41.29,41.56,0.98414113,2
1692648000,41.65,41.67,41.65,41.67,0.64762792,2
1692651600,41.4,41.4,41.4,41.4,0.24910652,1
1692652500,41.42,41.47,41.42,41.44,268.91068751,13
1692653400,41.61,41.83,41.61,41.83,0.70660715,2
1692657000,41.7,41.7,41.69,41.69,63.85315381,3
1692658800,41.68,41.68,41.68,41.68,1.25901,1
1692659700,41.72,41.72,41.72,41.72,0.11,1
1692665100,41.93,41.93,41.93,41.93,5.18984818,2
1692666000,41.92,41.92,41.9,41.9,38.85844108,4
1692667800,42.01,42.01,42.01,42.01,0.77644,1
1692668700,42.09,42.09,41.99,41.99,5.3157,2
1692669600,42.24,42.24,42.24,42.24,0.52713968,1
1692670500,42.2,42.32,42.2,42.32,7.86254725,4
1692671400,42.22,42.41,42.2,42.41,18.80633056,6
1692673200,42.5,42.5,42.5,42.5,1E+2,4
1692674100,42.25,42.25,42.21,42.21,20.33179331,4
1692676800,42.45,42.59,42.45,42.59,138.54864117,10
1692677700,42.46,42.46,42.44,42.44,1E+2,6
1692680400,42.15,42.15,42.15,42.15,2E+1,1
1692684900,42.37,42.37,42.35,42.37,15.12384493,4
1692685800,42.48,42.48,42.48,42.48,0.43948752,1
1692686700,42.57,43.08,42.57,43.08,262.65245164,21
1692687600,43.19,43.5,43.1,43.44,182.2253724,14
1692688500,43.48,44.3,43.48,44.3,84.24776045,17
1692689400,44.2,44.23,43.88,44.23,50.33686163,4
1692690300,44.15,44.75,44.15,44.66,88.1394035,23
1692691200,44.55,44.58,44.24,44.24,40.5080537,11
1692693000,44.38,44.38,44.38,44.38,7.53625698,1
1692693900,44.64,44.64,44.3,44.3,173.44969716,11
1692694800,44.37,44.37,44.37,44.37,0.315007,1
1692695700,44.41,44.7,44.41,44.7,6.28008,3
1692696600,44.66,45.1,44.66,44.97,16.47243318,19
1692697500,44.87,44.96,44.74,44.84,46.50646816,10
1692698400,44.8,44.9,44.66,44.8,73.19519559,11
1692699300,44.65,44.72,44.57,44.66,378.51687671,23
1692700200,44.65,44.65,44.46,44.47,148.13693162,10
1692701100,44.49,44.49,44.38,44.38,5.85223,2
1692702000,44.24,44.24,43.96,43.96,19.9544694,6
1692702900,43.92,43.93,43.92,43.93,7.22490091,3
1692703800,43.93,43.94,43.81,43.87,2.58277065,5
1692704700,43.78,43.78,43.62,43.62,71.85427131,9
1692705600,43.43,43.76,43.39,43.76,3.9009416,3
1692706500,43.47,43.47,43.08,43.08,29.38270602,4
1692707400,43.27,43.56,43.27,43.56,7.46967732,4
1692708300,43.54,43.54,43.51,43.51,0.67634048,3
1692709200,43.23,43.23,43.23,43.23,3.53575373,1
1692710100,43.09,43.09,43.0,43.08,18.97542069,6
1692711000,42.96,42.96,42.67,42.67,454.1690143,32
1692712800,42.36,42.64,41.81,41.83,100.17527778,17
1692713700,41.58,41.73,41.32,41.58,692.34335484,35
1692714600,41.95,41.95,41.8,41.9,5.09932069,3
1692715500,42.06,42.08,42.05,42.05,81.31668485,6
1692716400,41.9,42.5,41.9,42.29,166.87822872,16
1692717300,42.39,42.39,42.38,42.38,13.79523472,2
1692718200,42.6,42.6,42.5,42.5,0.48636013,2
1692719100,42.25,42.37,42.15,42.37,24.5788922,9
1692720000,42.54,42.54,42.37,42.37,0.56631511,3
1692720900,42.47,42.53,42.21,42.25,9.01275698,8
1692721800,42.3,43.0,42.3,42.52,40.43278948,16
1692722700,42.3,42.4,42.02,42.35,24.42950917,13
1692723600,42.27,42.27,42.13,42.13,48.78559029,7
1692724500,41.89,41.92,41.7,41.7,1.04905243,7
1692725400,41.58,41.58,40.91,40.95,6.23842239,15
1692726300,41.07,41.07,40.53,40.53,4.20616484,4
1692727200,40.92,41.2,40.89,41.17,2.26302443,8
1692728100,41.2,41.43,41.13,41.42,11.79276978,6
1692729000,41.63,41.66,41.63,41.64,13.91328195,4
1692730800,41.6,41.81,41.6,41.75,49.25612,7
1692731700,41.5,41.5,41.49,41.49,0.43521,2
1692732600,41.37,41.38,41.37,41.38,1.00756,2
1692733500,41.17,41.17,41.17,41.17,0.28856363,1
1692734400,41.23,41.23,41.15,41.15,23.99231,2
1692735300,41.15,41.15,41.15,41.15,12.1403,1
1692737100,41.56,41.56,41.56,41.56,0.11020211,1
1692738000,41.32,41.32,41.32,41.32,0.1175,1
1692738900,41.25,41.25,40.01,40.43,46.39589007,30
1692739800,40.82,41.07,40.82,41.0,93.60852225,14
1692740700,41.19,41.19,40.91,40.92,95.95563799,11
1692741600,40.96,41.01,40.96,41.01,21.84493091,2
1692743400,41.52,41.77,41.5,41.75,326.48208782,24
1692744300,41.82,42.12,41.82,41.89,247.84960217,21
1692745200,42.07,42.91,42.07,42.75,379.8476334,33
1692746100,42.59,42.66,42.2,42.2,398.35417974,36
1692747000,42.4,42.41,42.3,42.3,246.84215452,11
1692747900,42.22,42.32,42.22,42.32,0.4967931,2
1692748800,42.26,42.55,42.26,42.55,2.68300544,3
1692749700,42.75,42.81,42.71,42.71,139.3633867,12
1692752400,42.51,42.51,42.24,42.26,114.86162058,9
1692754200,42.23,42.23,42.23,42.23,0.43930297,1
1692756000,42.37,42.37,42.3,42.3,5.4539905,2
1692757800,42.33,42.33,42.3,42.3,10.86048564,3
1692764100,42.46,42.46,42.46,42.46,0.14806112,1
1692765000,42.62,42.62,42.62,42.62,4.6965,1
1692767700,42.2,42.2,42.05,42.05,127.62714572,13
1692768600,41.97,41.98,41.91,41.91,4.36740398,8
1692769500,41.93,41.93,41.93,41.93,0.13844578,1
1692770400,42.11,42.21,42.11,42.21,2.68817273,4
1692771300,42.15,42.15,42.15,42.15,4.7405,1
1692773100,42.45,42.49,42.35,42.39,100.89835642,10
1692774000,42.22,42.25,42.2,42.25,53.45125809,8
1692775800,42.24,42.24,42.14,42.14,0.90919702,2
1692776700,42.13,42.13,42.02,42.02,434.97331395,21
1692780300,42.23,42.23,42.23,42.23,6.49925645,1
1692783000,42.29,42.29,42.29,42.29,0.32381089,1
1692788400,42.09,42.1,42.09,42.1,0.95475891,2
1692789300,42.01,42.01,42.01,42.01,3,1
1692790200,42.0,42.0,42.0,42.0,0.11,1
1692792000,41.97,41.97,41.96,41.96,3,2
1692793800,41.8,41.8,41.66,41.66,308.86448123,16
1692794700,41.71,41.71,41.71,41.71,5.67121665,1
1692795600,41.66,41.66,41.53,41.53,0.7608138,3
1692796500,41.57,41.61,41.57,41.61,6.72490851,2
1692798300,41.9,41.9,41.9,41.9,0.426,1
1692799200,42.15,42.15,41.93,41.93,50.38532157,11
1692801000,41.9,42.07,41.9,42.07,48.59464885,6
1692801900,42.07,42.18,42.07,42.17,7.58331083,4
1692802800,42.28,42.28,42.28,42.28,0.37721617,1
1692803700,42.29,42.29,42.29,42.29,0.11037,1
1692804600,42.46,42.47,42.46,42.47,0.28119373,2
1692805500,42.47,42.58,42.47,42.58,6.07609348,2
1692806400,42.45,42.45,42.45,42.45,47.0754,2
1692807300,42.57,43.26,42.57,43.21,21.45520535,19
1692808200,43.27,43.72,43.27,43.32,1119.49134346,36
1692809100,43.35,43.4,43.3,43.3,264.81625193,15
1692810000,43.23,43.49,43.23,43.47,152.47591012,19
1692810900,43.46,43.46,43.25,43.25,14.66137759,4
1692811800,43.26,43.26,42.86,43.21,1117.23665753,40
1692812700,43.08,43.09,43.0,43.06,30.32385464,5
1692813600,43.24,43.24,43.24,43.24,0.13768887,1
1692815400,43.35,43.35,43.33,43.33,140.28923616,8
1692816300,43.51,43.51,43.51,43.51,0.24265431,1
1692817200,43.43,43.43,43.43,43.43,0.34742945,1
1692818100,43.54,43.54,43.53,43.53,3.15215773,4
1692819000,43.57,43.65,43.57,43.65,21.91039817,8
1692819900,43.51,43.92,43.51,43.92,18.32170505,4
1692820800,43.93,43.93,43.61,43.61,53.26169981,5
1692821700,43.45,43.64,43.4,43.64,261.8269209,15
1692822600,43.41,43.41,43.41,43.41,1.52716,2
1692823500,43.55,43.55,43.53,43.54,5.09680157,3
1692824400,43.33,43.39,43.32,43.39,18.86382009,7
1692825300,43.41,43.41,43.41,43.41,1.4384665,1
1692826200,43.33,43.35,43.33,43.35,0.25363337,2
1692827100,42.94,43.11,42.79,42.79,20.55759155,7
1692828900,43.2,43.2,43.2,43.2,0.40327611,1
1692829800,43.32,43.32,43.23,43.23,10.57726905,2
1692831600,43.1,43.12,43.1,43.12,0.27292993,2
1692833400,42.99,42.99,42.99,42.99,1.14587,2
1692834300,43.09,43.1,43.09,43.1,2.0501,2
1692836100,43.02,43.02,42.97,42.97,0.78,2
1692837900,43.09,43.21,43.09,43.21,1.278,3
1692840600,43.0,43.0,42.96,42.96,21.49546543,2
1692841500,42.96,42.96,42.88,42.88,15,4
1692842400,42.93,42.99,42.93,42.99,9.13993,4
1692844200,43.07,43.07,43.06,43.06,0.426,2
1692846900,43.33,43.33,43.2,43.21,70.13055069,7
1692848700,43.4,43.44,43.4,43.41,120.25961102,12
1692849600,43.56,43.63,43.56,43.63,2.6661086,2
1692851400,43.7,43.7,43.7,43.7,11.70483378,2
1692852300,43.63,43.66,43.63,43.65,11.81925645,3
1692853200,43.69,43.77,43.69,43.77,4.85432993,2
1692855000,43.62,43.63,43.62,43.63,21.43613514,2
1692855900,43.39,43.39,43.39,43.39,0.17643505,1
1692856800,43.3,43.32,43.29,43.32,1.20667,3
1692858600,43.73,44.05,43.73,44.05,8.34391593,6
1692859500,44.06,44.06,43.9,43.9,7.41871218,5
1692860400,43.99,44.3,43.96,44.19,106.0368273,16
1692861300,44.27,44.27,44.0,44.27,3.08336,4
1692862200,44.34,44.47,44.34,44.47,456.1288921,21
1692863100,44.51,44.56,44.36,44.56,63.46319082,16
1692864900,44.7,44.91,44.7,44.91,27.30378942,7
1692865800,44.61,44.61,44.42,44.42,24.094807,5
1692868500,44.54,44.54,44.33,44.33,6.41885976,6
1692869400,44.36,44.36,44.34,44.34,4.53652,2
1692873000,44.75,44.95,44.75,44.95,8.31844727,8
1692873900,44.93,44.93,44.73,44.73,37.07571804,5
1692874800,44.52,44.7,44.52,44.7,0.14245819,2
1692875700,44.4,44.4,44.4,44.4,0.2247191,1
1692877500,44.47,44.47,44.47,44.47,4.49289999,1
1692878400,44.15,44.15,44.09,44.09,0.97214314,5
1692879300,44.22,44.22,43.99,44.06,67.9440599,13
1692880200,44.05,44.05,44.05,44.05,0.45558767,1
1692881100,44.0,44.02,43.9,43.98,169.37607466,10
1692882000,43.87,43.87,43.78,43.78,0.66618911,2
1692883800,43.79,43.79,43.76,43.76,1E+2,7
1692884700,43.64,43.64,43.64,43.64,0.11,1
1692885600,43.86,43.86,43.86,43.86,0.11,1
1692886500,43.65,43.65,43.34,43.34,121.97993279,11
1692887400,43.32,43.37,43.11,43.12,239.78557502,25
1692888300,43.2,43.33,43.16,43.33,20.74712493,3
1692889200,43.05,43.05,42.89,42.89,23.83767235,5
1692890100,42.86,42.86,42.55,42.57,6.25275333,8
1692891000,42.82,42.86,42.81,42.86,37.16960673,3
1692891900,42.84,42.86,42.55,42.57,101.14311,5
1692892800,42.53,42.71,42.52,42.71,29.66508554,4
1692893700,42.62,42.71,42.62,42.71,2.73812771,4
1692894600,42.8,42.96,42.8,42.89,27.42729701,4
1692895500,43.05,43.05,43.05,43.05,2.2859,1
1692897300,42.74,42.74,42.65,42.65,0.62254301,2
1692898200,42.68,42.8,42.61,42.8,122.14958382,14
1692904500,43.2,43.23,43.2,43.23,6.06064068,2
1692907200,42.87,42.87,42.83,42.83,1.02531475,3
1692908100,42.88,42.88,42.88,42.88,0.426,1
1692909000,42.95,42.95,42.95,42.95,1.46285941,2
1692909900,42.58,42.58,42.34,42.34,276.48200129,17
1692910800,42.61,42.61,42.6,42.6,1.7619,3
1692911700,42.6,42.6,42.6,42.6,0.426,1
1692913500,43.05,43.05,43.05,43.05,1.88458259,1
1692916200,43.2,43.2,43.19,43.19,0.426,2
1692917100,43.3,43.3,43.3,43.3,11.70147878,2
1692918000,43.1,43.14,43.06,43.12,347,14
1692918900,42.99,43.19,42.99,43.19,4.986,12
1692919800,43.21,43.21,43.18,43.18,0.49712163,2
1692920700,43.44,43.44,43.43,43.44,151.35163205,15
1692921600,43.5,43.65,43.44,43.49,40.29580391,8
1692922500,43.44,43.44,43.15,43.19,214.87468207,14
1692923400,43.11,43.11,43.11,43.11,0.3045,1
1692924300,42.98,42.98,42.98,42.98,0.21997029,1
1692926100,42.77,42.86,42.77,42.86,9.5645,7
1692927900,42.93,42.93,42.93,42.93,0.426,1
1692928800,42.84,42.84,42.84,42.84,0.23525,1
1692932400,42.57,42.57,42.45,42.45,5.6919038,3
1692933300,42.35,42.35,41.85,42.04,32.98366045,13
1692934200,42.04,42.07,42.02,42.07,29.25734507,4
1692935100,42.12,42.12,42.11,42.11,8,2
1692936900,42.03,42.03,42.0,42.0,0.40652333,3
1692940500,42.11,42.13,42.11,42.13,2.4846,2
1692943200,42.04,42.04,42.04,42.04,0.2364288,1
1692944100,42.1,42.11,42.1,42.11,0.59421707,2
1692945000,41.97,41.98,41.92,41.98,244.17342586,12
1692945900,42.03,42.03,42.03,42.03,0.426,1
1692955800,42.05,42.08,42.04,42.07,35.76574002,6
1692957600,41.99,41.99,41.99,41.99,1.69687544,1
1692958500,42.08,42.1,42.08,42.1,8E+2,23
1692959400,41.9,41.9,41.9,41.9,0.11,1
1692961200,42.06,42.07,42.06,42.07,3.63030655,2
1692963000,42.1,42.1,42.1,42.1,1.18764846,1
1692963900,42.03,42.09,41.96,42.09,72.07434978,7
1692965700,42.19,42.19,42.14,42.14,0.42634207,2
1692966600,42.07,42.1,42.07,42.1,22.81896299,6
1692968400,42.14,42.14,42.14,42.14,0.25896574,1
1692969300,42.37,42.45,42.37,42.45,54.47620904,2
1692972000,42.08,42.1,42.03,42.03,42.65595726,7
1692972900,42.31,42.91,42.31,42.48,6.47814173,15
1692974700,42.09,42.1,42.09,42.1,19.33454579,2
1692975600,42.29,42.61,42.29,42.49,0.81391841,4
1692976500,42.36,42.39,42.36,42.39,5.12801469,3
1692978300,42.58,42.58,42.58,42.58,4.7009,1
1692979200,42.5,42.5,42.5,42.5,11.22300941,1
1692980100,42.79,42.79,42.79,42.79,0.35669,1
1692981000,42.91,42.91,42.86,42.86,8.80700117,2
1692982800,42.57,42.57,42.57,42.57,70.65851728,2
1692983700,42.42,42.42,42.42,42.42,11.7,2
1692984600,42.47,42.47,42.47,42.47,0.426,1
1692987300,42.53,42.53,42.53,42.53,0.12102,1
1692989100,42.64,42.64,42.6,42.6,2E+2,9
1692990000,42.75,42.75,42.73,42.73,0.45058231,2
1692990900,42.7,42.71,42.7,42.71,70.27207345,5
1692991800,42.6,42.6,42.58,42.58,44,4
1692992700,42.48,42.48,42.48,42.48,0.11,1
1692993600,42.44,42.44,42.33,42.33,1.58085,5
1692994500,42.47,42.47,42.41,42.41,0.852,2
1692995400,42.38,42.45,42.37,42.37,1.704,4
1692996300,42.38,42.59,42.38,42.53,1.72701609,7
1692997200,42.55,42.58,42.47,42.47,8.46067906,13
1692998100,42.43,42.52,42.43,42.51,71.8714845,13
1692999000,42.47,42.52,42.46,42.49,1.08851,4
1692999900,42.58,42.58,42.58,42.58,0.3181,1
1693000800,42.69,42.69,42.66,42.66,1E+2,8
1693001700,42.64,42.65,42.59,42.61,7.62710915,6
1693002600,42.62,42.67,42.62,42.62,2.1791,6
1693003500,42.72,42.72,42.69,42.69,1.704,4
1693005300,42.74,42.74,42.74,42.74,0.1386,1
1693006200,42.69,42.69,42.66,42.67,0.90397845,3
1693007100,42.66,42.66,42.63,42.63,296.32219888,15
1693008900,42.41,42.41,42.4,42.4,0.426,2
1693009800,42.41,42.41,42.41,42.41,5.0077926,1
1693010700,42.37,42.37,42.37,42.37,9.55,1
1693011600,42.56,42.56,42.56,42.56,0.426,1
1693012500,42.78,42.78,42.78,42.78,0.18860969,1
1693013400,42.94,43.42,42.94,43.27,66.90647009,20
1693014300,43.26,43.26,43.26,43.26,4.62,1
1693015200,43.17,43.17,43.17,43.17,0.20689355,1
1693016100,43.09,43.09,43.09,43.09,62.11096542,2
1693017900,42.84,42.97,42.84,42.97,10.78763021,2
1693019700,42.86,42.97,42.86,42.97,0.852,2
1693024200,42.96,42.96,42.94,42.94,13.5089226,3
1693027800,42.75,42.75,42.75,42.75,7.0118,1
1693028700,42.74,42.75,42.74,42.75,5.76429,2
1693031400,42.77,42.77,42.76,42.76,0.426,2
1693032300,42.87,42.87,42.86,42.86,0.426,2
1693034100,42.83,42.83,42.83,42.83,0.23003,1
1693035900,42.8,42.8,42.8,42.8,11.68030495,1
1693036800,42.73,42.76,42.73,42.76,1.00756,2
1693040400,42.53,42.53,42.53,42.53,6.32,1
1693041300,42.53,42.53,42.53,42.53,0.00144123,1
1693046700,42.54,42.54,42.54,42.54,0.23506267,1
1693047600,42.51,42.51,42.51,42.51,4.7009,1
1693053000,42.37,42.38,42.37,42.38,7.86077159,2
1693054800,42.21,42.21,42.21,42.21,4.7343,4
1693055700,42.2,42.2,42.2,42.2,0.12413858,1
1693056600,42.19,42.19,42.19,42.19,0.36091,2
1693060200,42.23,42.31,42.17,42.31,1.5E+2,9
1693064700,42.39,42.4,42.39,42.4,0.4,2
1693066500,42.08,42.08,42.08,42.08,4.7483,1
1693067400,42.0,42.0,42.0,42.0,0.45043919,2
1693068300,42.07,42.07,42.07,42.07,2.64137,1
1693073700,41.93,41.93,41.92,41.92,0.42886,2
1693074600,41.88,41.88,41.88,41.88,0.3,1
1693077300,42.02,42.02,42.02,42.02,0.03517,1
1693085400,42.15,42.19,42.14,42.19,19.01604,3
1693086300,42.17,42.17,42.17,42.17,0.426,1
1693089900,42.21,42.22,42.18,42.18,4.50813873,5
1693096200,41.98,41.98,41.98,41.98,7.1403,1
1693101600,41.86,41.86,41.86,41.86,0.14317742,1
1693102500,42.01,42.01,41.92,41.92,20.3,2
1693113300,41.83,41.83,41.83,41.83,0.23411647,1
1693115100,41.85,41.85,41.85,41.85,0.12883318,1
1693118700,42.02,42.03,42.02,42.03,1.8426653,2
1693123200,42.13,42.13,42.13,42.13,0.21130172,1
1693126800,42.19,42.19,42.19,42.19,0.11739499,1
1693128600,42.04,42.04,42.04,42.04,1,1
1693132200,42.14,42.15,42.14,42.15,11,3
1693134000,41.98,41.98,41.97,41.97,3.79285,2
1693137600,41.92,41.92,41.92,41.92,0.18,1
1693139400,41.95,41.95,41.95,41.95,7.84190413,1
1693145700,42.47,42.47,42.42,42.42,0.77273762,3
1693146600,42.55,42.55,42.55,42.55,0.15027727,1
1693149300,42.92,42.93,42.92,42.93,7.22759161,3
1693151100,42.83,42.83,42.66,42.66,20.35210386,4
1693153800,42.53,42.53,42.53,42.53,0.93263554,1
1693156500,42.4,42.4,42.4,42.4,1,1
1693157400,42.33,42.33,42.33,42.33,4.93764078,2
1693159200,42.15,42.15,42.15,42.15,2.66931,1
1693160100,42.15,42.15,42.15,42.15,6.84035119,2
1693165500,42.19,42.19,42.19,42.19,4.7365,1
1693166400,42.07,42.07,42.07,42.07,0.12815353,1
1693167300,41.99,41.99,41.99,41.99,4.7591,1
1693168200,41.98,41.98,41.98,41.98,0.08107,1
1693170000,41.97,41.97,41.97,41.97,23.94567548,1
1693172700,41.98,41.99,41.98,41.99,3.21330528,2
1693179900,42.16,42.16,42.16,42.16,0.426,1
1693183500,41.98,42.04,41.98,41.99,1.64826967,3
1693184400,41.65,41.74,41.64,41.74,121.15137999,7
1693186200,41.69,41.69,41.69,41.69,0.87063254,2
1693187100,41.58,41.58,41.5,41.5,80.25823343,7
1693188000,41.5,41.5,41.5,41.5,4.86811308,1
1693189800,41.86,41.86,41.85,41.85,82.04327385,9
1693195200,41.93,41.93,41.93,41.93,0.69374323,1
1693197000,41.8,41.8,41.8,41.8,0.45238507,1
1693199700,41.7,41.7,41.7,41.7,0.11,1
1693200600,41.47,41.47,41.16,41.44,7.82434692,14
1693203300,41.39,41.39,41.39,41.39,7.046466,3
1693208700,41.41,41.41,41.41,41.41,1.00144,1
1693212300,41.6,41.6,41.43,41.43,1.59639096,4
1693214100,41.1,41.35,41.1,41.22,1.20690093,4
1693215000,41.25,41.26,41.25,41.26,7.27272727,3
1693215900,41.08,41.08,41.08,41.08,4.8638,1
1693221300,41.41,41.41,41.41,41.41,36.37154833,1
1693222200,41.44,41.44,41.44,41.44,7.2464,1
1693224000,41.55,41.55,41.55,41.55,0.43770416,1
1693224900,41.93,41.93,41.93,41.93,0.22380184,1
1693225800,41.95,41.95,41.81,41.81,1.09558705,2
1693229400,41.98,41.98,41.98,41.98,7.1531,1
1693233900,41.89,41.89,41.86,41.86,2.02536,2
1693234800,41.78,41.78,41.78,41.78,0.42242,2
1693235700,41.78,41.79,41.72,41.72,8.30134529,3
1693236600,42.05,42.05,42.05,42.05,6.218035,2
1693237500,41.9,41.9,41.9,41.9,0.054,1
1693240200,41.68,41.68,41.68,41.68,0.47627055,1
1693246500,42.04,42.04,42.04,42.04,0.629798,1
1693250100,41.59,41.7,41.59,41.7,4.3737329,3
1693253700,41.78,41.78,41.78,41.78,0.438,1
1693255500,41.85,41.85,41.85,41.85,0.438,1
1693259100,41.7,41.72,41.7,41.71,0.986,4
1693267200,42.17,42.17,42.14,42.14,0.23304858,2
1693269900,41.9,42.02,41.9,41.99,3.89187847,5
1693270800,41.97,41.97,41.88,41.88,5.76171281,3
1693271700,41.92,41.97,41.92,41.97,0.73006152,2
1693274400,41.76,41.76,41.76,41.76,0.49153123,1
1693277100,41.63,41.63,41.63,41.63,3.12275,1
1693279800,41.32,41.32,41.32,41.32,0.438,1
1693284300,41.41,41.41,41.35,41.35,7.50396983,3
1693289700,41.17,41.18,41.17,41.17,8.49662968,3
1693290600,41.1,41.1,41.02,41.07,10.82786796,6
1693295100,41.0,41.0,41.0,41.0,0.36988792,1
1693296000,40.98,40.98,40.91,40.95,38.14654524,6
1693296900,41.11,41.11,41.11,41.11,0.53743775,1
1693297800,41.0,41.01,41.0,41.01,7.3135056,2
1693298700,41.0,41.01,41.0,41.01,6.28682811,2
1693299600,40.99,41.09,40.96,41.09,36.802226,10
1693300500,41.09,41.09,41.08,41.08,11.68274073,2
1693302300,40.98,40.98,40.98,40.98,1,1
1693304100,40.86,40.86,40.76,40.76,1.27667912,2
1693305000,40.73,40.73,40.71,40.71,111.1755192,4
1693305900,40.92,40.95,40.92,40.95,10.59933211,2
1693306800,41.23,41.29,41.23,41.29,357.94989762,16
1693309500,40.99,40.99,40.99,40.99,0.28524289,1
1693310400,40.87,40.87,40.87,40.87,0.66566696,1
1693311300,40.87,40.87,40.76,40.76,21.97600884,8
1693313100,41.04,41.1,41.04,41.09,102.2589404,6
1693314900,41.11,41.11,41.11,41.11,0.438,1
1693315800,41.15,41.15,41.15,41.15,18.02433306,2
1693316700,41.3,41.3,41.2,41.2,180.74087974,10
1693317600,41.4,41.57,41.4,41.57,1.16713115,4
1693318500,41.56,42.88,41.56,42.88,104.85832902,38
1693319400,42.92,44.13,42.92,44.02,773.81851004,71
1693320300,44.08,44.29,43.75,43.88,145.644892,13
1693321200,44.18,44.18,43.88,43.88,10.04134982,2
1693322100,43.59,43.59,43.48,43.5,3.11167392,3
1693323000,43.59,43.59,43.46,43.52,158.69846174,10
1693324800,43.45,43.78,43.45,43.78,135.02217879,10
1693325700,43.44,43.72,43.3,43.72,414.34497474,28
1693326600,43.61,43.61,43.61,43.61,0.59737157,1
1693327500,43.66,43.92,43.66,43.92,28.95325376,9
1693328400,43.81,43.81,43.74,43.74,176.07864725,5
1693329300,43.9,43.96,43.9,43.96,3.83672777,2
1693330200,44.27,44.38,44.27,44.37,177.2010832,10
1693331100,43.97,43.97,43.86,43.86,169.75965527,7
1693332900,43.89,43.89,43.83,43.83,357.94989762,10
1693333800,43.8,43.85,43.8,43.85,7.74631732,2
1693334700,43.9,43.9,43.79,43.79,2.44862372,2
1693335600,43.65,43.71,43.65,43.71,35.47088311,3
1693336500,43.72,43.74,43.72,43.74,5.63945827,2
1693337400,43.81,43.81,43.81,43.81,0.89899396,1
1693339200,43.88,43.88,43.88,43.88,0.74544,1
1693341000,43.69,43.69,43.69,43.69,0.34657806,1
1693341900,43.72,43.72,43.52,43.53,0.81766925,3
1693342800,43.66,43.67,43.66,43.67,1.51835984,2
1693344600,43.81,43.81,43.81,43.81,3.50590205,1
1693345500,43.89,43.89,43.88,43.88,0.5,2
1693346400,44.1,44.1,44.1,44.1,3.85487528,1
1693348200,43.91,43.92,43.82,43.86,14.55373406,4
1693349100,43.9,43.91,43.83,43.91,6.83527068,4
1693350000,43.82,43.82,43.81,43.81,2.27946204,2
1693350900,43.67,43.71,43.67,43.71,1.90146419,3
1693352700,43.73,43.73,43.73,43.73,0.28233458,1
1693353600,44.02,44.02,44.02,44.02,0.11731313,1
1693354500,44.11,44.11,43.87,43.91,2.2220215,4
1693355400,43.86,43.86,43.86,43.86,0.438,1
1693357200,43.44,43.45,43.44,43.45,116,6
1693359900,43.58,43.58,43.5,43.5,1.8971,4
1693365300,43.21,43.23,43.21,43.23,0.48004422,2
1693367100,43.4,43.4,43.4,43.4,1E+2,2
1693370700,43.59,43.6,43.59,43.6,1.25705207,2
1693371600,43.69,43.7,43.69,43.7,44.12644824,4
1693373400,43.78,43.78,43.78,43.78,4.57,1
1693376100,43.78,43.78,43.78,43.78,0.1713111,1
1693377000,43.67,43.68,43.67,43.68,0.7274,2
1693377900,43.67,43.68,43.67,43.68,2.28990153,2
1693378800,43.53,43.61,43.39,43.44,9.18066566,7
1693380600,43.61,43.61,43.61,43.61,0.39714799,1
1693386000,43.3,43.34,43.3,43.34,4.54067304,2
1693386900,43.28,43.28,42.91,42.91,7.52062201,6
1693387800,43.11,43.11,43.1,43.1,3.6821119,2
1693388700,43.26,43.27,43.06,43.06,8.71442189,5
1693391400,43.13,43.13,43.13,43.13,46.61224033,3
1693394100,42.9,42.91,42.9,42.91,7.46276392,2
1693395000,42.98,42.98,42.98,42.98,2.29071,1
1693397700,43.04,43.04,43.04,43.04,7.44485191,1
1693398600,42.88,42.88,42.83,42.83,8.77903066,2
1693399500,42.79,42.92,42.79,42.92,7.67032621,2
1693401300,42.94,42.94,42.94,42.94,0.438,1
1693402200,42.76,42.84,42.54,42.78,13.16804619,7
1693403100,42.84,43.08,42.84,43.08,1.93540606,2
1693404900,42.86,42.86,42.83,42.83,0.72549019,2
1693405800,42.85,42.85,42.83,42.83,0.94657977,2
1693406700,42.65,42.8,42.47,42.65,4.26117077,6
1693407600,42.4,42.4,42.33,42.34,2.06178286,4
1693409400,42.63,42.69,42.63,42.69,27.08718101,3
1693412100,42.44,42.44,42.44,42.44,1.70188733,1
1693415700,42.72,42.73,42.72,42.73,0.35294117,2
1693426500,42.76,42.76,42.7,42.7,21.70779187,2
1693429200,42.71,42.71,42.71,42.71,0.438,1
1693430100,42.81,42.81,42.81,42.81,0.45800552,1
1693431000,42.71,42.71,42.71,42.71,0.3,1
1693432800,42.71,42.71,42.71,42.71,102.09479745,3
1693436400,42.84,42.84,42.8,42.8,0.6,2
1693444500,42.47,42.48,42.47,42.48,0.4639,2
1693446300,42.49,42.49,42.49,42.49,0.28184383,1
1693451700,42.51,42.52,42.51,42.52,0.91795904,2
1693452600,42.55,42.55,42.55,42.55,0.73542421,1
1693457100,42.79,42.79,42.79,42.79,22.00822412,2
1693458000,42.86,42.86,42.81,42.83,30.24904183,7
1693458900,42.83,42.89,42.83,42.89,14.66739999,2
1693460700,42.85,42.85,42.83,42.83,3E+1,7
1693462500,42.93,42.93,42.93,42.93,11.41737,1
1693465200,43.18,43.45,43.18,43.22,122.53397341,13
1693467000,43.19,43.19,43.19,43.19,0.20536511,1
1693468800,43.39,43.39,43.3,43.3,59.92643125,3
1693469700,43.13,43.13,43.12,43.12,3.12275,2
1693474200,42.83,42.83,42.83,42.83,0.5,1
1693475100,43.31,43.31,43.31,43.31,0.14982348,1
1693476000,42.98,43.05,42.94,42.94,25.34225483,9
1693479600,42.73,42.73,42.73,42.73,0.16790665,1
1693480500,43.0,43.02,43.0,43.02,15.60215757,3
1693481400,43.03,43.12,43.03,43.12,5.01022162,2
1693482300,43.21,43.24,43.21,43.24,1.2E+2,10
1693483200,42.88,42.9,42.7,42.8,36.33138115,8
1693484100,42.79,42.79,42.68,42.75,28.44960694,4
1693485000,42.72,42.73,42.72,42.73,0.22605404,2
1693486800,42.61,42.61,42.56,42.56,12.16869579,3
1693487700,42.49,42.51,42.45,42.45,1.88878916,5
1693489500,42.34,42.39,42.34,42.39,175,24
1693490400,42.39,42.41,42.15,42.21,33.98079116,7
1693491300,42.26,42.26,42.18,42.2,0.6039301,3
1693492200,42.2,42.25,42.14,42.2,5.81557473,6
1693493100,42.39,42.54,42.38,42.54,2.74015495,4
1693494000,42.65,42.65,42.55,42.6,1.32050481,3
1693495800,42.27,42.27,41.58,41.99,38.84270724,21
1693496700,41.85,41.92,41.85,41.91,1.43572267,4
1693498500,41.99,42.04,41.93,42.02,15.39156283,8
1693499400,41.85,41.85,41.37,41.54,2.86987254,7
1693500300,41.47,41.55,40.89,40.89,54.71934719,14
1693501200,40.97,41.01,40.29,41.01,636.84543564,46
1693502100,40.97,40.97,40.76,40.82,5.90448059,5
1693503000,40.89,40.92,40.87,40.92,5.56899314,3
1693503900,41.07,41.16,41.07,41.16,1.12810769,2
1693504800,41.22,41.35,41.22,41.35,2,2
1693505700,41.34,41.34,41.34,41.34,1,1
1693506600,41.29,41.29,41.21,41.22,234.03684061,8
1693507500,41.28,41.28,41.2,41.2,1.2,2
1693508400,41.0,41.0,40.83,40.92,55.48715287,7
1693509300,41.0,41.01,40.87,40.87,2.17241,3
1693510200,41.16,41.16,41.16,41.16,1,1
1693511100,41.24,41.31,41.24,41.27,2.95120531,3
1693512000,41.12,41.13,41.02,41.13,4.7930826,3
1693513800,41.32,41.32,41.32,41.32,4.8444,1
1693514700,41.24,41.26,41.24,41.26,0.64799113,2
1693515600,41.06,41.06,40.96,40.96,9.97673306,6
1693516500,41.14,41.14,41.14,41.14,0.17773585,1
1693517400,41.34,41.34,41.3,41.3,0.6,3
1693520100,41.23,41.23,41.23,41.23,0.30230796,1
1693528200,41.49,41.49,41.49,41.49,0.15177109,1
1693532700,41.22,41.22,41.22,41.22,1.1891,1
1693538100,41.16,41.16,41.16,41.16,2.8,2
1693542600,41.22,41.22,41.22,41.22,0.438,1
1693544400,41.17,41.17,41.17,41.17,2.6204,1
1693546200,41.13,41.13,41.12,41.12,0.438,2
1693548900,41.1,41.1,41.1,41.1,0.11,1
1693549800,40.94,40.94,40.94,40.94,0.438,1
1693550700,40.77,40.77,40.72,40.77,10.04975011,4
1693557000,40.87,40.87,40.87,40.87,2.30946882,1
1693563300,40.71,40.71,40.63,40.63,245.74026603,9
1693565100,40.57,40.68,40.57,40.68,278.60623359,10
1693566000,40.66,40.66,40.66,40.66,33.65746951,1
1693566900,40.73,40.73,40.73,40.73,0.15388463,1
1693569600,40.78,40.78,40.78,40.78,13.43378766,1
1693570500,40.83,40.83,40.83,40.83,0.98609505,2
1693571400,40.8,40.8,40.77,40.77,188.39702465,7
1693575900,40.31,40.32,40.31,40.32,1.08627272,2
1693576800,40.4,40.4,40.4,40.4,4.94559999,1
1693577700,40.4,40.4,40.4,40.4,2.42527,1
1693578600,40.22,40.22,40.22,40.22,0.16341617,1
1693579500,40.18,40.18,39.96,39.96,70.48914353,8
1693580400,40.09,40.21,40.09,40.21,50.56638855,4
1693581300,40.37,40.37,40.37,40.37,2E+2,6
1693583100,40.2,40.21,40.2,40.21,0.25147752,2
1693584000,40.04,40.04,40.04,40.04,7.49437921,1
1693584900,40.03,40.03,40.01,40.01,5E+1,4
1693585800,40.11,40.11,40.11,40.11,0.23675953,1
1693586700,39.91,39.91,39.83,39.88,5.65948329,4
1693587600,39.77,39.77,39.27,39.27,83.36748162,18
1693588500,39.36,39.5,39.36,39.39,87.21865143,16
1693591200,39.53,39.56,39.53,39.56,83.58163928,2
1693592100,39.5,39.5,39.5,39.5,34.34549509,1
1693593000,39.5,39.77,39.5,39.77,37.77225002,5
1693593900,39.91,39.98,39.91,39.98,3.79544415,3
1693594800,39.87,39.87,39.86,39.86,3.76222723,2
1693596600,39.89,39.89,39.89,39.89,1.00275758,1
1693597500,39.86,39.86,39.86,39.86,3.76411543,1
1693599300,40.03,40.03,40.03,40.03,5.0006,1
1693600200,40.04,40.08,40.04,40.08,0.61260072,2
1693602000,40.05,40.05,40.05,40.05,0.50858781,1
1693603800,40.04,40.04,40.04,40.04,1.31052,1
1693613700,40.37,40.37,40.37,40.37,4.9585,1
1693614600,40.43,40.43,40.43,40.43,1,1
1693621800,40.12,40.12,40.12,40.12,0.28065,1
1693625400,40.46,40.46,40.46,40.46,3.70461842,1
1693626300,40.56,40.59,40.56,40.59,9.31227068,2
1693627200,40.58,40.75,40.58,40.68,12.61145189,4
1693628100,40.66,40.66,40.66,40.66,1.05507844,1
1693629900,40.82,40.82,40.82,40.82,0.30701003,1
1693631700,40.65,40.65,40.65,40.65,0.42230127,1
1693632600,40.75,40.75,40.75,40.75,0.97695214,1
1693634400,40.84,40.84,40.83,40.83,0.53714158,2
1693639800,40.81,40.95,40.81,40.95,191.030584,7
1693640700,40.99,41.03,40.99,41.03,5.50228276,2
1693641600,41.25,41.32,41.19,41.19,16.41278448,6
1693642500,41.15,41.15,41.15,41.15,3.71810449,1
1693654200,40.86,40.86,40.84,40.84,0.05168,2
1693655100,40.77,40.77,40.76,40.76,1.81474183,3
1693658700,40.78,40.78,40.78,40.78,1.04188027,1
1693660500,40.57,40.58,40.37,40.58,4.98405821,7
1693664100,40.67,40.7,40.67,40.7,10.8684152,3
1693665900,40.86,40.86,40.84,40.84,1E+2,7
1693666800,40.75,40.75,40.75,40.75,0.85826385,1
1693671300,40.6,40.6,40.48,40.48,252.99997318,10
1693673100,40.41,40.42,40.38,40.38,0.47989039,3
1693676700,40.41,40.41,40.41,40.41,0.22198605,1
1693677600,40.15,40.21,40.15,40.21,5.09834,2
1693678500,40.15,40.25,40.1,40.25,2.24332037,4
1693680300,40.34,40.34,40.34,40.34,0.49578582,1
1693683000,40.52,40.52,40.51,40.51,0.49548353,2
1693683900,40.54,40.54,40.54,40.54,0.23178,1
1693685700,40.42,40.42,40.42,40.42,0.15576981,1
1693686600,40.42,40.42,40.38,40.39,7.82243434,3
1693689300,40.51,40.51,40.49,40.49,29.7159904,2
1693695600,40.41,40.41,40.41,40.41,0.49382716,1
1693696500,40.5,40.5,40.5,40.5,0.444,1
1693697400,40.42,40.42,40.42,40.42,1.24,1
1693700100,40.33,40.33,40.22,40.22,0.99317379,2
1693702800,40.51,40.53,40.51,40.52,1.53367491,3
1693706400,40.35,40.35,40.35,40.35,0.49566294,1
1693712700,40.55,40.55,40.55,40.55,0.49714991,1
1693713600,40.55,40.55,40.55,40.55,5.7142857,2
1693718100,40.44,40.45,40.44,40.45,0.49443757,2
1693722600,40.81,40.83,40.8,40.83,1.35228478,4
1693723500,40.85,40.85,40.55,40.62,101.72018072,12
1693724400,40.72,40.72,40.72,40.72,0.86164451,2
1693726200,40.63,40.8,40.63,40.8,10.97142205,4
1693739700,40.5,40.5,40.47,40.47,2.21373552,3
1693741500,40.63,40.67,40.63,40.67,1.30543244,2
1693742400,40.65,40.65,40.65,40.65,7.47077932,1
1693743300,40.61,40.61,40.61,40.61,0.86185669,1
1693744200,40.67,40.67,40.67,40.67,0.55344273,1
1693745100,40.47,40.47,40.39,40.39,2.20735234,3
1693746000,40.36,40.36,40.36,40.36,0.49554013,1
1693748700,40.5,40.5,40.5,40.5,0.07017,1
1693749600,40.4,40.4,40.4,40.4,35.30286138,3
1693753200,40.32,40.33,40.32,40.32,7.44047618,4
1693754100,40.31,40.32,40.28,40.29,11.16533156,9
1693755000,40.23,40.23,40.18,40.18,0.7225944,2
1693755900,40.1,40.1,39.99,39.99,186.72898781,10
1693756800,40.1,40.1,40.05,40.05,8.48441403,2
1693757700,40.04,40.04,40.04,40.04,0.74828,2
1693758600,40.01,40.01,40.01,40.01,0.24079708,1
1693759500,39.83,39.89,39.83,39.89,0.3539839,2
1693760400,39.91,39.91,39.9,39.9,4.73983,3
1693761300,39.95,40.0,39.95,40.0,0.34,3
1693764900,40.36,40.36,40.36,40.36,0.24763563,1
1693766700,40.46,40.46,40.41,40.41,4.25284907,4
1693772100,40.27,40.27,40.27,40.27,0.24781679,1
1693773000,40.28,40.28,40.28,40.28,0.6100211,1
1693773900,40.49,40.5,40.49,40.5,83.53581723,4
1693777500,40.2,40.2,40.2,40.2,0.4135223,1
1693779300,40.25,40.25,40.25,40.25,1.76441694,2
1693780200,40.28,40.28,40.28,40.28,12.41431278,1
1693784700,40.33,40.38,40.24,40.24,124.93919873,13
1693787400,40.35,40.35,40.34,40.34,5.8585922,2
1693792800,40.32,40.33,40.32,40.33,7.51047855,2
1693794600,40.49,40.62,40.49,40.62,105.55875106,7
1693795500,40.82,41.17,40.82,41.17,184.30419208,12
1693796400,41.02,41.15,40.9,41.15,16.80303639,5
1693797300,41.0,41.0,41.0,41.0,0.1131582,1
1693798200,40.89,40.89,40.89,40.89,0.61027146,1
1693799100,40.73,40.73,40.73,40.73,12.21502423,2
1693800000,40.74,40.74,40.74,40.74,0.11371966,1
1693801800,40.72,40.74,40.72,40.74,0.45932389,2
1693802700,40.81,40.81,40.77,40.77,0.55032354,2
1693803600,40.64,40.64,40.52,40.52,49.86235168,3
1693804500,40.48,40.48,40.48,40.48,4.9358,1
1693805400,40.37,40.37,40.36,40.36,1.77282655,2
1693806300,40.3,40.31,40.3,40.31,0.49627791,2
1693810800,40.59,40.59,40.59,40.59,0.38039979,1
1693811700,40.49,40.53,40.49,40.53,1.01526224,2
1693812600,40.44,40.44,40.4,40.4,0.86175277,2
1693813500,40.39,40.4,40.39,40.4,0.49517207,2
1693818900,40.62,40.62,40.62,40.62,0.49517706,1
1693819800,40.53,40.53,40.52,40.52,124.29386392,3
1693821600,40.44,40.44,40.44,40.44,0.49455984,1
1693823400,40.44,40.44,40.33,40.33,1000.15830947,32
1693826100,40.26,40.26,40.21,40.21,5.46567097,2
1693827000,40.16,40.19,40.16,40.19,1.776,4
1693827900,40.23,40.23,40.23,40.23,0.22049723,2
1693828800,40.15,40.16,40.12,40.12,8.30774028,3
1693830600,40.11,40.11,40.11,40.11,10.81564,1
1693832400,40.11,40.18,40.11,40.18,60.81564,3
1693833300,40.24,40.24,40.24,40.24,1.98057642,1
1693834200,40.23,40.23,40.14,40.14,0.888,3
1693836000,40.16,40.17,40.16,40.17,1,2
1693839600,40.06,40.06,39.87,39.87,193.25792096,10
1693840500,39.91,39.91,39.91,39.91,0.19775632,1
1693841400,40.17,40.3,40.17,40.27,1.49492352,4
1693842300,40.06,40.06,40.06,40.06,0.24930493,1
1693846800,40.14,40.4,40.13,40.4,1.11764253,4
1693847700,40.41,40.41,40.4,40.4,1.98727589,2
1693851300,40.34,40.34,40.33,40.33,2.43158,2
1693853100,40.4,40.4,40.4,40.4,0.444,1
1693854900,40.25,40.26,40.22,40.22,8.17703546,4
1693855800,40.13,40.13,40.13,40.13,0.49838026,1
1693856700,40.34,40.34,40.34,40.34,7.61357907,1
1693857600,40.4,40.4,40.38,40.38,10.99676266,2
1693859400,40.21,40.23,40.21,40.23,0.4973887,2
1693860300,40.21,40.22,40.21,40.22,1.29983207,2
1693861200,40.2,40.22,40.13,40.14,26.32240026,8
1693862100,40.04,40.04,40.04,40.04,0.49937578,1
1693863000,40.06,40.06,39.92,39.92,10.501002,3
1693863900,40.01,40.06,39.86,39.86,3.75933163,3
1693864800,39.92,39.95,39.92,39.95,57.29047992,3
1693871100,40.17,40.17,40.16,40.16,1.99464767,2
1693872900,40.09,40.09,40.09,40.09,3.421,1
1693873800,40.06,40.06,39.97,39.97,5.49865111,2
1693874700,39.95,39.95,39.94,39.95,0.72491028,3
1693875600,40.07,40.07,40.07,40.07,5.5305732,1
1693876500,40.05,40.05,40.05,40.05,3.2123433,1
1693877400,40.21,40.21,40.2,40.2,1.00149421,2
1693879200,40.11,40.11,40.11,40.11,2.8545,1
1693881900,40.04,40.04,40.04,40.04,0.49925112,1
1693882800,39.93,39.93,39.76,39.84,1.45030273,4
1693883700,39.89,39.91,39.88,39.91,20.73425873,3
1693886400,40.14,40.14,40.14,40.14,1.50138471,1
1693890000,40.15,40.17,40.15,40.15,185.67935262,9
1693890900,40.16,40.16,40.16,40.16,2.54602583,1
1693895400,40.07,40.07,40.04,40.04,9.78019806,4
1693896300,39.97,40.01,39.97,40.01,0.71636701,3
1693902600,39.91,39.92,39.9,39.92,8.28468185,3
1693903500,39.79,39.81,39.79,39.81,0.72698506,2
1693904400,39.93,39.93,39.81,39.81,0.94248191,3
1693909800,40.05,40.05,40.04,40.04,1.50338533,2
1693910700,40.11,40.11,40.11,40.11,0.02454,1
1693911600,40.17,40.17,40.17,40.17,7.87446548,3
1693915200,40.27,40.27,40.27,40.27,0.50812098,1
1693916100,40.21,40.21,40.12,40.17,40.44003391,9
1693917000,40.18,40.18,40.18,40.18,1.497196,1
1693923300,40.07,40.07,40.07,40.07,5E+1,3
1693925100,39.97,40.01,39.43,39.96,1278.80688004,44
1693926000,40.15,40.15,40.15,40.15,1.29983207,2
1693926900,40.26,40.31,40.08,40.08,8.06122668,6
1693927800,40.21,40.3,40.21,40.3,1.06126907,2
1693928700,40.26,40.26,40.21,40.21,5.71360355,4
1693929600,40.29,40.29,40.29,40.29,1.36137948,1
1693931400,40.2,40.33,40.2,40.33,375.3737405,12
1693932300,40.13,40.14,40.13,40.14,187.93880667,8
1693937700,40.01,40.1,40.0,40.1,2.78683771,3
1693939500,40.08,40.08,40.08,40.08,6.33864683,2
1693940400,40.28,40.29,40.28,40.29,1,2
1693942200,40.12,40.18,40.12,40.18,52.22758593,7
1693944000,40.0,40.0,40.0,40.0,245.79998374,7
1693944900,39.93,39.93,39.93,39.93,5.51128538,1
1693945800,39.93,39.93,39.93,39.93,0.50087653,2
1693950300,39.98,40.11,39.98,40.01,1141.30810429,26
1693951200,39.95,39.95,39.95,39.95,0.37769165,1
1693953000,39.88,39.88,39.88,39.88,7.69845536,1
1693956600,40.06,40.06,40.06,40.06,0.55293,1
1693958400,40.03,40.03,40.03,40.03,28.46699262,2
1693962000,40.01,40.2,40.01,40.2,0.6718186,2
1693964700,39.97,39.97,39.96,39.96,11.61521528,3
1693965600,39.95,39.95,39.91,39.91,5.1169,2
1693971900,39.86,39.87,39.86,39.87,0.50188205,2
1693972800,39.73,39.73,39.56,39.57,127.03533695,12
1693974600,39.66,39.66,39.66,39.66,3.24,1
1693976400,39.66,39.66,39.66,39.66,5.0378,1
1693977300,39.68,39.68,39.67,39.67,0.444,2
1693978200,39.71,39.71,39.71,39.71,1.006931,1
1693981800,39.7,39.7,39.7,39.7,0.11,1
1693984500,39.81,39.81,39.81,39.81,0.24229515,1
1693986300,39.89,39.89,39.88,39.88,0.2505666,2
1693988100,39.99,39.99,39.98,39.98,1.25421276,2
1693989900,40.18,40.18,40.12,40.12,3.14027,4
1693990800,40.3,40.42,40.3,40.42,0.44945782,2
1693991700,40.33,40.5,40.33,40.5,110.41381388,9
1693993500,40.5,40.5,40.5,40.5,1.60577561,1
1693995300,40.38,40.38,40.38,40.38,1.60835709,1
1693996200,40.44,40.44,40.44,40.44,66.38743753,2
1693997100,40.45,40.45,40.4,40.4,121.29364079,6
1693998000,40.5,40.66,40.5,40.66,9.3332425,12
1693998900,40.69,40.78,40.62,40.62,11.61190068,5
1693999800,40.78,40.78,40.78,40.78,0.7677078,1
1694000700,40.64,40.65,40.64,40.65,2.57204424,3
1694005200,40.37,40.37,40.37,40.37,7.68644606,1
1694008800,40.21,40.27,40.21,40.25,4.74164878,5
1694009700,40.16,40.26,40.16,40.22,49.39643736,7
1694010600,40.23,40.23,40.19,40.19,3.07987396,2
1694011500,39.98,40.08,39.98,40.08,61.95164128,3
1694012400,40.11,40.11,40.11,40.11,0.40679,1
1694015100,40.06,40.06,40.02,40.02,5.6411585,2
1694016900,40.0,40.0,40.0,40.0,0.32804378,1
1694019600,39.75,39.75,39.53,39.72,45.41459429,8
1694020500,39.6,39.6,39.6,39.6,0.5050505,1
1694021400,39.64,39.64,39.64,39.64,0.29954864,1
1694022300,39.9,40.41,39.9,40.32,94.12999531,21
1694023200,40.35,40.35,40.35,40.35,0.52089918,1
1694024100,40.1,40.1,39.8,39.85,18.5979569,6
1694025000,39.87,39.9,39.84,39.9,19.091,9
1694025900,39.83,39.83,39.83,39.83,1E+1,4
1694026800,39.8,39.8,39.78,39.78,1E+1,4
1694030400,39.85,39.85,39.85,39.85,2,2
1694037600,40.08,40.08,40.08,40.08,0.50276843,1
1694039400,40.16,40.16,40.16,40.16,0.61015,1
1694040300,40.11,40.16,40.11,40.16,250.39298894,9
1694042100,40.18,40.18,40.18,40.18,11.89055,1
1694045700,40.07,40.07,39.8,39.9,181.77546465,24
1694046600,39.98,39.98,39.98,39.98,3.67508689,1
1694051100,40.03,40.04,40.03,40.04,24.97959452,3
1694052000,39.96,39.96,39.96,39.96,0.13186,1
1694052900,39.92,39.92,39.92,39.92,0.65734594,1
1694060100,40.07,40.07,40.07,40.07,0.2,1
1694066400,39.95,39.95,39.95,39.95,3.68912936,2
1694072700,39.85,39.85,39.85,39.85,6.2503385,1
1694075400,39.8,39.8,39.8,39.8,0.50263885,1
1694077200,39.77,39.77,39.77,39.77,0.14614317,1
1694080800,39.71,39.71,39.71,39.71,0.50365147,1
1694083500,39.65,39.65,39.57,39.57,22.8444999,9
1694087100,39.54,39.54,39.54,39.54,0.50556117,1
1694088900,39.67,39.67,39.67,39.67,1.67109402,1
1694091600,39.55,39.55,39.55,39.55,3.48181,1
1694093400,39.72,39.72,39.65,39.65,0.65880958,2
1694094300,39.56,39.56,39.56,39.56,1.00001,1
1694095200,39.52,39.55,39.52,39.55,3.44698913,2
1694097000,39.46,39.5,39.35,39.5,0.8415684,3
1694098800,39.57,39.59,39.52,39.59,14.26469068,4
1694099700,39.71,39.71,39.71,39.71,0.2481,1
1694102400,39.58,39.58,39.58,39.58,0.23881406,1
1694104200,39.78,39.78,39.78,39.78,8.69842222,1
1694105100,39.88,39.88,39.79,39.79,2.513609,2
1694108700,39.82,39.82,39.82,39.82,0.5,1
1694109600,39.74,39.74,39.7,39.7,18.84883367,2
1694111400,39.68,39.68,39.64,39.64,5.99171,2
1694114100,39.6,39.6,39.6,39.6,0.5050505,1
1694116800,39.59,39.59,39.59,39.59,14.15792465,1
1694117700,39.61,39.74,39.61,39.74,1.54155,3
1694118600,39.74,39.74,39.74,39.74,1.97044,1
1694120400,39.89,39.89,39.87,39.87,1.51209102,2
1694121300,39.98,40.18,39.92,39.92,4.15363284,4
1694122200,39.88,39.98,39.88,39.97,5.44955125,3
1694123100,39.93,39.93,39.89,39.89,107.62422008,9
1694124000,39.93,39.93,39.93,39.93,0.44708129,1
1694125800,40.05,40.15,40.05,40.15,29.59278724,2
1694128500,40.08,40.08,40.04,40.04,0.89281217,2
1694129400,39.95,39.95,39.92,39.92,0.74077774,3
1694131200,40.01,40.01,39.81,39.81,25.52198522,5
1694133000,40.24,40.24,40.24,40.24,5.11586,1
1694133900,40.23,40.23,40.11,40.11,3.3044489,3
1694134800,40.33,40.34,40.33,40.34,5.07555527,3
1694136600,40.3,40.3,40.3,40.3,7.69993262,1
1694137500,40.16,40.16,40.16,40.16,2.59945541,2
1694139300,40.1,40.1,40.09,40.1,31.92168546,4
1694142000,39.89,39.89,39.89,39.89,0.4147,1
1694142900,39.96,39.96,39.95,39.95,1.69246248,2
1694143800,40.04,40.04,40.04,40.04,1.2573072,1
1694144700,40.07,40.08,40.07,40.08,188.60982285,10
1694151900,39.95,39.95,39.95,39.95,5.44840187,1
1694159100,39.99,39.99,39.99,39.99,203.53069601,7
1694160000,39.99,39.99,39.99,39.99,9.07570398,1
1694164500,39.99,39.99,39.92,39.92,19.9951801,5
1694167200,39.71,39.71,39.29,39.41,17.90202898,10
1694168100,39.31,39.41,39.31,39.41,4.24240471,2
1694169900,39.49,39.49,39.49,39.49,8.69842222,1
1694170800,39.46,39.46,39.44,39.44,0.50684238,3
1694172600,39.35,39.35,39.31,39.31,188.5962593,9
1694173500,39.36,39.36,39.36,39.36,2,1
1694188800,39.47,39.47,39.47,39.47,7.59006297,1
1694189700,39.39,39.39,39.37,39.37,24,4
1694190600,39.46,39.46,39.46,39.46,8,1
1694203200,39.42,39.49,39.42,39.49,24.75893757,3
1694206800,39.61,39.61,39.6,39.6,1.01572177,2
1694212200,39.57,39.57,39.57,39.57,1.75453,1
1694214900,39.65,39.65,39.64,39.64,7.81841304,3
1694223000,39.72,39.72,39.72,39.72,0.11,1
1694232900,39.97,39.97,39.97,39.97,0.19777083,1
1694234700,39.99,39.99,39.99,39.99,0.88,1
1694241000,39.78,39.78,39.78,39.78,0.7929715,1
1694246400,39.83,39.84,39.83,39.84,0.46213,2
1694250000,39.76,39.76,39.75,39.75,4.10987816,2
1694251800,39.84,39.85,39.84,39.85,35.00172095,3
1694256300,39.62,39.62,39.6,39.6,66.44690075,5
1694263500,39.61,39.61,39.61,39.61,0.12623074,1
1694264400,39.5,39.5,39.5,39.5,0.12623074,1
1694267100,39.45,39.46,39.45,39.46,0.50697084,2
1694268000,39.46,39.47,39.46,39.47,7.83458829,2
1694271600,39.81,39.81,39.71,39.79,13.64052235,4
1694273400,39.68,39.68,39.68,39.68,1.16945886,2
1694279700,39.54,39.55,39.54,39.55,0.50581689,2
1694281500,39.44,39.44,39.44,39.44,0.50709939,1
1694282400,39.43,39.43,39.43,39.43,2.53613999,1
1694283300,39.36,39.36,39.36,39.36,7.87127794,1
1694284200,39.25,39.25,39.25,39.25,1.46843418,1
1694285100,39.29,39.3,39.29,39.3,26.20984792,2
1694288700,39.45,39.45,39.45,39.45,6.21413,2
1694292300,39.28,39.28,39.19,39.19,49.33224847,7
1694294100,39.28,39.29,39.28,39.29,125.2283716,6
1694296800,39.2,39.2,39.19,39.19,93.40738573,5
1694302200,39.28,39.28,39.28,39.28,1.90623,1
1694304000,39.01,39.01,38.74,38.79,36.29439416,13
1694304900,38.85,38.85,38.14,38.48,30.41411002,19
1694306700,38.62,38.62,38.62,38.62,1.43979005,1
1694308500,38.46,38.46,38.46,38.46,0.19433986,2
1694312100,38.28,38.28,38.28,38.28,2.67209204,2
1694315700,38.22,38.23,38.22,38.23,0.52328623,2
1694316600,38.25,38.27,38.25,38.27,21.73944205,8
1694317500,38.31,38.31,38.24,38.24,12.5,4
1694318400,38.23,38.23,37.85,37.9,15.50915736,11
1694319300,38.0,38.0,35.65,36.61,221.02363153,71
1694320200,36.6,37.0,36.6,36.82,93.09204877,8
1694321100,36.75,36.95,36.75,36.95,141.09649225,7
1694322000,36.98,36.99,36.98,36.99,14.26765781,2
1694322900,37.0,37.0,37.0,37.0,14.60277984,2
1694323800,36.92,36.92,36.92,36.92,5.07431996,1
1694324700,37.07,37.07,37.07,37.07,1.14687,1
1694325600,37.18,37.25,37.18,37.25,12.98761435,5
1694326500,37.29,37.38,37.29,37.38,18.68131163,6
1694327400,37.41,37.41,37.41,37.41,2.67165375,1
1694328300,37.47,37.47,37.47,37.47,36.89321813,1
1694329200,37.47,37.7,37.47,37.7,39.20475613,14
1694330100,37.61,37.63,37.61,37.63,18.44454103,2
1694331900,37.6,37.6,37.6,37.6,0.11,1
1694333700,37.4,37.4,37.4,37.4,0.22,1
1694334600,37.34,37.35,37.34,37.35,0.99862,2
1694335500,37.39,37.47,37.39,37.47,130.31512062,9
1694338200,37.55,37.55,37.53,37.53,36.93967513,4
1694339100,37.41,37.41,37.41,37.41,0.44745504,1
1694340900,37.38,37.38,37.36,37.36,83.19702983,8
1694342700,37.32,37.35,37.3,37.35,122.25123066,8
1694343600,37.39,37.47,37.39,37.47,129.77159576,10
1694344500,37.35,37.35,37.33,37.33,6.60421015,2
1694346300,37.22,37.22,37.22,37.22,3.98261256,1
1694349900,37.39,37.47,37.39,37.46,129.16,10
1694353500,37.39,37.46,37.39,37.46,130.17801544,8
1694356200,37.14,37.14,36.96,37.01,5.15323235,6
1694357100,36.92,36.92,36.84,36.84,9.28826323,5
1694358000,36.71,36.71,36.38,36.6,14.45499155,9
1694358900,36.82,36.93,36.82,36.93,4.60180214,2
1694359800,37.08,37.08,37.08,37.08,4.03148022,1
1694361600,36.92,36.92,36.92,36.92,4.6399443,1
1694362500,36.71,36.71,36.71,36.71,4.03794169,2
1694364300,36.53,36.55,36.41,36.55,18.99844557,7
1694366100,36.46,36.46,36.46,36.46,0.66164695,1
1694367900,36.76,36.76,36.76,36.76,3.03836,1
1694369700,36.72,36.72,36.72,36.72,0.654605,1
1694374200,36.58,36.59,36.58,36.58,1.30659353,3
1694375100,36.68,36.68,36.68,36.68,0.570817,1
1694376000,36.67,36.67,36.66,36.66,0.468,2
1694376900,37.02,37.02,36.94,36.96,69.16526915,8
1694377800,37.01,37.01,37.01,37.01,0.09113,1
1694378700,37.03,37.03,37.03,37.03,0.53212,1
1694380500,37.21,37.21,37.21,37.21,2.68096515,1
1694383200,37.14,37.14,37.14,37.14,0.26884625,1
1694388600,37.0,37.0,37.0,37.0,0.69048533,1
1694389500,37.04,37.04,37.01,37.01,3.60362286,2
1694391300,36.91,36.91,36.91,36.91,0.40039,1
1694392200,36.76,36.78,36.72,36.72,85.78693841,11
1694393100,36.51,36.54,36.51,36.54,1.02725389,2
1694394900,36.74,36.74,36.74,36.74,0.47658447,1
1694395800,36.67,36.67,36.67,36.67,0.48728982,1
1694397600,36.51,36.51,36.51,36.51,109.07865516,3
1694398500,36.66,36.66,36.66,36.66,7.87525641,1
1694401200,36.82,36.82,36.82,36.82,7.85478178,1
1694402100,36.82,36.82,36.76,36.76,1.0471872,3
1694404800,36.75,36.75,36.75,36.75,14.43521882,3
1694406600,36.59,36.59,36.59,36.59,0.468,1
1694407500,36.68,36.68,36.68,36.68,14.43521883,2
1694409300,36.8,36.8,36.8,36.8,0.12561381,1
1694410200,36.93,36.93,36.93,36.93,0.13489423,1
1694412900,36.91,36.91,36.89,36.9,56.14035,6
1694418300,36.98,36.98,36.98,36.98,2.39778,1
1694419200,36.75,36.75,36.6,36.6,2.81287268,3
1694421000,36.31,36.44,36.31,36.44,0.45446731,2
1694422800,36.52,36.52,36.52,36.52,54.33497387,2
1694423700,36.43,36.43,35.9,36.14,47.7725668,15
1694424600,36.05,36.05,36.05,36.05,0.77465801,1
1694425500,36.15,36.15,36.15,36.15,0.51838503,1
1694426400,36.07,36.07,36.01,36.01,0.81037795,2
1694427300,35.9,35.9,35.28,35.81,193.66029809,41
1694428200,35.76,35.94,35.76,35.94,16.10769332,2
1694429100,35.89,35.89,35.89,35.89,0.2783508,1
1694431800,36.06,36.06,36.06,36.06,6.92408814,1
1694437200,36.31,36.33,36.16,36.16,4.04900429,4
1694439000,36.33,36.48,36.33,36.4,3.14761589,5
1694440800,36.0,36.05,35.9,35.97,8.00814997,12
1694441700,36.16,36.24,36.16,36.17,80.38475753,18
1694442600,36.37,36.37,36.1,36.25,1.74019969,8
1694443500,35.97,36.04,35.79,36.01,178.29821902,27
1694444400,36.02,36.02,35.83,35.83,1.72498021,5
1694445300,35.71,35.93,35.63,35.93,164.25065593,20
1694447100,35.98,35.98,35.98,35.98,3.46305945,2
1694448000,36.03,36.23,36.01,36.23,8.23415175,6
1694448900,36.05,36.17,36.05,36.17,60.157,4
1694449800,36.1,36.11,36.03,36.03,29.93929958,6
1694450700,36.12,36.12,36.11,36.11,1.38656,3
1694451600,35.91,35.91,35.91,35.91,0.15250674,1
1694452500,35.92,35.92,35.91,35.91,5.84906423,2
1694453400,35.76,35.88,35.76,35.88,3.3592651,2
1694454300,36.03,36.05,36.03,36.05,0.936,2
1694457900,35.5,35.5,35.33,35.42,6.53371299,6
1694459700,35.46,35.46,35.08,35.21,7.15084762,8
1694460600,35.09,35.1,34.92,35.04,19.04367545,12
1694462400,35.29,35.43,35.29,35.43,1.15268348,3
1694465100,35.67,35.67,35.67,35.67,0.22943658,1
1694466000,35.77,35.77,35.77,35.77,8.3951,2
1694470500,35.75,35.81,35.75,35.81,9.26554387,4
1694474100,35.73,35.75,35.7,35.7,17.58896845,8
1694476800,35.87,35.9,35.78,35.78,11.77746183,4
1694477700,35.74,35.75,35.74,35.75,1.74917315,2
1694479500,35.93,36.22,35.93,36.05,22.18690372,7
1694480400,35.92,35.92,35.92,35.92,0.12033875,1
1694481300,35.78,35.78,35.78,35.78,0.59274461,1
1694487600,35.98,35.98,35.98,35.98,0.46448748,1
1694488500,36.37,36.83,36.37,36.83,6.86890081,6
1694490300,36.54,36.54,36.54,36.54,0.63523068,2
1694491200,36.65,36.73,36.65,36.72,66.07771606,7
1694492100,36.56,36.71,36.54,36.71,71.91144099,8
1694493000,36.7,36.7,36.69,36.69,23.51327541,2
1694494800,36.36,36.36,36.36,36.36,0.25629444,1
1694495700,36.31,36.31,36.31,36.31,12.41804362,1
1694497500,36.35,36.35,36.35,36.35,0.59272355,1
1694501100,36.18,36.18,36.18,36.18,0.23861252,1
1694502000,36.25,36.25,36.25,36.25,0.21369227,1
1694506500,36.38,36.38,36.38,36.38,0.21577526,1
1694511000,36.43,36.43,36.43,36.43,0.492,2
1694512800,36.66,36.7,36.6,36.7,1.24112185,4
1694513700,36.7,37.28,36.7,37.02,40.12360974,12
1694514600,37.0,37.0,36.89,36.93,0.82595273,4
1694516400,36.85,36.85,36.85,36.85,13.55349852,1
1694517300,36.77,36.77,36.77,36.77,0.22811852,1
1694529000,36.79,36.83,36.79,36.83,0.73406026,2
1694529900,36.8,36.8,36.8,36.8,2.02489,1
1694530800,36.88,36.91,36.88,36.9,156.44080511,12
1694531700,36.9,36.9,36.9,36.9,10.26299793,2
1694532600,36.95,36.95,36.95,36.95,12.91105,1
1694535300,37.0,37.29,37.0,37.29,3.571893,2
1694536200,37.32,37.49,37.09,37.09,6.51196215,7
1694537100,37.1,37.1,37.1,37.1,0.64964959,1
1694538900,36.54,36.82,36.54,36.82,2.71828453,6
1694541600,36.67,36.67,36.67,36.67,0.22464689,1
1694546100,37.04,37.17,37.04,37.12,9.92687275,4
1694547000,37.02,37.02,37.02,37.02,0.12278861,1
1694547900,37.03,37.03,37.03,37.03,10.20146447,1
1694551500,37.02,37.03,37.02,37.03,16.20745542,2
1694552400,37.1,37.1,37.1,37.1,0.11,1
1694553300,37.23,37.24,37.23,37.24,6.63414,3
1694556000,37.11,37.11,37.11,37.11,2.6519,1
1694559600,36.73,36.73,36.73,36.73,2.49118976,1
1694563200,36.72,36.72,36.72,36.72,0.54396927,1
1694564100,36.91,36.91,36.91,36.91,0.54387201,1
1694565000,36.94,37.14,36.94,37.14,12.28322764,2
1694568600,37.15,37.15,37.14,37.14,2.49118976,2
1694569500,37.39,37.46,37.39,37.46,13.20321,6
1694570400,37.51,37.76,37.5,37.76,6.0644403,10
1694571300,37.47,37.47,37.34,37.34,1.2659879,2
1694572200,37.36,37.37,37.36,37.37,1,2
1694573100,37.2,37.2,37.19,37.19,0.42001925,2
1694575800,37.12,37.14,37.12,37.14,0.41134494,2
1694583900,37.15,37.15,37.15,37.15,0.4303117,1
1694586600,37.73,38.45,37.73,38.03,30.27141532,22
1694587500,38.52,39.0,38.52,38.99,98.93707345,30
1694588400,38.9,39.26,38.9,39.13,388.8581041,44
1694589300,39.25,40.21,39.25,40.03,530.36737955,79
1694590200,39.99,40.86,39.99,40.37,603.77864528,54
1694591100,40.26,40.62,39.96,40.18,131.39298923,34
1694592000,39.99,40.29,39.91,40.09,15.01925121,7
1694592900,40.25,40.28,40.25,40.28,19.03854524,3
1694593800,40.6,41.49,40.6,41.49,497.37235387,41
1694594700,41.5,42.19,41.5,41.81,276.5672858,31
1694595600,41.86,42.11,41.45,41.64,64.64573552,20
1694596500,41.33,41.33,41.16,41.27,20.28770666,8
1694597400,41.33,41.6,41.33,41.6,99.82660793,13
1694598300,41.34,41.66,41.34,41.66,0.90714714,6
1694599200,41.6,41.6,41.23,41.29,58.52339986,8
1694600100,41.43,41.46,41.11,41.11,105.60769869,26
1694601000,41.11,41.11,40.66,40.66,201.20279104,41
1694601900,40.98,40.98,40.51,40.56,1.43917418,7
1694602800,40.81,40.85,40.75,40.77,4.73443021,8
1694603700,40.77,40.88,40.77,40.88,19.81245784,4
1694604600,41.12,41.36,41.1,41.36,240.60237577,31
1694605500,41.02,41.02,40.86,40.92,92.71056961,7
1694606400,40.79,40.94,40.7,40.84,313.68989932,22
1694607300,40.84,41.13,40.75,41.13,254.76762042,15
1694608200,40.95,41.15,40.89,41.05,199.31610538,49
1694609100,41.12,41.16,41.11,41.11,0.765484,4
1694610000,41.06,41.06,41.02,41.02,1.54962862,2
1694610900,41.0,41.0,40.23,40.36,75.97403286,25
1694611800,40.24,40.24,39.75,39.75,135.91303205,24
1694612700,39.78,40.19,39.63,40.04,297.57669965,49
1694613600,40.09,40.09,39.82,39.92,39.80080911,13
1694614500,40.32,40.32,40.32,40.32,2.78165375,3
1694615400,40.04,40.05,39.9,40.04,85.35979223,13
1694616300,39.96,39.96,39.92,39.92,194.10629108,6
1694617200,39.98,39.98,39.94,39.94,0.67101473,3
1694618100,39.93,39.99,39.93,39.99,67.72321153,5
1694619000,40.04,40.07,39.95,39.99,213.64941653,29
1694619900,40.04,40.05,39.76,39.87,215.53789877,15
1694620800,39.67,39.67,39.5,39.5,0.50525276,3
1694621700,40.0,40.0,40.0,40.0,0.11,1
1694622600,39.93,40.06,39.93,40.06,6.76816829,4
1694623500,40.09,40.09,39.78,39.78,8.09726395,2
1694625300,39.74,39.74,39.74,39.74,0.17495754,1
1694626200,39.8,39.89,39.51,39.66,44.26742938,17
1694627100,39.85,39.85,39.51,39.51,2.17024604,3
1694628000,39.56,39.56,39.38,39.38,28.34315643,5
1694628900,39.38,39.38,39.18,39.22,10.29756012,4
1694629800,39.34,39.34,39.21,39.31,150.67656298,6
1694630700,39.31,39.39,39.28,39.32,105.46314866,9
1694631600,39.23,39.23,39.23,39.23,0.24344978,1
1694633400,39.51,39.51,39.51,39.51,0.24396798,1
1694635200,39.39,39.39,39.38,39.38,7.85321,2
1694636100,39.46,39.46,39.46,39.46,1.8085236,1
1694637900,39.66,39.71,39.66,39.71,0.29511691,2
1694638800,39.87,39.89,39.8,39.89,22.73650502,4
1694640600,39.67,39.67,39.67,39.67,0.03107,1
1694641500,39.5,39.69,39.5,39.69,2.86552812,2
1694642400,39.74,39.74,39.74,39.74,0.15318,1
1694643300,39.52,39.52,39.52,39.52,6.77888442,1
1694644200,39.66,39.66,39.65,39.65,1.94169,2
1694646000,39.64,39.68,39.64,39.68,6.33662643,3
1694646900,39.63,39.63,39.63,39.63,1,1
1694647800,39.73,39.73,39.73,39.73,0.18569,1
1694648700,39.59,39.59,39.59,39.59,0.03108,1
1694649600,39.25,39.4,39.15,39.4,22.64749489,4
1694650500,39.33,39.33,39.33,39.33,0.18062997,1
1694651400,39.66,39.88,39.66,39.88,20.65462203,3
1694653200,40.24,40.25,40.0,40.11,0.88888886,4
1694654100,40.19,40.19,40.04,40.04,5.76602754,3
1694655900,40.01,40.01,39.69,39.69,43.65238454,3
1694656800,39.57,39.61,39.57,39.61,0.78550689,2
1694657700,39.49,39.49,39.42,39.42,14.7829524,2
1694659500,39.66,39.76,39.65,39.76,85.08701776,11
1694662200,39.45,39.45,39.45,39.45,0.23435201,1
1694664900,39.32,39.32,39.32,39.32,5.1,1
1694666700,39.33,39.34,39.33,39.34,0.23484,2
1694668500,39.41,39.41,38.73,38.89,242.3917421,22
1694669400,38.93,38.93,38.64,38.64,75.57841719,5
1694670300,38.64,38.67,38.54,38.54,293.69715342,13
1694671200,38.61,38.66,38.61,38.66,51.23724386,3
1694672100,38.92,38.93,38.92,38.93,1,2
1694673900,38.72,38.76,38.72,38.76,4.05678782,2
1694674800,38.68,38.68,38.61,38.64,47,4
1694675700,38.61,38.61,38.61,38.61,2,2
1694676600,38.75,38.78,38.75,38.78,149,27
1694677500,38.88,38.89,38.8,38.89,68.20143594,8
1694678400,39.04,39.06,38.94,38.94,128.687561,8
1694681100,38.65,38.65,38.65,38.65,0.23798368,1
1694682000,38.62,38.83,38.6,38.82,358,31
1694682900,38.78,38.78,38.67,38.7,54.86959033,11
1694683800,38.69,38.76,38.69,38.76,1.5E+2,12
1694684700,38.67,38.67,38.67,38.67,1,1
1694685600,38.8,38.81,38.8,38.81,50.28916268,5
1694686500,38.79,38.83,38.79,38.83,0.2577984,2
1694687400,38.85,38.85,38.85,38.85,0.11,1
1694691900,38.77,38.77,38.77,38.77,5.22754191,1
1694693700,38.67,38.67,38.67,38.67,1.26751,1
1694694600,38.53,38.53,38.38,38.38,6.6999954,6
1694696400,38.43,38.43,38.43,38.43,0.21121235,1
1694697300,38.87,38.97,38.82,38.97,205.29416208,23
1694698200,39.03,39.03,38.96,38.96,8.6572985,2
1694699100,39.16,39.16,39.16,39.16,1.06177,1
1694700000,38.91,38.91,38.91,38.91,2,1
1694701800,39.3,39.3,39.27,39.27,0.34021732,2
1694702700,39.42,39.53,39.42,39.51,8.84933936,3
1694704500,39.52,39.52,39.41,39.41,41.63935366,5
1694706300,39.52,39.56,39.52,39.56,14.54123497,2
1694707200,39.64,39.64,39.64,39.64,7.12144,1
1694710800,39.61,39.61,39.61,39.61,0.17877088,1
1694711700,39.68,39.68,39.55,39.56,15.74868306,4
1694714400,39.68,39.68,39.68,39.68,8.80126724,2
1694716200,39.76,39.76,39.76,39.76,0.21086677,1
1694717100,39.41,39.41,39.41,39.41,0.468,1
1694718000,39.38,39.38,39.25,39.29,82.03933739,64
1694721600,39.52,39.6,39.52,39.6,29.55303486,3
1694726100,39.46,39.46,39.46,39.46,5.22754191,1
1694727000,39.49,39.53,39.49,39.53,25.70599594,7
1694727900,39.32,39.35,39.31,39.35,8.24286,4
1694731500,39.67,39.72,39.67,39.72,49.88241924,9
1694734200,39.26,39.26,39.25,39.25,11.61386491,2
1694737800,39.52,39.52,39.52,39.52,7.59109311,2
1694743200,39.77,39.99,39.77,39.99,85.049965,10
1694744100,40.16,40.42,40.16,40.42,1.99050074,3
1694745000,40.58,40.65,40.53,40.65,10.58598461,4
1694745900,40.7,40.7,40.53,40.63,63.48379889,14
1694746800,40.79,40.82,40.7,40.8,23.3519858,9
1694747700,40.92,40.99,40.92,40.99,0.56763397,3
1694748600,40.93,40.98,40.93,40.98,2.39792658,3
1694749500,40.74,40.74,40.74,40.74,24.54590083,4
1694750400,40.95,41.07,40.89,41.07,6.40626722,7
1694752200,41.1,41.17,41.09,41.09,5.10870309,6
1694753100,41.11,41.17,41.08,41.08,182.8862469,9
1694755800,41.46,41.46,41.46,41.46,0.63243,1
1694756700,41.53,41.55,41.53,41.55,63.09438265,5
1694757600,41.6,41.78,41.6,41.78,0.41981752,3
1694758500,41.89,42.0,41.66,41.66,25.94586258,12
1694759400,41.28,41.28,40.92,40.98,49.17508541,8
1694760300,40.9,41.24,40.9,41.04,125.84099517,17
1694761200,41.25,41.44,41.12,41.12,394,47
1694762100,40.97,41.37,40.95,41.35,761.81057537,56
1694763000,41.22,41.39,41.12,41.33,310.71321989,40
1694763900,41.18,41.2,41.13,41.15,62,9
1694764800,41.07,41.21,40.91,41.0,396,51
1694765700,41.09,41.28,41.09,41.28,4,2
1694766600,41.3,41.35,41.3,41.35,181.16127178,10
1694768400,41.11,41.11,41.06,41.06,4.42592,2
1694769300,41.08,41.23,41.05,41.23,200.26314536,13
1694772000,41.2,41.23,41.17,41.18,158.46057925,12
1694772900,41.14,41.14,41.14,41.14,0.23669873,1
1694774700,41.1,41.12,40.83,40.98,115.36234238,15
1694778300,40.71,40.71,40.55,40.56,292.3031496,33
1694779200,40.64,41.02,40.64,40.94,74.79796248,12
1694781900,40.72,40.72,40.72,40.72,7.22964145,1
1694782800,40.71,40.75,40.64,40.64,129.47678703,15
1694784600,40.62,40.82,40.61,40.82,0.62926674,3
1694785500,40.75,40.75,40.75,40.75,0.37224616,2
1694786400,40.66,40.67,40.66,40.67,7.57356639,3
1694787300,40.55,40.55,40.55,40.55,0.17955089,1
1694788200,40.48,40.48,40.41,40.41,49.93359372,3
1694789100,40.52,40.54,40.52,40.52,20.23413832,3
1694790000,40.5,40.5,40.5,40.5,6.13358,1
1694790900,40.54,40.54,40.54,40.54,3.83657056,1
1694793600,40.63,40.63,40.63,40.63,2.32685556,2
1694798100,40.7,40.7,40.7,40.7,0.86272,1
1694799000,40.81,40.88,40.81,40.88,64,5
1694799900,40.63,40.63,40.6,40.6,67.08538168,10
1694804400,40.67,40.67,40.67,40.67,1.89468404,1
1694810700,40.96,40.96,40.96,40.96,7.21084479,1
1694813400,40.87,40.87,40.86,40.86,2.57037943,2
1694816100,41.01,41.01,41.01,41.01,2.43842965,1
1694817000,41.18,41.18,41.14,41.17,28.82625197,4
1694817900,41.33,41.33,41.22,41.23,25.19874729,4
1694818800,41.32,41.57,41.32,41.48,37.93892708,6
1694819700,41.32,41.32,41.14,41.14,0.34246223,2
1694820600,41.05,41.07,41.05,41.07,30.48989926,2
1694821500,41.09,41.09,41.04,41.04,0.24354609,2
1694822400,41.24,41.24,41.18,41.18,0.73671,2
1694826900,41.39,41.39,41.39,41.39,0.48579253,1
1694829600,41.91,42.54,41.91,42.19,133.90156983,29
1694830500,42.44,42.76,42.44,42.49,15.80652145,12
1694831400,42.33,42.36,42.31,42.36,10.1831654,3
1694833200,41.72,41.72,41.42,41.42,2.45843278,5
1694834100,41.31,41.45,41.31,41.45,0.25749117,2
1694835000,41.67,41.67,41.46,41.57,186.07739486,13
1694835900,41.53,41.53,41.13,41.13,1.30806046,3
1694836800,40.98,40.98,40.84,40.98,2.11973125,6
1694837700,41.26,41.26,41.26,41.26,0.5756637,1
1694838600,41.47,41.47,41.47,41.47,0.17830167,1
1694842200,41.21,41.21,41.21,41.21,0.55287501,1
1694844900,41.18,41.18,41.18,41.18,26.73,1
1694848500,40.85,40.85,40.85,40.85,0.12239902,1
1694849400,40.77,40.77,40.77,40.77,0.72582,2
1694851200,40.7,40.7,40.58,40.58,0.63364845,3
1694853000,40.71,40.75,40.71,40.75,4.01360234,2
1694853900,40.67,40.67,40.67,40.67,0.18617562,1
1694854800,40.59,40.6,40.54,40.54,6.9285,3
1694857500,40.49,40.55,40.49,40.51,4.49523776,3
1694858400,40.45,40.45,40.45,40.45,0.49455984,1
1694860200,40.6,40.68,40.6,40.68,2.11390481,4
1694862900,40.78,40.78,40.78,40.78,0.73919897,1
1694866500,40.69,40.69,40.69,40.69,7.23804176,1
1694867400,40.61,40.61,40.61,40.61,1.68,1
1694868300,40.61,40.61,40.53,40.54,103.24019276,10
1694869200,40.6,40.6,40.6,40.6,1.7,1
1694870100,40.48,40.48,40.38,40.46,38.38401551,10
1694872800,40.32,40.33,40.3,40.33,7.80922884,3
1694873700,40.21,40.21,40.21,40.21,0.61915,1
1694874600,40.15,40.17,40.15,40.17,0.70213383,2
1694875500,40.0,40.0,39.94,39.94,22.5047,2
1694876400,39.85,39.85,39.78,39.78,7.59109311,4
1694877300,40.2,40.2,40.2,40.2,7.25513905,2
1694878200,40.16,40.16,40.16,40.16,0.37804231,1
1694881800,40.06,40.06,40.06,40.06,0.15,1
1694883600,39.96,39.98,39.96,39.98,1.37975666,2
1694884500,40.03,40.03,40.01,40.01,64.83402489,4
1694888100,39.97,39.97,39.97,39.97,0.50037528,1
1694890800,39.98,40.0,39.97,39.97,414.6430765,16
1694891700,39.84,39.84,39.83,39.84,0.35,3
1694892600,39.78,39.78,39.76,39.76,0.5795552,2
1694893500,39.75,39.75,39.75,39.75,0.23799056,1
1694894400,39.74,39.75,39.74,39.75,0.37702603,2
1694895300,39.91,39.94,39.91,39.94,7.77814371,3
1694896200,39.91,39.91,39.86,39.89,25.47644125,6
1694897100,39.86,39.86,39.86,39.86,1.98491662,1
1694899800,39.99,39.99,39.98,39.98,0.25012568,2
1694901600,39.97,39.97,39.97,39.97,0.9,1
1694904300,39.94,39.94,39.94,39.94,1.2454,2
1694908800,39.95,39.95,39.49,39.49,55.27594537,9
1694909700,39.5,39.59,39.45,39.46,36.97026726,6
1694910600,39.4,39.4,39.27,39.27,2.28107879,5
1694911500,39.21,39.21,38.75,38.86,193.65788894,20
1694912400,38.72,38.76,38.41,38.61,5.57544859,8
1694914200,38.64,38.73,38.64,38.73,8.758,3
1694916900,38.94,38.94,38.94,38.94,14.98246,2
1694919600,39.09,39.09,39.09,39.09,0.40326,2
1694925900,39.09,39.09,39.08,39.08,0.25598147,2
1694927700,39.01,39.01,39.01,39.01,1.98491662,1
1694928600,38.83,38.83,38.83,38.83,0.438,1
1694936700,38.98,38.98,38.93,38.95,1.40941852,3
1694937600,38.9,38.9,38.89,38.89,0.29069662,2
1694942100,39.13,39.13,39.13,39.13,38.20366156,2
1694944800,39.22,39.22,39.15,39.16,21.18193805,4
1694945700,39.09,39.09,39.08,39.08,8.17148429,2
1694946600,39.2,39.21,39.2,39.21,1E+1,2
1694949300,39.13,39.14,39.13,39.14,2.39696,2
1694950200,38.99,38.99,38.99,38.99,3.93083,1
1694951100,38.94,38.94,38.94,38.94,0.12801393,1
1694952900,38.94,38.94,38.92,38.92,7.21922387,2
1694955600,38.93,38.93,38.93,38.93,78.83232596,6
1694966400,38.85,38.85,38.63,38.63,11.30172506,4
1694967300,38.6,38.6,38.6,38.6,7.765,2
1694970000,38.72,38.72,38.72,38.72,0.17956435,1
1694972700,38.4,38.47,38.4,38.4,227.0380058,18
1694973600,38.31,38.32,38.31,38.32,0.52232958,2
1694975400,38.58,38.59,38.53,38.53,0.51520896,3
1694977200,38.62,38.64,38.62,38.64,9.42413,2
1694979000,38.65,38.65,38.65,38.65,1.13500255,1
1694982600,38.5,38.5,37.61,37.93,236.31893096,31
1694983500,38.04,38.04,38.04,38.04,0.26294968,1
1694984400,38.01,38.01,38.01,38.01,5.25759999,2
1694985300,38.16,38.18,38.14,38.14,10.10873876,4
1694986200,38.14,38.14,38.14,38.14,0.70941987,1
1694987100,38.26,38.29,38.26,38.29,50.9089278,6
1694988900,38.32,38.32,38.32,38.32,0.13081746,1
1694997000,38.22,38.42,38.19,38.25,1.03080699,5
1695001500,38.35,38.35,38.35,38.35,1.37152986,1
1695003300,38.68,38.69,38.68,38.69,4.15420066,3
1695004200,38.98,38.98,38.98,38.98,10.2722,2
1695006000,38.81,38.83,38.81,38.83,8.97090131,4
1695006900,38.7,38.7,38.7,38.7,25.4544639,1
1695010500,38.79,38.79,38.79,38.79,0.12459117,1
1695011400,38.79,38.79,38.78,38.78,5.42023058,3
1695015900,39.31,39.31,39.31,39.31,5.0929,1
1695018600,39.21,39.22,39.21,39.22,0.12768892,2
1695019500,39.17,39.17,39.17,39.17,0.745,2
1695022200,39.59,39.73,39.58,39.58,64.99400235,10
1695024000,39.37,39.51,39.37,39.51,8.0771,3
1695024900,39.63,39.74,39.62,39.68,490.06526754,41
1695025800,39.73,39.75,39.36,39.44,212.44963345,16
1695026700,39.4,39.63,39.4,39.63,93.09936486,11
1695027600,39.98,39.98,39.98,39.98,0.51163565,1
1695028500,40.04,40.1,40.03,40.1,50.03787285,6
1695029400,40.3,40.99,40.28,40.9,169.31140386,19
1695030300,40.95,41.14,40.92,41.12,565.04643506,44
1695031200,41.07,41.19,40.53,41.11,946.24783732,65
1695032100,41.03,41.22,40.93,40.93,25.71965832,5
1695033000,41.01,41.04,40.91,41.04,134.15075156,24
1695033900,41.05,41.1,40.9,40.9,50.19642341,16
1695034800,40.75,40.75,40.75,40.75,7.3547,2
1695035700,40.54,40.54,40.36,40.36,15.35105598,8
1695036600,40.28,40.28,40.2,40.21,4.7129925,3
1695037500,40.24,40.24,40.24,40.24,25.20327901,2
1695038400,40.16,40.16,39.91,39.96,67.59141602,9
1695039300,39.97,40.36,39.97,40.29,119.34170283,9
1695040200,40.38,40.38,40.38,40.38,5.98591,1
1695041100,40.25,40.33,40.24,40.33,0.79793373,4
1695042000,40.28,40.28,40.11,40.11,10.05622787,3
1695042900,39.96,39.96,39.96,39.96,7.37644455,1
1695043800,39.95,39.95,39.78,39.78,344.41090977,19
1695045600,39.8,39.8,39.71,39.71,12,2
1695049200,39.79,39.83,39.72,39.83,39.95241054,6
1695050100,39.67,39.82,39.67,39.82,0.30640966,2
1695051000,39.87,39.87,39.87,39.87,5.56492728,1
1695052800,39.84,39.84,39.84,39.84,2.49774096,2
1695053700,39.72,39.74,39.72,39.74,0.50365147,2
1695054600,40.12,40.14,40.12,40.14,0.31155347,2
1695055500,40.07,40.07,39.97,39.97,2.91248817,4
1695056400,40.0,40.0,39.87,39.88,1.01709029,4
1695057300,39.53,39.53,39.44,39.44,30.15616789,3
1695058200,39.21,39.31,39.21,39.31,0.87413511,4
1695060900,39.56,39.56,39.55,39.55,0.25311625,2
1695061800,39.39,39.39,39.39,39.39,0.37226827,2
1695069900,39.58,39.58,39.58,39.58,0.49044,1
1695072600,39.59,39.59,39.59,39.59,0.12620384,1
1695077100,39.74,39.74,39.74,39.74,0.8849431,1
1695078900,39.34,39.34,39.34,39.34,0.19048139,1
1695079800,39.38,39.38,39.33,39.37,23.5651045,6
1695081600,39.37,39.37,39.37,39.37,12.09776606,1
1695082500,39.27,39.27,39.27,39.27,0.50929462,1
1695085200,39.21,39.21,39.21,39.21,1,1
1695086100,39.6,39.6,39.59,39.59,1.01722597,2
1695091500,39.59,39.72,39.59,39.72,1.27628395,2
1695097800,40.16,40.54,40.16,40.45,47.10759774,11
1695098700,40.47,40.51,40.44,40.5,374.53248912,38
1695099600,40.41,40.52,40.41,40.51,321.12814275,17
1695100500,40.37,40.4,39.91,40.19,487.42696809,52
1695101400,40.29,40.47,40.29,40.41,31.07452171,8
1695102300,40.56,41.08,40.56,40.96,500.09453218,57
1695103200,40.93,40.93,40.44,40.44,32.12354929,3
1695104100,40.42,40.42,40.42,40.42,0.02414,1
1695105000,40.5,40.51,40.32,40.32,2.6227818,3
1695105900,40.22,40.22,40.03,40.06,149.6652268,22
1695106800,40.27,40.27,40.16,40.18,0.5176009,3
1695107700,40.29,40.29,40.23,40.24,0.49244497,3
1695108600,40.15,40.15,40.11,40.11,4.2340829,3
1695110400,40.27,40.27,40.27,40.27,5.50620809,1
1695111300,40.27,40.27,40.27,40.27,6.90301909,2
1695114900,40.53,40.53,40.25,40.34,12.6801292,7
1695115800,40.42,40.43,40.42,40.43,0.63984713,2
1695118500,40.04,40.04,39.95,39.95,0.6615716,2
1695119400,40.04,40.04,40.04,40.04,0.44966275,1
1695120300,39.98,39.98,39.98,39.98,0.50062578,1
1695121200,39.89,39.89,39.85,39.86,1.00326085,3
1695123900,40.04,40.04,40.04,40.04,2.96999561,1
1695124800,40.03,40.04,40.03,40.04,3.96553895,2
1695126600,39.77,39.77,39.77,39.77,8.97090131,2
1695127500,39.72,39.79,39.7,39.79,10.20276489,3
1695131100,39.87,39.87,39.67,39.67,16.41981269,2
1695132000,39.59,39.59,39.59,39.59,0.50517808,1
1695133800,39.68,39.68,39.68,39.68,0.50403225,1
1695135600,39.84,39.84,39.84,39.84,0.5,1
1695136500,39.88,39.88,39.88,39.88,0.25075604,1
1695137400,39.98,39.98,39.98,39.98,1.75405292,1
1695138300,39.81,39.81,39.81,39.81,0.50238633,1
1695139200,39.71,39.8,39.71,39.8,1.13321581,2
1695140100,39.58,39.58,39.58,39.58,0.5053057,1
1695141000,39.5,39.56,39.5,39.56,25.83161045,3
1695144600,39.74,39.74,39.74,39.74,0.50932267,1
1695146400,39.72,39.72,39.66,39.7,0.40754939,3
1695149100,39.74,39.74,39.65,39.65,10.11877434,3
1695150900,39.53,39.53,39.53,39.53,0.61,1
1695153600,39.44,39.47,39.44,39.47,0.62720483,3
1695156300,39.66,39.66,39.66,39.66,2.73638799,2
1695159900,39.78,39.78,39.78,39.78,1.76607829,1
1695164400,39.87,40.01,39.87,40.01,13.05221151,3
1695165300,39.98,39.98,39.98,39.98,201.59749624,14
1695168000,40.0,40.0,40.0,40.0,0.12915438,1
1695171600,40.11,40.19,40.11,40.19,7.80902226,3
1695173400,40.25,40.32,40.25,40.32,3.64546881,3
1695181500,39.77,39.77,39.77,39.77,0.15,1
1695182400,39.68,39.69,39.68,39.69,0.50403225,2
1695184200,39.61,39.61,39.61,39.61,0.17997828,1
1695185100,39.63,39.63,39.63,39.63,12.35924033,2
1695188700,39.57,39.57,39.57,39.57,0.5054334,1
1695189600,39.5,39.5,39.36,39.36,10.5075708,3
1695190500,39.77,39.77,39.77,39.77,0.96863,1
1695195000,39.57,39.57,39.57,39.57,1.26394857,1
1695197700,39.66,39.66,39.66,39.66,0.54292736,1
1695199500,39.86,39.86,39.85,39.85,1.01060057,2
1695201300,39.81,39.81,39.81,39.81,0.13133344,1
1695203100,39.77,39.77,39.49,39.63,9.74902684,10
1695204000,39.57,39.57,39.57,39.57,0.11,1
1695204900,39.46,39.57,39.46,39.57,7.67037076,4
1695205800,39.49,39.49,39.49,39.49,8.26228768,1
1695206700,39.65,39.65,39.65,39.65,1.67893,1
1695210300,39.56,39.56,39.56,39.56,29.58314365,1
1695211200,39.46,39.46,39.43,39.43,12.71428,2
1695212100,39.45,39.45,39.45,39.45,1.86,1
1695213000,39.32,39.32,39.32,39.32,0.50864699,1
1695213900,39.26,39.26,39.26,39.26,7.14503159,2
1695215700,39.48,39.55,39.48,39.55,1.6E+2,9
1695216600,39.57,39.64,39.57,39.64,21.20276615,3
1695217500,39.68,39.68,39.68,39.68,1.51990154,2
1695218400,39.73,39.74,39.69,39.71,45.01378858,5
1695219300,39.51,39.51,39.51,39.51,0.50620096,1
1695229200,39.44,39.44,39.44,39.44,0.50709939,1
1695231900,39.38,39.41,39.38,39.41,1.19887122,2
1695232800,39.35,39.35,39.35,39.35,0.39273696,2
1695233700,39.85,39.85,39.85,39.85,1.01406025,1
1695234600,39.71,39.71,39.69,39.69,0.44814926,2
1695236400,39.75,39.75,39.75,39.75,1,1
1695237300,39.26,39.28,38.81,39.28,72.13047833,21
1695239100,39.34,39.34,39.32,39.32,1.51102227,2
1695240000,39.45,39.65,39.45,39.65,17.46172853,3
1695242700,39.7,39.7,39.7,39.7,28.49225,1
1695244500,39.89,39.89,39.89,39.89,0.74127722,2
1695245400,40.05,40.12,40.05,40.12,489.02645304,28
1695246300,40.07,40.07,40.06,40.07,0.68915141,3
1695249000,39.88,39.89,39.88,39.89,0.62688064,2
1695249900,39.94,39.94,39.94,39.94,0.62562563,1
1695254400,40.03,40.03,40.03,40.03,6.03774143,1
1695255300,40.28,42.05,40.28,41.38,294.4293879,47
1695256200,41.4,41.4,41.12,41.12,624.89912722,39
1695257100,41.2,41.39,41.19,41.2,339.89665786,25
1695258000,40.94,40.94,40.7,40.7,22.41461509,5
1695258900,40.82,40.82,40.82,40.82,0.19419129,1
1695259800,40.48,40.48,40.32,40.32,36.99797532,6
1695260700,40.54,40.57,40.54,40.57,1.17184534,2
1695261600,40.82,40.82,40.68,40.75,3.77156868,3
1695264300,40.4,40.42,40.4,40.4,98.27682991,9
1695265200,40.44,40.44,40.41,40.41,103.07874785,9
1695266100,40.18,40.18,40.17,40.17,2.47799234,3
1695268800,40.54,40.56,40.54,40.55,101,7
1695270600,40.45,40.45,40.41,40.41,51,7
1695271500,40.28,40.28,40.28,40.28,0.16926886,1
1695272400,40.28,40.28,40.28,40.28,12.32174901,1
1695273300,39.99,40.05,39.99,40.04,50.20468175,5
1695275100,40.07,40.07,40.07,40.07,0.62390816,1
1695276000,39.93,39.93,39.8,39.8,205.48631264,14
1695276900,39.77,39.77,39.61,39.61,2.27261438,7
1695278700,39.74,39.77,39.74,39.77,12.95868166,2
1695280500,39.8,39.85,39.8,39.85,1.73694341,2
1695284100,39.71,39.71,39.54,39.54,0.72906852,2
1695285900,39.5,39.5,39.5,39.5,0.12658227,1
1695287700,39.48,39.48,39.22,39.22,1.42846979,5
1695288600,39.3,39.3,39.3,39.3,315.55,19
1695293100,38.88,38.96,38.79,38.79,1.55819086,7
1695294000,38.8,38.94,38.8,38.94,0.30908344,2
1695294900,38.95,38.95,38.95,38.95,7.18317329,1
1695295800,38.94,38.94,38.94,38.94,25,1
1695296700,38.94,38.94,38.94,38.94,30.20514853,2
1695299400,39.0,39.09,39.0,39.09,204.20259457,15
1695302100,38.77,38.77,38.77,38.77,2E+1,1
1695303000,38.65,38.65,38.65,38.65,0.13662897,1
1695309300,38.99,39.0,38.99,39.0,0.25277,2
1695314700,38.68,38.68,38.68,38.68,0.51706308,1
1695317400,38.88,38.88,38.88,38.88,0.51705334,1
1695318300,38.91,38.91,38.91,38.91,0.56672984,1
1695321900,38.74,38.83,38.74,38.83,2.13,3
1695325500,38.86,38.86,38.86,38.86,2.51097,1
1695327300,38.87,38.88,38.74,38.74,6.25621961,5
1695328200,38.67,38.67,38.67,38.67,0.51719679,1
1695331800,38.51,38.51,38.48,38.5,42.77922405,3
1695334500,38.73,38.73,38.73,38.73,1.75016,1
1695336300,38.82,38.82,38.81,38.81,1.03616746,2
1695339000,38.73,38.74,38.73,38.74,0.51666236,2
1695340800,38.62,38.7,38.62,38.7,0.62971522,4
1695341700,38.17,38.43,38.17,38.43,0.87106012,3
1695342600,38.56,38.56,38.56,38.56,0.25938477,2
1695343500,38.63,38.63,38.63,38.63,5.04405177,1
1695346200,38.8,38.86,38.78,38.78,279.37673988,15
1695348900,38.9,38.9,38.9,38.9,5.20543765,1
1695353400,39.05,39.05,39.05,39.05,3.40745887,1
1695355200,39.15,39.21,39.15,39.21,10.56541068,2
1695358800,39.28,39.28,39.26,39.26,33.09389156,4
1695359700,39.23,39.23,39.23,39.23,32.50531865,1
1695360600,39.18,39.21,39.18,39.21,3E+1,4
1695362400,39.09,39.09,39.09,39.09,5.1112,2
1695368700,39.05,39.05,39.04,39.04,0.95432,2
1695369600,39.03,39.03,38.86,38.86,1093.8247512,24
1695375900,39.2,39.2,39.2,39.2,0.50001,1
1695381300,39.15,39.15,39.15,39.15,11.30712,1
1695382200,39.14,39.14,39.14,39.14,0.23698573,1
1695384000,39.16,39.16,39.13,39.14,8.2427694,3
1695384900,39.22,39.22,39.22,39.22,0.18182983,1
1695387600,39.09,39.09,39.05,39.05,278.08061,12
1695389400,39.04,39.04,39.04,39.04,5.1184,1
1695391200,39.15,39.15,39.1,39.1,0.3675,4
1695393900,39.21,39.26,39.21,39.26,62.75113,7
1695395700,39.17,39.17,39.17,39.17,9.09006347,2
1695401100,38.82,38.82,38.8,38.8,203.75950251,9
1695402900,38.7,38.7,38.7,38.7,0.06625,1
1695404700,38.8,38.8,38.8,38.8,12.54779789,1
1695407400,38.87,38.87,38.87,38.87,3.73430248,2
1695410100,38.99,38.99,38.99,38.99,11.65116,1
1695411000,38.92,38.92,38.79,38.79,8.67381415,5
1695416400,38.68,38.68,38.67,38.67,1.00917,3
1695419100,39.08,39.08,39.08,39.08,3.96622229,3
1695420000,39.17,39.19,39.17,39.19,4.22459319,3
1695420900,39.18,39.18,39.18,39.18,3.46255596,1
1695421800,39.27,39.34,39.27,39.34,1.27499013,4
1695422700,39.38,39.38,39.38,39.38,5.0839,2
1695424500,39.49,39.49,39.46,39.46,69.61112209,13
1695425400,39.6,39.6,39.6,39.6,0.1317815,1
1695426300,39.58,39.61,39.58,39.59,68,9
1695427200,39.61,39.61,39.61,39.61,5.0543,1
1695429000,39.59,39.59,39.59,39.59,0.56672984,1
1695429900,39.77,39.78,39.77,39.78,1,2
1695431700,39.8,39.82,39.8,39.82,320.13593,18
1695435300,39.51,39.51,39.51,39.51,5.71025537,3
1695436200,39.52,39.52,39.52,39.52,0.63243107,2
1695438900,39.31,39.31,39.31,39.31,5.19974204,1
1695445200,39.56,39.58,39.56,39.58,1.7053206,2
1695456900,39.37,39.37,39.37,39.37,0.18239372,1
1695467700,39.46,39.46,39.46,39.46,7.12626964,1
1695468600,39.56,39.56,39.56,39.56,7.233413,1
1695472200,39.75,39.75,39.75,39.75,0.26213978,1
1695478500,39.48,39.6,39.48,39.6,2.80524363,6
1695479400,39.69,39.69,39.69,39.69,0.20458699,1
1695480300,39.58,39.58,39.58,39.58,11.80512444,2
1695481200,39.59,39.59,39.59,39.59,0.5,1
1695483000,39.43,39.43,39.43,39.43,0.634035,1
1695486600,39.52,39.52,39.52,39.52,5.0652,1
1695487500,39.79,39.79,39.79,39.79,7.1080989,1
1695492900,39.84,39.84,39.84,39.84,0.468,1
1695493800,39.94,39.94,39.91,39.92,6.93842633,4
1695496500,39.96,40.05,39.96,40.05,5.3180966,2
1695497400,40.18,40.32,40.18,40.32,17.67833454,4
1695498300,40.18,40.18,40.18,40.18,0.22209668,1
1695501900,40.04,40.04,40.04,40.04,1.50357061,1
1695508200,40.1,40.1,40.1,40.1,49.87531172,1
1695509100,40.08,40.09,40.08,40.09,0.24519,2
1695510900,40.14,40.14,40.14,40.14,4.91426,1
1695519900,40.19,40.19,40.08,40.08,4.5E+2,21
1695526200,40.12,40.12,40.12,40.12,0.468,1
1695536100,40.0,40.0,40.0,40.0,6.68533543,2
1695538800,40.07,40.07,40.07,40.07,4.939685,1
1695540600,40.06,40.06,40.06,40.06,0.18253564,1
1695542400,40.13,40.19,40.13,40.19,8.03807987,2
1695546000,40.04,40.04,40.04,40.04,0.61017006,1
1695546900,40.05,40.05,40.05,40.05,0.2157849,1
1695548700,39.93,39.93,39.9,39.91,7.30439133,3
1695551400,40.01,40.01,40.01,40.01,0.20023199,1
1695556800,40.11,40.11,40.11,40.11,0.20510853,1
1695564900,40.18,40.18,40.18,40.18,0.12724625,1
1695567600,40.1,40.11,40.1,40.11,0.45049,2
1695569400,40.15,40.15,40.15,40.15,0.56663,1
1695574800,40.21,40.4,40.21,40.4,0.24556172,2
1695575700,40.35,40.35,40.35,40.35,49.56629491,1
1695578400,40.57,40.58,40.57,40.58,0.9085082,2
1695580200,40.27,40.27,40.27,40.27,0.36329774,1
1695582900,40.01,40.01,40.01,40.01,0.20997464,1
1695583800,40.09,40.09,40.09,40.09,0.468,1
1695588300,40.34,40.36,40.34,40.36,42.89542,7
1695591900,40.65,40.71,40.65,40.71,450.26170226,16
1695593700,40.67,40.72,40.67,40.72,0.52264,2
1695594600,40.85,40.85,40.82,40.82,1.50321022,3
1695595500,40.78,40.78,40.78,40.78,0.468,1
1695596400,40.71,40.71,40.71,40.71,6.31439167,1
1695597300,40.08,40.08,40.08,40.08,0.18761276,1
1695598200,40.16,40.19,40.09,40.19,2.28320191,3
1695600900,39.87,39.9,39.8,39.9,0.49619755,3
1695601800,40.12,40.29,40.12,40.26,110.49898037,7
1695603600,40.84,40.84,40.83,40.83,5.23751142,4
1695605400,40.79,41.29,40.79,40.84,1391.84053731,53
1695606300,40.81,40.83,40.81,40.83,10.52582238,3
1695607200,40.74,40.78,40.74,40.78,94.54856317,7
1695609000,40.6,40.8,40.6,40.8,150.38548978,9
1695610800,40.99,41.08,40.99,41.03,13.71571238,4
1695611700,40.97,40.97,40.97,40.97,0.41147,1
1695613500,40.79,40.79,40.79,40.79,0.12936,1
1695616200,40.9,40.9,40.71,40.71,256.65529491,11
1695617100,40.81,40.81,40.74,40.74,5.50768483,3
1695618900,40.57,40.57,40.57,40.57,1.94536,1
1695619800,40.54,40.56,40.54,40.55,35.94156106,5
1695620700,40.61,40.61,40.61,40.61,4.91426,1
1695623400,40.45,40.45,40.45,40.45,5.15464368,1
1695624300,40.57,40.57,40.57,40.57,12.30315387,1
1695632400,40.48,40.48,40.48,40.48,0.2014998,1
1695633300,40.52,40.54,40.45,40.54,1.54533757,3
1695636900,40.68,40.69,40.68,40.69,6.76155566,2
1695638700,40.8,40.8,40.8,40.8,5.70941987,3
1695639600,40.7,40.71,40.65,40.65,53,3
1695641400,40.41,40.41,40.41,40.41,0.74257426,1
1695642300,40.55,40.55,40.55,40.55,34.31843221,1
1695645000,40.57,40.57,40.51,40.51,31.78701919,3
1695645900,40.65,40.65,40.65,40.65,0.73800738,1
1695646800,40.52,40.52,40.52,40.52,20.51441253,2
1695648600,40.57,40.57,40.57,40.57,0.468,1
1695649500,40.7,40.7,39.98,40.55,313.72618404,32
1695650400,40.6,40.6,40.6,40.6,1.21440854,2
1695651300,40.54,40.54,40.54,40.54,5.62630503,1
1695652200,40.55,40.72,40.55,40.72,0.5730445,3
1695653100,40.83,40.88,40.69,40.69,35.64470213,8
1695654000,40.68,40.68,40.68,40.68,2.22604255,1
1695654900,40.72,40.72,40.3,40.3,36.79184536,9
1695655800,40.41,40.85,40.35,40.84,17.56100101,10
1695656700,40.7,40.7,40.67,40.67,3,2
1695657600,40.73,40.73,40.68,40.68,0.51523268,3
1695658500,40.76,40.76,40.75,40.76,0.5154,3
1695659400,40.43,40.77,40.41,40.68,250.23198411,22
1695660300,40.66,40.72,40.54,40.72,40.23834884,8
1695661200,40.69,40.69,40.67,40.67,124.43151652,8
1695662100,40.57,40.62,40.55,40.55,18.16690177,5
1695663000,40.57,40.58,40.57,40.58,1.31855208,2
1695664800,40.43,40.43,40.43,40.43,6.91900074,1
1695665700,40.42,40.42,40.42,40.42,2.97231707,1
1695666600,40.37,40.38,40.37,40.38,27,4
1695667500,40.42,40.42,40.42,40.42,0.11856,1
1695669300,40.2,40.2,40.18,40.18,2,2
1695672000,40.27,40.27,40.27,40.27,49.86689364,2
1695672900,40.27,40.27,40.2,40.2,45.54083101,4
1695675600,40.06,40.06,40.06,40.06,1,1
1695677400,39.91,39.91,39.83,39.83,5.74490738,2
1695681000,39.82,39.82,39.82,39.82,10.25600954,1
1695681900,39.76,39.76,39.65,39.71,107.2056642,16
1695686400,39.74,39.74,39.61,39.61,3.96342151,3
1695687300,39.56,39.58,39.2,39.32,316.11161859,15
1695688200,39.28,39.28,39.21,39.28,19.09082764,4
1695691800,39.33,39.34,39.31,39.31,11.3310966,4
1695692700,39.33,39.33,39.33,39.33,10.37496233,1
1695694500,39.46,39.46,39.45,39.45,29.05826874,3
1695697200,39.61,39.61,39.61,39.61,14.30497601,2
1695699900,39.54,39.54,39.53,39.53,10.81866998,2
1695701700,39.33,39.33,39.33,39.33,5.0807,1
1695702600,39.29,39.29,39.29,39.29,2,1
1695706200,39.46,39.46,39.46,39.46,11,3
1695707100,39.45,39.46,39.45,39.46,49.5,3
1695708000,39.42,39.42,39.41,39.41,2E+1,3
1695710700,39.4,39.41,39.4,39.41,1.62533767,2
1695714300,39.37,39.38,39.37,39.38,24,4
1695717000,39.41,39.51,39.41,39.51,5.3,3
1695717900,39.58,39.58,39.58,39.58,0.6906755,1
1695719700,39.35,39.37,39.35,39.37,16.5088783,3
1695723300,39.25,39.26,39.14,39.26,1042.79112252,28
1695724200,39.21,39.21,39.18,39.18,1.125,2
1695727800,39.18,39.18,39.17,39.17,1.22800403,2
1695729600,39.17,39.17,39.17,39.17,0.14079754,1
1695730500,39.13,39.13,39.12,39.12,0.28378,2
1695732300,39.09,39.09,39.09,39.09,3.4,1
1695733200,39.0,39.0,39.0,39.0,13,3
1695734100,39.03,39.03,39.03,39.03,1.39975945,1
1695735000,39.04,39.1,39.04,39.1,32.35873041,4
1695735900,39.14,39.14,39.04,39.05,11.41564331,4
1695737700,39.03,39.03,39.03,39.03,10.37496233,1
1695741300,39.01,39.01,38.9,38.9,3E+1,5
1695742200,38.86,38.86,38.86,38.86,1.02933607,1
1695743100,38.85,38.85,38.85,38.85,0.59981136,1
1695744900,38.86,38.86,38.86,38.86,0.11794775,1
1695745800,39.03,39.03,38.98,38.98,31.97911257,6
1695746700,39.0,39.01,39.0,39.01,0.1836731,2
1695747600,39.09,39.09,39.09,39.09,0.125,1
1695748500,38.99,38.99,38.99,38.99,5,1
1695749400,38.77,38.83,38.77,38.77,183.08061723,12
1695750300,38.76,38.76,38.76,38.76,2.21866,1
1695751200,38.87,38.87,38.87,38.87,1.309487,1
1695752100,38.93,38.93,38.92,38.92,14.22495,2
1695753900,39.03,39.04,39.03,39.04,3.5,2
1695756600,39.11,39.11,39.07,39.07,7.76502403,2
1695757500,39.03,39.03,39.03,39.03,3.05596742,1
1695760200,38.92,38.98,38.9,38.94,12.52278904,6
1695761100,38.94,38.94,38.9,38.9,0.2403846,2
1695762000,38.76,38.76,38.64,38.64,171.32106254,9
1695762900,38.63,38.63,38.37,38.63,28.08691861,6
1695763800,38.88,38.88,38.88,38.88,0.5191677,2
1695765600,39.0,39.11,39.0,39.07,58.47856434,16
1695766500,39.01,39.01,39.01,39.01,0.2896926,1
1695769200,39.18,39.18,39.18,39.18,10.79715,1
1695771000,39.19,39.19,39.19,39.19,5.1079,1
1695771900,39.26,39.26,39.22,39.22,3.04709771,2
1695772800,39.27,39.41,39.27,39.41,10.72782688,4
1695774600,39.58,39.67,39.58,39.67,66.70077289,11
1695776400,39.66,39.66,39.52,39.52,60.16950581,12
1695784500,39.49,39.49,39.47,39.47,107.24577748,11
1695785400,39.44,39.44,39.43,39.43,6.76920131,2
1695786300,39.65,39.65,39.65,39.65,0.21727529,1
1695788100,39.43,39.43,39.43,39.43,0.17656606,1
1695790800,39.64,39.64,39.64,39.64,5.0499,1
1695791700,39.75,39.76,39.75,39.76,12.57861635,2
1695792600,39.68,39.68,39.68,39.68,0.75604839,1
1695793500,39.68,39.68,39.59,39.6,4.68244569,4
1695795300,39.54,39.56,39.54,39.56,3.02278,4
1695800700,39.73,39.73,39.73,39.73,0.47313816,1
1695803400,39.67,39.67,39.67,39.67,18.99965,3
1695807900,39.89,39.89,39.89,39.89,1.64273287,2
1695808800,39.93,39.93,39.92,39.92,50.07511266,3
1695809700,40.0,40.0,40.0,40.0,25.29277566,3
1695810600,39.97,39.97,39.97,39.97,1.56949883,2
1695813300,40.19,40.24,40.19,40.24,87.4294549,5
1695814200,40.2,40.32,40.2,40.32,1.64945022,3
1695815100,40.52,40.53,40.52,40.53,0.67201246,2
1695816000,40.59,40.89,40.59,40.81,133.65801144,14
1695816900,40.83,41.0,40.81,40.91,234.18970854,20
1695817800,40.71,40.76,40.56,40.56,110.31874939,7
1695818700,40.45,40.45,40.45,40.45,0.88618,2
1695819600,40.59,40.68,40.59,40.68,0.39411315,2
1695820500,40.64,40.64,40.64,40.64,9.63775452,2
1695821400,40.76,40.77,40.64,40.64,66.68711933,8
1695822300,40.54,40.59,40.48,40.59,112.74721982,15
1695824100,40.34,40.34,40.16,40.16,3.67181712,3
1695825000,40.0,40.0,39.89,39.89,42.67858021,4
1695826800,40.12,40.12,40.12,40.12,7.485,1
1695829500,40.48,40.48,40.24,40.24,182.56644882,13
1695830400,40.3,40.3,40.3,40.3,1.02933607,1
1695834900,40.32,40.32,40.32,40.32,0.44393,1
1695836700,40.24,40.24,40.22,40.22,0.36329,2
1695837600,39.89,39.89,39.89,39.89,0.20876424,1
1695840300,40.22,40.22,40.17,40.17,1.42839,2
1695842100,40.33,40.33,40.33,40.33,0.15,1
1695845700,40.55,40.55,40.55,40.55,8.97937803,2
1695846600,40.54,40.54,40.47,40.47,1.680044,6
1695847500,40.37,40.39,40.37,40.39,0.49541738,2
1695849300,40.44,40.44,40.44,40.44,0.5,1
1695851100,40.33,40.33,40.32,40.32,35.77915357,2
1695852000,40.54,40.55,40.54,40.55,0.49059,2
1695852900,40.65,40.71,40.65,40.71,5.91295291,2
1695853800,40.7,40.7,40.7,40.7,0.41144834,2
1695855600,40.96,41.32,40.96,41.32,16.29208245,8
1695857400,41.23,41.32,41.23,41.32,39.41452371,3
1695858300,41.33,41.33,41.33,41.33,4.8432,1
1695859200,41.4,41.45,41.4,41.45,139.73246017,9
1695860100,41.63,41.63,41.48,41.48,2.14340507,3
1695861900,41.17,41.17,41.17,41.17,0.79676686,1
1695862800,41.28,41.28,41.28,41.28,0.2014302,1
1695866400,41.5,41.5,41.5,41.5,4.59660525,1
1695870000,41.02,41.03,41.01,41.02,7.48490697,4
1695870900,40.93,40.96,40.93,40.96,24.29806332,4
1695872700,41.02,41.02,40.72,40.72,89.34197806,8
1695876300,40.91,40.91,40.91,40.91,0.03796,1
1695879000,41.19,41.19,41.19,41.19,0.18343043,1
1695880800,41.73,42.1,41.73,42.08,261.18251039,23
1695881700,42.19,42.19,41.86,41.92,106.62825274,6
1695882600,42.1,42.73,42.1,42.73,99.92668293,7
1695883500,42.7,43.35,42.67,43.25,120.64324853,20
1695884400,43.42,43.67,43.0,43.0,106.45827371,19
1695885300,42.98,43.33,42.98,43.33,33.01509116,8
1695886200,43.37,43.37,43.31,43.36,4.7180632,3
1695887100,43.54,43.58,43.39,43.46,30.20899333,9
1695888000,43.41,43.41,43.03,43.07,13.41682398,7
1695888900,43.0,43.02,42.99,43.02,206.14852708,10
1695889800,43.36,43.37,43.3,43.37,5.23791369,3
1695890700,43.42,43.51,43.42,43.51,10.251607,3
1695891600,43.36,43.39,43.36,43.36,215.26174049,18
1695892500,43.14,43.14,43.14,43.14,1.38279,1
1695893400,43.31,43.34,43.29,43.29,135.21613748,11
1695894300,43.38,43.39,43.38,43.39,7.27117,2
1695895200,43.22,43.24,43.22,43.24,46.17219947,4
1695897000,43.35,43.54,43.35,43.54,24.26301109,4
1695897900,43.79,43.86,43.5,43.54,15.14177545,6
1695898800,43.73,43.75,43.5,43.53,47.64258036,8
1695899700,43.45,43.47,43.38,43.38,286.27581682,15
1695901500,43.73,43.87,43.73,43.87,128.07359339,7
1695902400,44.02,44.68,44.02,44.51,431.57493294,33
1695903300,44.61,44.89,44.27,44.85,118.42245548,19
1695904200,44.77,46.06,44.66,44.85,1537.47378628,76
1695905100,45.05,45.09,44.67,44.78,88.44486518,16
1695906000,44.65,45.15,44.42,45.15,7.09421078,8
1695906900,44.97,45.8,44.97,45.76,110.44990114,23
1695907800,45.9,46.52,45.68,45.88,181.42471666,54
1695908700,45.87,46.53,45.87,46.51,330.03957473,32
1695909600,46.42,48.35,46.39,48.16,722.85536057,105
1695910500,48.16,48.26,47.37,47.57,246.18625656,44
1695911400,47.54,47.98,47.2,47.48,80.54255804,25
1695912300,47.37,48.13,47.37,47.72,131.31429163,49
1695913200,47.81,47.98,47.44,47.98,69.15804847,19
1695914100,47.92,49.13,47.92,49.11,44.24206161,21
1695915000,48.96,49.34,48.76,48.8,389.29329237,79
1695915900,48.88,48.88,48.48,48.76,40.97490142,26
1695916800,48.77,49.8,48.77,49.48,445.48370625,33
1695917700,49.38,50.06,49.37,49.66,381.37967421,48
1695918600,49.73,49.73,48.62,48.79,100.65815308,23
1695919500,48.68,48.68,47.94,48.68,115.49627529,32
1695920400,48.62,48.68,48.14,48.47,171.19561704,26
1695921300,48.36,48.36,47.77,47.91,23.65352061,10
1695922200,48.23,48.38,48.0,48.14,250.71714355,25
1695923100,48.04,48.42,48.04,48.42,33.09385294,6
1695924000,48.5,48.5,48.3,48.5,362.79094026,24
1695924900,48.29,48.29,47.99,47.99,8.86073331,4
1695925800,48.35,49.16,48.35,49.14,561.20641047,57
1695926700,49.12,49.12,48.67,48.84,66.37348124,15
1695927600,48.95,49.06,48.6,48.75,81.22280232,12
1695928500,48.78,49.37,48.78,49.2,331.60523733,25
1695929400,49.2,49.2,48.98,49.02,59.65861974,9
1695930300,48.98,49.23,48.98,49.16,202.59181483,24
1695931200,49.23,49.8,49.18,49.18,60.39214128,27
1695932100,49.16,49.16,48.27,48.82,479.36596567,83
1695933000,48.88,48.9,48.8,48.8,56.4315,10
1695933900,48.71,49.02,48.69,49.02,217.86093931,23
1695934800,48.79,48.79,48.79,48.79,0.22923,1
1695936600,48.8,48.83,48.52,48.79,682.01754211,58
1695937500,48.91,49.08,48.91,49.05,45.98272172,9
1695939300,48.89,49.04,48.87,49.04,15.5687006,7
1695940200,49.1,49.1,49.1,49.1,1.93214867,1
1695941100,49.1,49.1,48.89,48.89,39.362,4
1695942000,48.96,48.96,48.45,48.51,13.92304646,8
1695942900,48.75,49.4,48.75,49.4,2.15727059,7
1695943800,49.33,49.33,49.2,49.2,25.76392554,4
1695944700,49.34,49.54,49.34,49.45,1048.40054726,51
1695945600,49.38,50.0,48.97,49.03,235.22266593,47
1695946500,49.31,49.55,49.27,49.29,61.27506308,10
1695947400,49.22,49.22,48.52,48.52,22.13764234,9
1695948300,48.48,48.6,48.13,48.6,55.71672678,17
1695949200,48.41,48.45,47.0,47.0,351.72008996,43
1695950100,46.95,47.34,46.92,47.07,83.67489948,15
1695951000,47.37,47.72,47.37,47.62,13.54504701,9
1695951900,47.7,47.7,47.52,47.52,1.2261029,3
1695952800,47.36,47.57,47.36,47.57,0.42665746,2
1695953700,47.64,47.69,47.64,47.69,328.36447227,17
1695954600,47.71,47.71,47.7,47.7,4.71599245,2
1695955500,47.84,48.28,47.84,48.1,106.20015554,12
1695956400,48.16,48.37,47.98,47.98,82.85383886,16
1695957300,48.12,48.3,48.12,48.3,2.31241108,2
1695958200,48.27,48.68,48.27,48.68,357.94665617,25
1695959100,48.69,48.84,48.62,48.7,148.57733062,17
1695960000,48.7,49.08,48.7,49.08,22.62821205,6
1695960900,48.69,48.69,48.27,48.27,359.3547534,21
1695961800,48.59,48.59,48.59,48.59,0.71995,1
1695962700,48.64,49.08,48.64,49.08,19.1333448,6
1695963600,49.08,49.13,48.64,48.64,20.13990609,8
1695964500,48.58,48.74,48.53,48.74,16.43660125,5
1695965400,48.45,48.45,47.42,47.47,29.4206093,15
1695966300,47.65,48.0,47.65,47.83,25.98360485,11
1695967200,48.01,48.09,48.01,48.06,34.22321611,5
1695968100,48.09,48.09,47.82,47.82,17.50537476,5
1695969000,47.81,48.28,47.81,48.22,62.0346962,11
1695969900,48.28,48.28,48.06,48.06,84.28255176,13
1695970800,48.1,48.1,47.74,47.83,6.28055699,6
1695972600,48.12,48.34,48.01,48.34,11.08199657,6
1695973500,48.37,48.39,48.04,48.04,56.3195795,10
1695974400,47.98,47.98,47.98,47.98,0.37120402,1
1695975300,47.88,47.88,47.88,47.88,0.17379756,1
1695976200,47.74,47.78,47.72,47.78,5.5108626,3
1695977100,48.12,48.15,48.12,48.14,131.91025127,14
1695978000,48.37,48.89,48.37,48.89,216.69252245,12
1695978900,48.73,48.97,48.57,48.57,380.48630572,30
1695979800,48.5,48.5,48.46,48.46,6.49063605,3
1695980700,48.45,48.69,48.45,48.62,152.79589615,14
1695981600,48.66,48.66,48.44,48.44,148.8084434,17
1695982500,48.3,48.3,48.17,48.17,9.88451551,4
1695983400,48.04,48.06,47.96,48.06,6.50929435,5
1695984300,47.91,47.91,47.83,47.83,4.6233,3
1695985200,48.0,48.0,48.0,48.0,27.56665518,2
1695986100,48.09,48.11,48.09,48.11,2.5E+2,8
1695987000,47.98,48.03,47.74,47.74,6.14735015,4
1695988800,47.67,47.7,47.41,47.41,58.2383907,12
1695989700,47.37,47.39,47.18,47.26,133.35442523,16
1695990600,47.23,47.57,47.23,47.55,315.10584904,25
1695991500,47.53,47.53,47.53,47.53,5.9866358,1
1695992400,47.3,47.39,47.23,47.39,27.79744586,9
1695993300,47.15,47.19,47.12,47.13,42.99606925,8
1695994200,47.04,47.04,46.92,46.97,227.29572326,9
1695996000,46.84,46.84,46.35,46.6,19.04465596,16
1695996900,46.64,46.64,46.56,46.56,12.10670849,9
1695997800,46.63,47.22,46.6,46.89,11.00771591,13
1695998700,46.88,46.89,46.88,46.88,58.67031893,4
1695999600,47.28,47.28,47.28,47.28,1.08559708,1
1696000500,47.19,47.38,47.19,47.38,2.50465079,4
1696001400,47.22,47.29,47.2,47.2,96.97855254,9
1696002300,47.14,47.14,47.14,47.14,0.25,1
1696003200,47.13,47.29,47.13,47.29,17.77808024,5
1696004100,47.1,47.12,47.0,47.0,1.58451934,6
1696005000,46.94,46.94,46.81,46.81,1.16582398,3
1696006800,47.19,47.34,47.19,47.34,2.00640476,2
1696007700,47.32,47.32,47.32,47.32,2.34573119,2
1696008600,47.03,47.03,47.0,47.0,14.41280154,3
1696009500,47.11,47.11,47.1,47.1,262.70833937,5
1696010400,47.0,47.0,46.99,47.0,111.46977707,10
1696011300,47.15,47.32,47.15,47.32,8.11794218,3
1696012200,47.36,47.4,47.33,47.4,0.96792502,3
1696013100,47.42,47.42,47.42,47.42,0.37801592,1
1696014900,47.61,47.62,47.5,47.5,187.87481488,12
1696016700,47.54,47.56,47.54,47.56,0.70804,2
1696018500,47.61,47.8,47.6,47.8,3.15748538,5
1696019400,47.87,48.44,47.87,48.25,104.4611518,25
1696020300,48.19,48.19,48.19,48.19,31.9892986,1
1696022100,48.03,48.03,48.03,48.03,2.56089943,1
1696023000,48.18,48.5,48.1,48.5,68.02240346,9
1696023900,48.21,48.21,48.21,48.21,0.22691557,1
1696024800,48.55,48.66,48.55,48.66,45.97855081,8
1696025700,48.25,48.34,48.25,48.34,3.30454218,3
1696027500,48.48,48.48,48.45,48.45,42.65981744,3
1696028400,48.68,48.77,48.63,48.63,221.04785258,25
1696029300,48.83,48.98,48.81,48.81,73.90626837,12
1696030200,48.95,49.15,48.95,49.15,277.98158591,32
1696031100,49.15,49.6,49.01,49.01,520.82571087,38
1696032000,48.93,49.07,48.68,48.82,146.44373281,19
1696032900,48.65,48.65,48.59,48.61,16.62786507,4
1696033800,48.76,50.7,48.76,49.75,281.32933304,45
1696034700,49.88,50.16,48.59,48.59,92.94587231,27
1696035600,48.51,48.57,47.25,47.83,370.25373277,64
1696036500,48.0,48.0,47.87,47.87,22.67712806,3
1696037400,47.93,47.93,47.75,47.75,21.47490733,5
1696038300,47.86,47.89,47.86,47.89,2.58119,3
1696039200,47.74,47.74,47.74,47.74,15.35400083,1
1696040100,47.78,47.87,47.65,47.65,43.37648224,10
1696041000,47.51,47.51,47.51,47.51,21.67575493,4
1696041900,47.56,47.56,47.36,47.36,4.37334812,2
1696042800,47.43,47.43,46.99,47.03,64.86227085,17
1696043700,47.07,47.12,47.07,47.12,2.09385,4
1696044600,47.08,47.23,47.07,47.22,24.5141925,6
1696045500,47.42,47.48,47.42,47.48,0.44625592,2
1696047300,47.52,47.52,47.51,47.51,2.26494292,2
1696048200,47.44,47.44,47.24,47.24,101.07231659,11
1696050000,47.31,47.51,47.31,47.51,17.58486403,6
1696051800,47.49,47.5,47.49,47.5,70.85504824,5
1696052700,47.34,47.36,47.34,47.36,21.09477207,3
1696053600,47.37,47.37,47.33,47.33,208.3904739,18
1696054500,47.53,47.59,47.53,47.59,10.1967662,4
1696055400,47.58,47.91,47.57,47.91,223.1714829,23
1696056300,47.92,47.92,47.71,47.76,246.2287539,22
1696057200,47.93,47.96,47.93,47.95,136.93837884,13
1696058100,47.89,47.89,47.66,47.66,137.86163268,14
1696059000,47.51,47.51,47.27,47.27,102.5404452,9
1696059900,47.04,47.04,46.41,46.54,94.13640582,19
1696060800,46.49,46.61,46.41,46.61,24.90447047,5
1696061700,46.84,46.84,46.78,46.83,26.85100087,5
1696062600,46.85,46.85,46.85,46.85,0.19338171,1
1696063500,46.95,46.95,46.95,46.95,0.38174902,1
1696064400,47.19,47.19,47.19,47.19,0.37987329,1
1696065300,47.42,47.57,47.42,47.57,10.89801592,2
1696067100,47.6,47.6,47.53,47.53,1.36412925,4
1696068000,47.45,47.45,47.44,47.44,1.1,2
1696068900,47.35,47.35,47.35,47.35,8.38992402,1
1696071600,47.1,47.1,47.1,47.1,3.55555,1
1696072500,47.07,47.15,47.04,47.15,14.05022889,4
1696073400,47.4,47.42,47.33,47.33,66.09700023,7
1696074300,47.65,47.77,47.52,47.54,329.37600241,33
1696075200,47.53,47.53,47.37,47.39,182.67488174,11
1696076100,47.37,47.37,47.37,47.37,0.11811828,1
1696077900,47.27,47.27,47.27,47.27,0.37677954,1
1696078800,47.12,47.12,47.04,47.04,0.80190222,3
1696081500,47.16,47.16,47.16,47.16,0.12291839,1
1696082400,47.08,47.08,47.0,47.03,300.96063381,8
1696083300,47.02,47.05,46.94,46.94,12.14086105,6
1696084200,46.85,46.85,46.7,46.76,56.15934511,6
1696085100,46.93,46.94,46.84,46.84,45.37985216,7
1696086000,46.97,46.97,46.97,46.97,0.13060264,1
1696086900,46.98,46.98,46.98,46.98,0.54560918,1
1696087800,46.92,46.92,46.92,46.92,5.50375575,1
1696088700,46.99,46.99,46.99,46.99,4.2522,1
1696089600,46.91,46.91,46.91,46.91,1.23635,1
1696090500,46.79,46.79,46.79,46.79,4.2703,1
1696093200,47.09,47.09,46.89,47.07,11.02004941,5
1696094100,47.19,47.19,47.19,47.19,0.22382238,1
1696095000,47.14,47.14,47.14,47.14,4.2463,2
1696095900,47.14,47.18,47.14,47.18,0.88322267,3
1696096800,47.19,47.19,47.19,47.19,0.15605091,1
1696097700,47.15,47.15,47.15,47.15,0.11118981,1
1696098600,47.1,47.65,47.1,47.65,143.26574868,20
1696099500,47.65,47.65,47.4,47.41,68.12053958,15
1696100400,47.42,47.63,47.42,47.57,47.71537049,9
1696101300,47.61,47.7,47.61,47.7,104.41676205,11
1696103100,47.5,47.52,47.49,47.49,36.65676472,6
1696104000,47.41,47.41,47.41,47.41,2.29959502,1
1696104900,47.27,47.27,47.07,47.07,1.39537304,4
1696105800,47.15,47.15,47.07,47.07,4.4116,2
1696106700,47.04,47.05,47.04,47.05,324.07533071,6
1696107600,47.03,47.03,47.03,47.03,1.72051009,1
1696108500,46.99,47.01,46.98,46.98,27.66546073,5
1696109400,46.91,46.91,46.9,46.9,19.31093792,4
1696110300,46.81,46.81,46.8,46.8,12.08944578,3
1696111200,46.87,46.87,46.87,46.87,1.2,1
1696112100,46.9,46.9,46.88,46.88,123.80322577,10
1696113000,46.81,46.81,46.69,46.69,7.03748175,4
1696114800,46.64,46.65,46.6,46.6,63.35774772,5
1696115700,46.78,46.81,46.78,46.81,91.24413189,6
