1688169600,1935.68,1942.63,1933.0,1937.64,45.7046073,36
1688173200,1934.0,1934.0,1925.52,1930.0,3.07079977,19
1688176800,1925.52,1927.86,1923.01,1923.01,6.80618786,26
1688180400,1923.01,1923.01,1919.28,1919.42,2.13155477,28
1688184000,1918.78,1918.78,1911.71,1914.94,29.31212218,38
1688187600,1916.44,1918.4,1915.08,1918.4,1.46089282,13
1688191200,1920.04,1921.05,1916.95,1921.03,10.84659636,16
1688194800,1919.44,1919.45,1913.48,1917.02,23.99178775,25
1688198400,1919.47,1919.47,1914.74,1914.74,31.83619559,33
1688202000,1916.25,1917.21,1914.86,1917.21,0.41017023,4
1688205600,1916.44,1924.5,1916.2,1921.22,27.03810205,31
1688209200,1922.65,1925.44,1921.22,1925.44,5.4060932,14
1688212800,1922.51,1927.77,1922.18,1926.92,21.94863292,61
1688216400,1928.52,1928.52,1924.0,1924.0,21.73559823,29
1688220000,1924.01,1925.09,1922.32,1923.99,27.42567514,37
1688223600,1923.66,1923.66,1919.0,1922.88,6.28579246,36
1688227200,1922.78,1923.16,1917.45,1919.99,39.35211259,62
1688230800,1917.72,1921.0,1916.65,1918.41,12.72344916,52
1688234400,1919.89,1921.25,1919.14,1920.72,6.13203777,31
1688238000,1922.56,1923.86,1921.94,1923.22,12.33582582,57
1688241600,1922.94,1923.98,1921.94,1922.11,136.23568179,42
1688245200,1922.6,1922.91,1921.6,1921.84,13.85959558,21
1688248800,1923.36,1926.32,1920.92,1922.44,7.31590398,30
1688252400,1923.91,1924.98,1920.93,1924.29,22.59063487,69
1688256000,1924.3,1925.35,1919.59,1920.76,1.41276392,17
1688259600,1920.04,1922.49,1919.05,1919.05,2.18531123,10
1688263200,1919.69,1922.61,1913.48,1919.61,2.54791951,19
1688266800,1919.02,1919.02,1913.22,1914.62,5.18758529,21
1688270400,1913.78,1916.12,1913.02,1913.02,1.24007284,10
1688274000,1913.31,1914.21,1913.29,1913.75,33.29937577,10
1688277600,1913.58,1915.86,1913.02,1913.02,9.78898296,18
1688281200,1913.14,1914.6,1913.14,1914.6,17.90686085,17
1688284800,1916.62,1917.93,1912.88,1913.07,10.09574546,15
1688288400,1915.82,1918.25,1915.82,1917.67,10.13147951,20
1688292000,1918.0,1918.45,1916.28,1917.43,17.28244984,28
1688295600,1917.33,1920.53,1917.33,1920.22,9.16112273,20
1688299200,1920.48,1920.92,1918.36,1918.37,16.49067779,37
1688302800,1918.36,1918.36,1915.01,1916.59,16.58858742,25
1688306400,1915.29,1925.73,1915.29,1925.73,44.24288323,30
1688310000,1925.45,1925.45,1883.47,1917.6,54.81511074,225
1688313600,1918.63,1921.99,1916.8,1917.49,34.8028089,47
1688317200,1917.71,1918.02,1907.67,1908.31,150.9475971,66
1688320800,1906.67,1910.85,1903.66,1910.85,19.44640847,43
1688324400,1910.95,1914.24,1910.89,1914.24,23.11236091,25
1688328000,1914.03,1919.1,1913.9,1918.9,37.0419251,33
1688331600,1919.11,1923.74,1918.94,1921.05,20.8121746,30
1688335200,1923.16,1958.49,1917.66,1942.11,353.00590611,458
1688338800,1942.11,1943.15,1931.82,1931.82,14.45705509,26
1688342400,1936.71,1939.99,1933.76,1933.76,224.11399155,65
1688346000,1937.83,1947.59,1937.83,1945.35,1.32966785,23
1688349600,1945.51,1951.04,1945.1,1949.63,61.26361197,48
1688353200,1950.33,1950.36,1948.33,1949.11,73.85724938,37
1688356800,1950.11,1951.54,1944.61,1951.29,9.55336164,19
1688360400,1946.96,1949.26,1946.96,1948.0,9.22678975,13
1688364000,1946.28,1947.6,1943.37,1947.01,22.4755572,31
1688367600,1949.57,1971.5,1949.03,1966.46,132.85316772,156
1688371200,1967.49,1974.17,1960.4,1960.89,47.143417,78
1688374800,1961.1,1963.43,1955.63,1956.06,109.78699461,53
1688378400,1956.65,1962.56,1956.49,1962.48,99.43139891,41
1688382000,1963.53,1964.72,1961.49,1962.71,63.75784183,48
1688385600,1963.08,1966.22,1955.96,1966.22,29.52654374,67
1688389200,1966.37,1969.52,1962.94,1962.94,143.88557449,39
1688392800,1962.95,1966.56,1959.63,1962.86,87.28649661,43
1688396400,1960.0,1974.6,1960.0,1968.43,128.76800237,83
1688400000,1968.35,1968.55,1955.4,1964.39,34.45811861,69
1688403600,1962.07,1966.0,1960.26,1964.05,26.49689327,37
1688407200,1964.0,1969.49,1960.03,1969.49,49.55207949,42
1688410800,1971.99,1973.17,1964.97,1968.31,126.44737898,57
1688414400,1967.66,1968.09,1957.91,1959.39,35.8890679,34
1688418000,1958.71,1959.09,1948.69,1957.12,13.10635477,64
1688421600,1956.89,1958.0,1955.14,1955.14,16.98475984,18
1688425200,1955.11,1955.11,1953.55,1954.6,55.15085953,27
1688428800,1954.59,1954.6,1952.89,1952.89,13.0091981,12
1688432400,1951.92,1957.49,1951.91,1954.14,17.75920845,36
1688436000,1954.67,1955.97,1953.78,1954.95,4.54777145,11
1688439600,1955.75,1966.81,1955.75,1963.56,1.87033747,21
1688443200,1963.24,1963.24,1951.3,1954.05,3.20508773,18
1688446800,1953.24,1954.88,1951.63,1953.96,15.97023909,17
1688450400,1951.92,1955.16,1948.8,1955.16,17.90118247,13
1688454000,1954.65,1954.7,1950.8,1950.8,1.59969518,19
1688457600,1950.47,1952.25,1949.74,1950.78,5.27485393,24
1688461200,1948.79,1954.01,1948.37,1953.23,31.5557961,38
1688464800,1954.8,1959.0,1954.58,1957.47,82.48796201,46
1688468400,1957.7,1961.27,1957.49,1960.03,57.34536713,41
1688472000,1961.6,1961.6,1955.36,1957.33,33.00334701,67
1688475600,1956.75,1958.53,1955.0,1956.13,42.95302226,35
1688479200,1956.96,1960.01,1955.39,1956.84,34.96062238,30
1688482800,1956.63,1958.62,1951.31,1953.26,197.77072099,106
1688486400,1955.12,1963.41,1952.54,1955.43,19.41678535,39
1688490000,1956.02,1956.02,1948.4,1949.58,52.28043078,48
1688493600,1949.16,1953.53,1946.26,1950.77,40.2411269,47
1688497200,1949.64,1949.64,1931.46,1937.66,21.76505083,137
1688500800,1933.42,1941.86,1933.2,1941.86,13.41055808,41
1688504400,1942.04,1942.06,1938.75,1942.06,5.46156026,31
1688508000,1940.88,1942.02,1939.21,1941.14,7.73752822,16
1688511600,1940.9,1940.9,1936.77,1936.77,39.75379171,29
1688515200,1937.96,1942.08,1937.96,1938.48,200.34785572,54
1688518800,1941.12,1941.25,1939.49,1940.15,1.25779223,7
1688522400,1940.35,1941.92,1939.96,1941.7,21.76612366,21
1688526000,1942.12,1942.12,1939.41,1941.16,8.83857548,9
1688529600,1938.21,1938.21,1936.59,1936.59,16.61381856,15
1688533200,1936.55,1938.12,1933.91,1933.91,24.26795169,61
1688536800,1933.97,1937.51,1933.79,1937.51,53.06125177,39
1688540400,1937.88,1938.19,1936.53,1936.63,21.63248251,28
1688544000,1936.63,1936.63,1918.0,1931.83,148.4644295,169
1688547600,1929.86,1929.88,1924.12,1924.12,70.56154197,57
1688551200,1923.03,1924.87,1907.0,1910.37,68.59827573,151
1688554800,1910.22,1916.68,1910.22,1910.97,32.83130789,58
1688558400,1909.79,1913.12,1899.24,1903.26,24.62291915,97
1688562000,1902.28,1905.0,1896.0,1904.62,51.53777194,60
1688565600,1905.0,1911.56,1905.0,1911.22,93.94189628,66
1688569200,1911.23,1911.23,1896.53,1902.65,67.83098373,56
1688572800,1902.71,1909.66,1901.97,1909.66,21.30840201,37
1688576400,1909.23,1915.0,1908.3,1913.07,70.13661512,49
1688580000,1914.0,1916.69,1908.07,1909.88,66.6556623,51
1688583600,1909.71,1913.4,1908.14,1908.14,22.15362655,21
1688587200,1907.81,1911.26,1906.25,1910.13,97.96206144,67
1688590800,1909.66,1913.13,1908.68,1910.52,9.67510803,23
1688594400,1911.0,1915.27,1908.0,1908.33,17.45169208,20
1688598000,1908.01,1915.1,1908.0,1910.6,5.6559226,12
1688601600,1909.22,1912.33,1903.78,1903.78,39.4844629,36
1688605200,1905.2,1907.62,1900.23,1907.62,17.03349717,183
1688608800,1910.68,1913.58,1910.68,1913.26,0.20974448,7
1688612400,1912.54,1915.02,1912.08,1913.85,12.54422212,11
1688616000,1914.92,1915.67,1911.32,1911.32,24.25574871,20
1688619600,1910.52,1921.99,1910.51,1920.78,5.44939712,27
1688623200,1922.47,1926.03,1920.01,1923.74,37.82193221,77
1688626800,1924.43,1930.0,1919.98,1925.2,426.94809304,232
1688630400,1926.33,1948.49,1926.33,1948.49,394.7307745,204
1688634000,1948.7,1956.55,1940.19,1941.41,50.43626472,119
1688637600,1943.9,1945.3,1939.59,1945.3,24.57252505,28
1688641200,1944.29,1944.84,1912.93,1918.13,39.20798705,135
1688644800,1917.76,1917.76,1893.0,1901.99,30.82802557,152
1688648400,1901.99,1906.92,1888.98,1892.06,27.48029609,103
1688652000,1890.62,1896.27,1865.96,1878.62,209.67036325,232
1688655600,1877.34,1891.07,1875.12,1889.28,41.41219906,65
1688659200,1890.0,1890.0,1880.18,1886.94,92.11468056,109
1688662800,1885.92,1887.77,1882.88,1886.63,18.12504412,19
1688666400,1888.01,1891.62,1885.39,1891.62,3.49095706,18
1688670000,1892.24,1892.24,1885.85,1885.85,39.0039013,35
1688673600,1885.38,1887.89,1880.32,1883.32,17.30119411,36
1688677200,1886.23,1886.23,1873.08,1875.17,122.64706312,51
1688680800,1872.81,1875.12,1865.25,1865.25,26.48112186,45
1688684400,1865.14,1865.14,1848.0,1848.0,77.0210543,97
1688688000,1847.51,1847.51,1827.57,1846.34,100.35804496,161
1688691600,1844.21,1851.66,1844.21,1851.66,3.30560244,16
1688695200,1851.03,1854.07,1850.72,1854.07,5.04771112,18
1688698800,1853.98,1859.05,1853.98,1858.29,9.42801489,23
1688702400,1858.41,1858.41,1853.98,1854.44,5.92107646,12
1688706000,1854.57,1862.99,1852.97,1858.92,144.21410688,45
1688709600,1857.91,1859.06,1854.1,1856.1,4.01541084,16
1688713200,1856.18,1858.37,1853.81,1857.1,136.81825129,58
1688716800,1856.45,1861.0,1855.28,1857.2,38.74205795,35
1688720400,1859.56,1864.89,1858.31,1861.25,44.1751398,34
1688724000,1860.88,1863.7,1858.92,1863.7,21.99999494,21
1688727600,1862.91,1864.26,1860.3,1860.32,7.3416921,22
1688731200,1861.74,1871.61,1852.37,1862.37,34.88406386,79
1688734800,1861.5,1872.59,1860.97,1872.59,24.48240102,38
1688738400,1872.59,1877.55,1867.95,1873.62,116.08399986,65
1688742000,1873.84,1874.69,1867.86,1872.4,65.57359001,56
1688745600,1872.4,1874.89,1869.3,1871.05,25.5556256,41
1688749200,1870.84,1871.82,1866.3,1866.3,16.34337073,37
1688752800,1867.71,1867.71,1858.73,1858.73,5.04094178,30
1688756400,1858.53,1864.03,1858.53,1863.48,3.53788469,20
1688760000,1864.24,1864.9,1863.53,1864.58,1.32748434,15
1688763600,1865.6,1870.98,1865.6,1870.54,27.73338166,36
1688767200,1869.07,1869.23,1867.29,1868.65,11.21774246,14
1688770800,1868.51,1869.17,1868.5,1868.96,3.7794045,5
1688774400,1868.85,1870.39,1867.88,1870.39,2.18707846,9
1688778000,1871.0,1871.54,1868.76,1868.76,0.19497797,5
1688781600,1867.62,1870.12,1867.46,1867.66,5.33244,10
1688785200,1868.12,1868.13,1864.57,1864.57,2.15221021,10
1688788800,1862.65,1862.65,1860.71,1862.05,1.93361443,14
1688792400,1860.7,1862.13,1859.04,1862.13,0.84735476,9
1688796000,1863.25,1863.25,1856.74,1857.56,9.38431503,18
1688799600,1857.54,1861.56,1857.54,1860.91,5.12538225,9
1688803200,1861.67,1865.85,1861.67,1865.5,1.26752534,8
1688806800,1865.65,1866.52,1861.72,1863.24,31.28893069,27
1688810400,1863.5,1863.5,1862.24,1863.0,1.63291856,8
1688814000,1862.99,1863.0,1859.16,1859.16,10.38791457,11
1688817600,1858.67,1858.67,1855.75,1855.75,19.96384165,36
1688821200,1856.42,1860.26,1856.42,1859.46,12.24925467,22
1688824800,1859.93,1860.83,1858.67,1859.23,24.84779558,16
1688828400,1861.47,1862.18,1859.43,1859.43,3.79772449,12
1688832000,1861.1,1862.26,1861.1,1862.15,2.68030159,4
1688835600,1862.75,1862.95,1861.76,1862.39,2.6472177,12
1688839200,1861.81,1861.81,1858.7,1859.24,0.53006343,6
1688842800,1858.71,1858.71,1846.09,1846.09,32.09958571,68
1688846400,1846.68,1848.33,1844.42,1848.33,73.03694901,23
1688850000,1847.2,1856.69,1846.51,1856.69,1.33263129,19
1688853600,1856.38,1859.85,1856.15,1859.85,6.34266568,8
1688857200,1860.91,1865.17,1860.91,1865.17,0.3299986,9
1688860800,1865.17,1869.22,1865.17,1867.2,5.69998671,14
1688864400,1870.29,1873.05,1868.52,1868.52,5.16941372,21
1688868000,1869.81,1871.3,1866.19,1867.57,7.16156966,9
1688871600,1868.26,1869.83,1867.49,1869.83,3.01011929,7
1688875200,1867.75,1870.0,1867.4,1869.99,4.4544764,11
1688878800,1869.99,1870.0,1867.16,1867.16,2.63314749,12
1688882400,1867.38,1867.38,1866.34,1867.1,1.62268406,8
1688886000,1866.92,1868.45,1863.28,1866.1,60.25846959,18
1688889600,1866.92,1868.5,1866.92,1868.28,67.74938754,25
1688893200,1867.8,1868.38,1866.22,1867.71,3.42459084,13
1688896800,1867.04,1869.0,1867.04,1867.32,8.69739304,15
1688900400,1865.92,1869.39,1865.62,1869.14,3.22926686,21
1688904000,1869.13,1877.65,1868.55,1875.98,6.44433171,36
1688907600,1877.64,1877.64,1866.08,1866.26,11.03024337,15
1688911200,1865.22,1871.97,1859.1,1868.29,33.07533832,47
1688914800,1867.54,1868.55,1863.25,1865.54,7.17705472,17
1688918400,1865.11,1866.49,1862.8,1863.94,1.14017451,10
1688922000,1864.0,1867.0,1863.77,1867.0,1.2351405,10
1688925600,1867.0,1867.92,1866.11,1866.43,6.18566434,16
1688929200,1866.18,1868.72,1863.79,1868.06,1.9904754,17
1688932800,1868.55,1870.57,1864.54,1869.26,12.5288597,21
1688936400,1870.2,1871.04,1864.32,1864.32,24.61668851,16
1688940000,1863.77,1867.51,1858.09,1867.29,8.18749502,23
1688943600,1866.14,1866.14,1862.41,1862.46,156.45743698,41
1688947200,1862.31,1862.31,1849.66,1853.63,27.01562428,39
1688950800,1854.1,1856.84,1853.0,1853.0,0.28622046,7
1688954400,1854.83,1863.83,1854.62,1863.83,1.74422623,8
1688958000,1865.06,1867.03,1863.69,1863.76,1.04120333,14
1688961600,1859.85,1862.69,1859.85,1861.85,3.54496445,10
1688965200,1858.1,1858.1,1855.73,1855.73,0.47497271,4
1688968800,1854.75,1855.9,1853.67,1854.68,43.56139297,43
1688972400,1858.03,1858.03,1854.95,1856.1,23.84019758,28
1688976000,1855.66,1856.49,1851.15,1855.1,45.47617702,32
1688979600,1854.26,1863.39,1854.26,1861.73,25.64043668,25
1688983200,1861.44,1864.16,1861.44,1862.68,11.86311611,24
1688986800,1863.11,1864.27,1862.06,1863.57,4.81229266,22
1688990400,1865.0,1866.52,1860.69,1861.79,20.03705077,36
1688994000,1862.49,1869.13,1862.49,1863.88,28.88070152,24
1688997600,1865.19,1871.18,1864.83,1870.32,8.95743278,23
1689001200,1868.61,1872.59,1867.98,1869.63,22.97301162,24
1689004800,1871.89,1872.72,1866.43,1871.29,31.95470887,41
1689008400,1872.75,1872.75,1868.51,1868.51,33.06089804,28
1689012000,1868.47,1889.55,1864.53,1888.52,217.26464699,128
1689015600,1889.33,1899.99,1887.36,1898.53,39.32597209,84
1689019200,1900.0,1903.88,1891.88,1892.29,127.34829665,90
1689022800,1891.98,1893.08,1877.97,1877.97,25.0051388,56
1689026400,1877.53,1878.59,1867.95,1874.4,30.3595088,46
1689030000,1876.72,1880.58,1876.72,1880.46,4.5805282,11
1689033600,1880.58,1882.16,1875.98,1875.98,86.05696744,42
1689037200,1879.39,1882.94,1879.25,1882.94,12.19870579,18
1689040800,1882.56,1882.56,1877.44,1877.44,109.58513404,36
1689044400,1877.01,1878.36,1877.01,1878.36,6.07244958,8
1689048000,1880.13,1880.13,1878.13,1878.13,29.0940372,10
1689051600,1877.83,1878.17,1877.73,1878.03,3.65473633,5
1689055200,1878.29,1888.89,1878.29,1886.3,107.57983321,63
1689058800,1885.89,1885.89,1882.8,1882.8,38.09524757,21
1689062400,1882.7,1883.78,1879.4,1879.52,10.94929398,20
1689066000,1879.23,1879.23,1867.95,1869.36,24.35375701,43
1689069600,1870.06,1870.14,1865.69,1867.11,21.26369274,41
1689073200,1868.59,1869.44,1868.2,1868.34,3.82579098,9
1689076800,1868.2,1871.34,1865.99,1870.98,10.05568885,42
1689080400,1870.37,1871.53,1867.01,1868.9,6.25357702,25
1689084000,1868.18,1875.07,1862.76,1872.56,12.69739973,56
1689087600,1873.81,1886.6,1867.01,1872.05,475.86754111,131
1689091200,1872.05,1875.13,1867.29,1875.13,3.69309764,17
1689094800,1872.36,1875.22,1870.77,1872.6,51.99188637,35
1689098400,1872.83,1873.42,1870.55,1870.91,15.17144807,21
1689102000,1870.56,1875.19,1870.14,1875.19,4.93213082,19
1689105600,1875.75,1877.57,1874.02,1874.02,8.48043778,25
1689109200,1874.52,1875.0,1872.11,1875.0,10.28873474,30
1689112800,1875.0,1877.85,1875.0,1876.68,51.30323537,25
1689116400,1879.22,1879.38,1877.47,1878.35,24.32875193,12
1689120000,1878.66,1879.07,1876.66,1879.07,39.69611623,15
1689123600,1878.73,1885.44,1878.72,1881.39,38.54805552,29
1689127200,1882.28,1884.17,1881.41,1883.66,53.80894188,20
1689130800,1882.97,1882.97,1881.53,1881.53,5.5605457,11
1689134400,1880.56,1882.64,1880.56,1882.64,10.66358989,14
1689138000,1882.02,1885.15,1882.02,1885.15,1.16910832,8
1689141600,1884.01,1893.72,1882.9,1889.89,237.32300491,81
1689145200,1890.9,1894.32,1890.11,1891.01,20.36948632,24
1689148800,1889.9,1890.2,1889.69,1889.69,2.31561926,6
1689152400,1888.18,1889.55,1887.75,1889.55,2.16760851,7
1689156000,1890.06,1890.07,1887.05,1887.14,20.39519353,23
1689159600,1886.51,1890.43,1886.33,1890.03,46.60506858,39
1689163200,1890.26,1898.27,1881.89,1886.68,21.16951052,76
1689166800,1888.19,1892.7,1881.28,1887.9,33.91440848,49
1689170400,1887.58,1898.0,1887.58,1892.95,41.95379909,51
1689174000,1892.95,1900.36,1882.22,1883.83,47.67891844,45
1689177600,1883.4,1884.06,1880.2,1883.49,54.01189905,28
1689181200,1885.94,1891.0,1885.94,1887.29,12.72378139,29
1689184800,1887.14,1890.53,1886.06,1887.51,32.92452115,31
1689188400,1887.23,1887.23,1868.6,1871.11,131.8174574,89
1689192000,1868.67,1872.61,1868.18,1872.59,4.54777752,29
1689195600,1871.51,1871.94,1865.69,1871.69,28.55761687,38
1689199200,1871.22,1871.45,1869.81,1870.58,4.35870198,7
1689202800,1870.35,1872.07,1869.92,1872.06,6.65184753,4
1689206400,1872.55,1876.07,1870.57,1870.57,0.95356613,13
1689210000,1871.88,1873.1,1868.07,1872.8,7.31852976,13
1689213600,1871.07,1871.97,1871.07,1871.08,0.44472211,5
1689217200,1870.0,1870.01,1865.62,1866.04,0.56646766,11
1689220800,1865.45,1867.71,1865.24,1866.2,1.64121464,14
1689224400,1865.87,1868.48,1864.61,1868.48,2.00718171,20
1689228000,1870.79,1873.66,1869.58,1872.78,9.55567544,12
1689231600,1872.66,1874.13,1870.46,1870.68,6.66954372,22
1689235200,1870.07,1873.68,1870.07,1873.68,5.06201424,20
1689238800,1873.9,1884.18,1873.9,1882.81,16.83651192,35
1689242400,1883.62,1883.62,1880.72,1883.01,13.21892849,20
1689246000,1883.25,1885.13,1883.08,1883.82,18.46017196,21
1689249600,1885.16,1885.16,1878.24,1880.82,51.37510378,37
1689253200,1881.1,1887.48,1879.99,1887.39,25.97601238,57
1689256800,1884.35,1884.44,1877.93,1882.27,70.62241816,40
1689260400,1882.44,1942.64,1881.66,1931.41,328.67234502,406
1689264000,1933.49,1965.67,1931.52,1963.1,739.48990405,455
1689267600,1964.58,2001.19,1957.38,1990.17,502.37648209,481
1689271200,1990.17,2012.21,1978.71,1983.96,267.28246607,356
1689274800,1981.43,2001.62,1980.87,1995.15,63.5976798,139
1689278400,1995.31,1998.42,1966.0,1982.32,669.80171745,283
1689282000,1984.47,1984.67,1972.17,1983.57,66.80198982,89
1689285600,1982.72,1991.79,1982.71,1991.28,15.70213498,57
1689289200,1992.38,2008.22,1992.38,2005.27,67.33753449,77
1689292800,2005.54,2022.83,2002.36,2021.33,156.63514391,206
1689296400,2016.3,2027.55,2011.75,2012.29,25.7008342,67
1689300000,2013.73,2015.56,2008.96,2011.3,56.13557325,40
1689303600,2010.92,2014.12,2005.36,2008.89,207.7339642,71
1689307200,2009.56,2010.73,2007.93,2009.22,10.61765052,20
1689310800,2009.21,2010.34,2006.03,2010.34,116.8982505,48
1689314400,2007.52,2009.25,2004.98,2004.98,10.44913865,33
1689318000,2004.44,2005.9,1989.0,1992.51,60.78720824,92
1689321600,1991.67,2004.0,1991.67,2000.13,525.36812592,88
1689325200,2000.44,2000.44,1993.96,1997.19,84.48162045,77
1689328800,1996.37,1996.37,1985.04,1988.58,49.55742281,40
1689332400,1989.01,1993.24,1989.01,1992.53,91.25444118,45
1689336000,1992.42,1994.98,1989.37,1989.67,11.68146275,42
1689339600,1987.79,2002.28,1987.79,2001.23,47.19162833,39
1689343200,1996.7,1999.97,1992.75,1999.64,119.39008588,57
1689346800,1997.76,2004.62,1996.11,1999.04,93.0311376,67
1689350400,1998.57,2000.53,1982.59,1991.82,85.37832275,83
1689354000,1990.0,1990.0,1961.81,1961.81,445.75165959,166
1689357600,1962.21,1964.18,1915.62,1916.4,372.24251714,298
1689361200,1915.66,1925.13,1900.0,1912.98,237.99282015,190
1689364800,1912.26,1918.14,1900.51,1914.84,122.48871511,137
1689368400,1914.63,1928.56,1914.63,1928.56,19.07351194,55
1689372000,1928.56,1929.98,1924.73,1929.98,129.24616572,53
1689375600,1930.02,1937.0,1930.02,1937.0,10.01838647,27
1689379200,1938.05,1938.05,1931.0,1933.07,45.88602011,27
1689382800,1930.47,1932.89,1930.07,1932.89,12.34637308,10
1689386400,1930.39,1931.77,1929.15,1930.14,2.16291944,10
1689390000,1929.38,1932.15,1927.95,1931.86,71.19161473,14
1689393600,1931.59,1932.92,1931.14,1932.39,0.68411539,9
1689397200,1933.03,1933.19,1927.71,1929.05,20.43560259,19
1689400800,1928.66,1933.14,1928.63,1933.14,3.60759221,20
1689404400,1932.93,1943.21,1932.93,1941.05,11.68703411,138
1689408000,1941.04,1943.26,1937.65,1939.64,111.6071123,29
1689411600,1939.57,1941.74,1938.94,1941.07,23.10137526,17
1689415200,1942.15,1946.48,1942.15,1943.5,15.30042225,22
1689418800,1939.77,1939.97,1938.54,1939.71,4.40774908,14
1689422400,1939.8,1940.76,1939.18,1940.09,6.72089054,21
1689426000,1940.09,1940.09,1932.79,1936.31,2.82621863,17
1689429600,1936.5,1936.5,1932.3,1932.3,12.67868049,28
1689433200,1932.59,1935.5,1931.16,1935.5,3.37041826,23
1689436800,1934.07,1935.13,1931.39,1931.86,5.40135796,23
1689440400,1932.64,1933.6,1930.95,1930.95,5.09913681,15
1689444000,1932.07,1937.57,1931.84,1935.5,6.56601833,19
1689447600,1935.5,1937.77,1935.38,1935.38,0.89054884,11
1689451200,1933.59,1933.59,1930.48,1931.65,11.82721246,17
1689454800,1929.52,1930.49,1927.95,1930.01,198.73085547,36
1689458400,1929.59,1929.98,1928.13,1928.13,3.61764201,12
1689462000,1928.39,1930.52,1928.39,1930.35,4.52757136,12
1689465600,1932.86,1933.66,1930.34,1933.66,0.35543829,6
1689469200,1934.98,1934.98,1934.98,1934.98,0.18088042,1
1689472800,1934.72,1934.72,1915.92,1929.18,71.26906123,51
1689476400,1925.65,1926.57,1924.38,1925.19,5.56249893,13
1689480000,1923.7,1925.47,1923.7,1925.47,3.4189982,17
1689483600,1924.91,1927.83,1924.21,1924.21,2.19079965,7
1689487200,1924.0,1929.3,1923.37,1927.91,30.81881509,15
1689490800,1927.82,1931.37,1926.81,1926.81,1.15470029,8
1689494400,1926.81,1928.12,1926.22,1927.71,5.06252459,12
1689498000,1928.09,1929.91,1928.09,1929.74,1.37899389,14
1689501600,1930.13,1934.71,1928.96,1929.28,6.95579312,23
1689505200,1929.36,1933.19,1928.76,1933.19,4.46973181,17
1689508800,1933.15,1934.88,1931.16,1931.16,7.51484349,25
1689512400,1930.55,1932.31,1928.96,1930.51,32.99192797,15
1689516000,1930.94,1941.3,1930.75,1937.03,25.2493639,30
1689519600,1940.6,1940.99,1936.76,1936.76,56.16124943,40
1689523200,1936.34,1936.75,1935.16,1936.29,27.82679279,20
1689526800,1936.17,1939.32,1936.01,1937.21,47.74529812,40
1689530400,1937.36,1938.39,1929.7,1930.7,9.12229885,73
1689534000,1930.73,1933.04,1926.06,1927.21,24.39718895,45
1689537600,1927.75,1931.13,1927.75,1928.52,5.8844223,36
1689541200,1928.79,1930.99,1928.67,1930.63,3.59267883,27
1689544800,1929.86,1935.92,1929.72,1933.32,220.18662315,105
1689548400,1933.64,1933.64,1918.05,1922.09,76.86615421,65
1689552000,1921.94,1927.26,1917.36,1920.36,24.43059743,64
1689555600,1920.21,1927.74,1919.07,1926.21,59.25986061,50
1689559200,1924.33,1927.61,1924.33,1927.6,1.59442888,12
1689562800,1925.26,1930.38,1925.26,1930.38,4.70536922,11
1689566400,1930.57,1932.04,1930.57,1932.04,1.15546394,7
1689570000,1932.34,1934.08,1930.89,1930.89,0.45675705,8
1689573600,1931.03,1931.03,1927.86,1929.15,18.32540338,18
1689577200,1930.94,1931.19,1929.08,1929.11,39.6026738,27
1689580800,1928.69,1931.35,1926.51,1926.86,7.89817479,24
1689584400,1925.82,1925.83,1914.2,1915.56,43.80820282,52
1689588000,1913.48,1915.98,1892.4,1909.97,132.52642045,154
1689591600,1909.0,1918.41,1909.0,1911.89,23.87587493,64
1689595200,1910.09,1911.46,1903.22,1911.46,77.26218135,57
1689598800,1912.19,1916.69,1909.36,1916.69,186.08975354,56
1689602400,1916.68,1916.68,1911.96,1912.75,40.39929301,30
1689606000,1913.48,1913.48,1903.67,1908.75,72.9641257,42
1689609600,1908.66,1912.4,1901.03,1902.83,113.54317599,68
1689613200,1905.51,1905.7,1893.43,1896.49,41.93186413,59
1689616800,1895.68,1896.59,1872.53,1884.23,82.40315251,161
1689620400,1882.5,1888.06,1881.81,1887.94,15.08892234,38
1689624000,1886.47,1896.33,1886.47,1889.91,80.20016704,53
1689627600,1889.92,1917.76,1889.91,1917.67,26.14276774,69
1689631200,1918.36,1918.36,1910.4,1911.57,14.4859435,26
1689634800,1908.5,1913.33,1908.5,1913.0,8.79627864,15
1689638400,1911.89,1915.24,1911.89,1915.03,9.31183184,5
1689642000,1912.34,1915.85,1911.9,1915.1,4.03945498,14
1689645600,1915.87,1915.87,1908.18,1908.18,3.00543722,10
1689649200,1908.18,1910.62,1907.13,1909.26,8.15044762,14
1689652800,1909.1,1911.73,1906.04,1908.53,24.19415621,29
1689656400,1909.13,1909.13,1904.39,1904.92,2.59470718,14
1689660000,1907.43,1908.3,1895.1,1898.17,2.82701667,36
1689663600,1901.57,1902.32,1897.33,1899.99,25.59141725,27
1689667200,1899.25,1905.46,1895.57,1901.34,61.26863017,39
1689670800,1901.39,1903.2,1897.85,1897.85,4.26416329,23
1689674400,1897.7,1905.09,1896.88,1904.91,40.09379405,31
1689678000,1904.79,1908.05,1893.43,1893.43,19.55216887,39
1689681600,1894.59,1894.65,1886.79,1892.22,29.59569568,58
1689685200,1891.79,1894.39,1889.72,1893.45,7.25284529,15
1689688800,1894.94,1901.91,1894.51,1900.4,19.14212713,20
1689692400,1900.02,1900.02,1894.82,1894.99,7.38118175,15
1689696000,1896.9,1899.8,1879.23,1886.82,15.73364627,63
1689699600,1885.44,1890.27,1884.51,1889.06,6.75935894,25
1689703200,1890.27,1902.14,1890.27,1900.88,30.52300003,53
1689706800,1900.96,1903.16,1892.08,1893.35,6.87514856,29
1689710400,1891.83,1895.8,1891.82,1893.95,18.56941137,32
1689714000,1895.01,1898.64,1892.57,1897.06,82.24082677,50
1689717600,1897.37,1901.05,1896.91,1900.31,3.5484906,10
1689721200,1901.54,1902.06,1894.3,1897.01,6.91381674,20
1689724800,1897.44,1909.82,1895.27,1909.82,10.53162627,34
1689728400,1910.63,1912.4,1905.73,1909.18,3.81670848,17
1689732000,1909.45,1910.67,1908.26,1910.54,58.10454031,32
1689735600,1910.91,1913.2,1910.91,1912.55,5.26766111,14
1689739200,1913.16,1918.09,1912.55,1912.62,76.99058088,106
1689742800,1912.55,1914.61,1912.02,1914.61,6.47882137,27
1689746400,1913.7,1913.7,1909.63,1911.0,12.57839788,19
1689750000,1911.0,1911.0,1908.15,1908.76,9.04180741,10
1689753600,1907.87,1908.73,1904.69,1904.69,14.07240686,28
1689757200,1903.93,1912.07,1903.22,1909.95,6.45306223,21
1689760800,1909.84,1910.5,1907.73,1909.16,7.16600599,21
1689764400,1908.29,1909.92,1907.66,1909.92,6.77692008,18
1689768000,1909.51,1909.51,1904.39,1908.22,42.27957147,47
1689771600,1907.22,1920.78,1903.32,1910.52,18.00803049,51
1689775200,1911.91,1911.91,1895.43,1898.82,166.72391307,108
1689778800,1897.34,1907.7,1895.18,1906.92,65.70763761,31
1689782400,1906.7,1906.7,1902.06,1902.71,28.33074371,17
1689786000,1902.64,1916.08,1901.68,1908.43,82.68590443,60
1689789600,1909.43,1912.89,1906.31,1912.89,12.62915011,41
1689793200,1912.08,1915.01,1909.84,1911.42,7.79368797,35
1689796800,1908.98,1908.98,1900.07,1900.07,7.93996116,28
1689800400,1899.41,1899.41,1885.0,1892.45,46.93928507,69
1689804000,1894.23,1894.23,1886.48,1888.41,39.97471153,28
1689807600,1889.94,1892.25,1886.1,1890.65,6.42165323,11
1689811200,1888.2,1894.35,1884.92,1894.35,123.23340954,101
1689814800,1893.28,1893.93,1893.28,1893.93,1.20685291,5
1689818400,1895.22,1898.65,1895.22,1897.17,4.69898411,11
1689822000,1897.96,1897.96,1893.2,1893.82,50.45434809,9
1689825600,1897.41,1897.45,1893.88,1895.62,13.73876234,18
1689829200,1895.33,1908.08,1895.33,1908.08,205.70800253,32
1689832800,1907.06,1907.46,1901.45,1905.0,167.48829765,55
1689836400,1906.54,1913.1,1906.45,1913.1,9.49637977,34
1689840000,1913.03,1916.7,1912.85,1915.55,61.14313546,110
1689843600,1916.19,1919.84,1914.46,1919.84,90.32325235,54
1689847200,1919.68,1928.16,1919.68,1920.74,26.85855514,61
1689850800,1920.05,1922.12,1918.86,1921.33,85.87872699,44
1689854400,1922.39,1922.86,1916.65,1916.93,168.9185676,99
1689858000,1916.28,1920.31,1913.11,1920.06,7.43826573,30
1689861600,1916.98,1916.98,1885.82,1890.48,76.36164899,105
1689865200,1887.2,1893.95,1885.19,1887.67,72.94519834,62
1689868800,1887.01,1891.54,1880.0,1883.61,77.01887501,63
1689872400,1885.81,1892.15,1882.07,1891.87,345.64116536,87
1689876000,1888.42,1890.45,1884.9,1886.0,8.56055863,23
1689879600,1886.01,1888.09,1883.78,1888.01,91.45293945,52
1689883200,1888.08,1888.09,1883.33,1888.09,102.3174741,109
1689886800,1890.42,1895.42,1890.37,1894.81,2.45036657,13
1689890400,1896.53,1896.97,1894.34,1895.2,12.99354607,24
1689894000,1894.02,1894.07,1890.52,1890.63,12.36440137,17
1689897600,1891.18,1892.08,1888.24,1890.0,7.4712287,25
1689901200,1889.45,1896.03,1889.45,1896.03,3.06014204,9
1689904800,1895.0,1901.07,1895.0,1898.66,192.61210429,68
1689908400,1898.56,1898.81,1896.31,1896.45,3.98143604,9
1689912000,1896.45,1896.68,1894.42,1896.2,51.90164933,75
1689915600,1895.23,1895.9,1891.11,1891.68,7.12053999,24
1689919200,1892.02,1893.55,1891.49,1893.35,4.68590515,18
1689922800,1892.62,1892.99,1888.85,1889.59,8.48562282,23
1689926400,1889.73,1892.55,1889.73,1892.41,7.33148038,20
1689930000,1891.52,1892.8,1885.12,1885.13,8.95725435,19
1689933600,1886.57,1889.18,1886.57,1888.93,5.10394036,16
1689937200,1889.21,1889.32,1885.24,1889.32,10.11338745,35
1689940800,1889.39,1895.23,1889.38,1894.21,88.67921371,113
1689944400,1894.09,1895.64,1888.42,1889.08,3.16132425,21
1689948000,1888.56,1893.77,1887.0,1893.77,43.28838619,40
1689951600,1894.77,1894.77,1891.01,1891.01,14.25799877,25
1689955200,1890.54,1891.05,1889.49,1889.81,57.77149926,93
1689958800,1890.46,1897.12,1890.46,1896.61,22.92676849,23
1689962400,1897.85,1904.03,1897.85,1899.3,12.29154554,42
1689966000,1897.01,1897.01,1887.39,1896.04,5.27526724,27
1689969600,1893.0,1895.3,1891.94,1894.73,2.00382507,13
1689973200,1895.82,1895.82,1891.96,1894.88,14.32073005,13
1689976800,1894.06,1894.85,1893.7,1893.7,0.94463749,9
1689980400,1893.21,1893.21,1891.7,1891.7,5.47327084,23
1689984000,1891.77,1896.33,1891.57,1896.33,12.23996819,28
1689987600,1896.53,1896.89,1892.94,1892.94,27.75676124,32
1689991200,1892.15,1895.1,1892.15,1893.48,2.87188831,9
1689994800,1894.93,1895.38,1892.9,1894.3,5.20648132,14
1689998400,1893.39,1895.52,1893.39,1893.58,2.11921362,6
1690002000,1893.74,1893.94,1893.07,1893.31,1.89751525,8
1690005600,1892.27,1892.48,1891.6,1892.19,0.89679447,9
1690009200,1891.9,1895.06,1891.15,1893.7,11.38534223,23
1690012800,1891.85,1894.12,1891.56,1891.97,16.26463798,23
1690016400,1891.77,1893.1,1889.88,1889.88,5.79601146,21
1690020000,1886.46,1887.3,1885.07,1887.14,11.65666098,34
1690023600,1888.44,1888.55,1887.18,1888.55,4.87480039,13
1690027200,1887.24,1888.57,1885.9,1885.9,2.59326704,41
1690030800,1886.38,1887.61,1886.32,1886.45,5.31316867,16
1690034400,1888.53,1889.52,1886.4,1887.94,11.32682306,26
1690038000,1887.82,1898.37,1886.27,1889.97,396.71903423,75
1690041600,1889.97,1889.99,1887.32,1889.41,38.17130659,29
1690045200,1889.4,1889.56,1885.53,1885.53,21.59154211,15
1690048800,1885.53,1885.53,1882.19,1883.83,10.30187562,19
1690052400,1883.01,1886.52,1883.01,1886.1,33.00975085,20
1690056000,1886.11,1888.51,1886.11,1888.16,50.50870139,96
1690059600,1888.21,1888.21,1886.36,1887.24,7.74844741,16
1690063200,1887.5,1887.5,1882.78,1882.78,3.1797507,15
1690066800,1883.15,1883.83,1852.31,1865.26,200.60718378,268
1690070400,1865.45,1866.58,1860.0,1860.0,26.83792462,57
1690074000,1864.76,1870.33,1864.76,1869.81,3.14418027,11
1690077600,1869.89,1872.69,1867.89,1872.69,0.2497129,9
1690081200,1871.56,1871.56,1868.85,1868.85,0.72031225,6
1690084800,1868.85,1872.69,1868.85,1872.32,20.43872343,18
1690088400,1873.9,1877.82,1873.9,1874.74,1.61043592,15
1690092000,1873.98,1875.75,1873.74,1874.02,4.38820507,16
1690095600,1873.26,1874.88,1872.94,1874.88,18.67708224,66
1690099200,1875.25,1877.82,1873.73,1877.82,44.67161692,29
1690102800,1878.3,1878.3,1874.95,1875.5,41.61348903,23
1690106400,1875.08,1876.61,1874.84,1874.84,23.00503784,12
1690110000,1874.14,1876.21,1874.14,1874.43,42.92346806,36
1690113600,1874.68,1876.2,1872.62,1874.54,22.00609834,41
1690117200,1874.91,1875.25,1872.47,1873.44,46.75746857,39
1690120800,1873.6,1874.96,1873.06,1873.06,8.69905854,22
1690124400,1873.7,1874.53,1872.8,1873.23,0.54578531,9
1690128000,1874.95,1885.2,1874.95,1884.43,38.99512468,48
1690131600,1883.74,1893.36,1883.34,1893.36,16.97367482,69
1690135200,1893.72,1902.63,1892.34,1902.63,13.61879965,42
1690138800,1901.91,1903.5,1885.23,1886.04,41.75787807,52
1690142400,1890.28,1892.76,1890.28,1892.76,5.45141463,17
1690146000,1893.12,1893.53,1876.42,1880.52,6.24162173,80
1690149600,1879.76,1884.6,1879.76,1883.31,1.11598514,13
1690153200,1884.22,1888.81,1884.22,1888.81,26.77713537,17
1690156800,1888.45,1889.79,1886.98,1886.98,12.32784233,38
1690160400,1884.49,1884.49,1877.6,1878.87,2.44980553,16
1690164000,1878.88,1878.88,1874.28,1875.02,1.26096807,20
1690167600,1874.17,1874.17,1867.95,1869.15,29.14922684,33
1690171200,1869.14,1870.59,1864.34,1870.5,27.46771685,31
1690174800,1870.5,1873.4,1870.33,1871.44,1.91732962,14
1690178400,1869.35,1870.92,1869.11,1869.85,7.12202279,15
1690182000,1870.78,1876.11,1868.53,1874.44,16.37917936,32
1690185600,1875.01,1875.01,1869.58,1869.91,37.19759626,39
1690189200,1869.51,1871.47,1835.0,1844.39,458.04271996,439
1690192800,1840.15,1852.82,1840.15,1852.81,36.21632594,75
1690196400,1852.36,1855.32,1850.74,1853.13,85.20381356,66
1690200000,1852.69,1853.32,1848.08,1852.26,145.11008417,87
1690203600,1852.9,1854.17,1847.13,1850.75,18.54342099,51
1690207200,1848.44,1849.05,1842.3,1843.45,77.25605761,82
1690210800,1843.88,1844.81,1836.09,1841.43,90.01495376,67
1690214400,1843.77,1847.84,1840.01,1845.01,16.03460021,37
1690218000,1844.05,1844.78,1841.93,1842.72,17.04139499,34
1690221600,1843.63,1850.14,1843.11,1849.61,55.21436483,47
1690225200,1850.06,1850.67,1848.84,1849.09,56.72929868,40
1690228800,1849.28,1849.7,1848.07,1849.7,43.40334351,45
1690232400,1849.7,1850.78,1848.03,1848.03,3.46603454,17
1690236000,1849.48,1850.11,1845.62,1846.96,10.10719362,27
1690239600,1848.8,1850.85,1848.8,1849.93,6.76085439,23
1690243200,1849.78,1851.82,1849.1,1849.39,23.78775896,69
1690246800,1849.96,1849.96,1846.0,1849.02,17.83497089,39
1690250400,1849.02,1854.29,1848.95,1853.32,4.28568693,18
1690254000,1852.63,1852.63,1851.2,1851.2,5.70808504,6
1690257600,1851.79,1852.23,1847.6,1847.91,8.45681,12
1690261200,1848.55,1852.3,1848.55,1851.92,2.61503566,32
1690264800,1851.56,1852.4,1850.01,1852.39,6.7247913,21
1690268400,1852.4,1852.95,1849.16,1850.92,73.26575669,44
1690272000,1851.21,1854.76,1849.31,1854.34,36.68771003,54
1690275600,1854.31,1861.29,1853.71,1856.65,6.36739945,31
1690279200,1856.25,1857.39,1854.55,1854.71,21.01673093,24
1690282800,1854.03,1854.3,1852.84,1853.3,13.46751278,31
1690286400,1854.6,1855.12,1852.7,1853.32,6.78763968,39
1690290000,1855.53,1867.47,1854.0,1864.55,37.15347806,81
1690293600,1866.1,1866.38,1854.99,1855.16,2.21095391,19
1690297200,1854.35,1859.67,1854.35,1858.95,31.72635619,36
1690300800,1858.03,1863.38,1855.66,1856.64,45.24824957,55
1690304400,1856.27,1860.07,1854.5,1859.52,21.75559074,28
1690308000,1860.85,1864.84,1860.03,1860.03,14.87609982,42
1690311600,1860.46,1861.36,1857.01,1857.01,132.37060698,57
1690315200,1859.65,1862.55,1857.71,1862.38,8.35121323,29
1690318800,1862.36,1864.14,1862.36,1862.66,3.38950458,16
1690322400,1862.67,1862.84,1860.63,1860.93,7.59879298,20
1690326000,1859.27,1859.27,1856.92,1858.08,2.88316469,14
1690329600,1857.35,1858.02,1855.0,1855.23,20.46936204,34
1690333200,1855.2,1855.2,1853.94,1854.08,11.01630077,19
1690336800,1854.68,1856.39,1854.07,1856.39,9.02904833,20
1690340400,1860.22,1865.45,1858.61,1858.86,37.36348252,43
1690344000,1858.45,1858.45,1855.95,1855.95,19.99479691,15
1690347600,1855.94,1859.57,1855.74,1859.57,21.88398237,19
1690351200,1859.5,1859.5,1855.37,1855.37,53.22207322,23
1690354800,1854.77,1856.2,1852.7,1853.4,30.91819098,28
1690358400,1853.33,1856.08,1853.12,1854.69,12.78472751,25
1690362000,1854.7,1855.45,1849.87,1850.5,16.90086549,37
1690365600,1850.97,1852.77,1850.01,1852.22,10.76824738,25
1690369200,1852.13,1853.04,1850.82,1850.9,11.07570901,21
1690372800,1851.9,1855.63,1851.89,1855.63,18.05173217,23
1690376400,1855.89,1858.28,1855.04,1858.1,13.86103343,121
1690380000,1858.69,1859.05,1855.08,1857.81,19.9121158,168
1690383600,1858.01,1861.25,1858.01,1860.74,25.52346092,182
1690387200,1860.78,1863.96,1858.21,1859.44,62.5904552,165
1690390800,1859.56,1860.38,1856.34,1856.34,10.01353056,70
1690394400,1857.21,1881.09,1857.05,1871.94,158.0846732,169
1690398000,1872.18,1873.9,1859.15,1872.34,56.54273808,88
1690401600,1873.9,1885.87,1873.9,1880.81,73.02421678,101
1690405200,1881.38,1882.92,1872.78,1872.78,10.78744999,34
1690408800,1870.96,1871.64,1868.59,1870.89,2.96084304,18
1690412400,1875.78,1875.78,1868.41,1868.41,0.54078064,7
1690416000,1871.96,1872.23,1868.09,1869.92,27.56319371,48
1690419600,1870.04,1873.8,1870.04,1873.56,2.94804909,8
1690423200,1873.62,1876.8,1872.75,1876.8,4.63349609,19
1690426800,1876.72,1878.67,1876.19,1876.19,2.3155173,10
1690430400,1876.17,1880.01,1876.17,1880.01,14.28160596,23
1690434000,1879.92,1880.52,1879.91,1879.91,11.50195252,28
1690437600,1877.96,1877.96,1873.91,1874.09,8.62594023,13
1690441200,1874.79,1877.48,1870.15,1871.9,182.74663026,75
1690444800,1871.86,1878.35,1870.76,1875.98,27.60212748,37
1690448400,1878.46,1885.54,1878.37,1884.75,14.87247759,43
1690452000,1883.79,1884.18,1878.07,1878.07,7.5396235,15
1690455600,1877.6,1877.61,1876.61,1877.05,5.06829407,14
1690459200,1876.4,1878.01,1873.99,1878.0,13.82779743,40
1690462800,1876.62,1876.64,1873.74,1873.91,28.51297968,40
1690466400,1874.49,1874.7,1869.28,1869.84,6.98876902,36
1690470000,1869.25,1871.9,1865.01,1868.97,11.04112548,52
1690473600,1868.87,1869.14,1866.44,1866.87,13.86010077,32
1690477200,1867.27,1868.53,1863.63,1865.2,4.19450736,28
1690480800,1865.19,1866.76,1857.32,1859.55,20.9452174,75
1690484400,1859.19,1862.34,1859.19,1860.12,7.36961194,15
1690488000,1861.33,1862.08,1858.5,1858.57,6.3230706,29
1690491600,1858.6,1861.8,1857.63,1860.38,10.24865241,17
1690495200,1860.38,1861.02,1857.13,1857.13,8.51437959,23
1690498800,1857.0,1860.63,1855.56,1860.63,4.7960875,15
1690502400,1861.1,1863.56,1861.1,1861.96,5.56182637,13
1690506000,1861.84,1864.48,1861.1,1864.48,5.87804004,21
1690509600,1863.43,1863.43,1860.22,1860.22,1.23129203,7
1690513200,1862.31,1864.8,1862.1,1862.66,2.55560997,12
1690516800,1861.15,1864.5,1861.15,1864.23,1.53340907,10
1690520400,1862.92,1863.9,1860.0,1860.0,25.11377556,14
1690524000,1858.0,1861.07,1858.0,1860.73,3.33886649,9
1690527600,1861.82,1863.21,1859.97,1860.04,4.80286682,13
1690531200,1859.48,1862.99,1859.09,1862.51,51.33291126,23
1690534800,1863.0,1867.72,1862.69,1867.72,38.2053149,60
1690538400,1868.25,1868.25,1866.24,1867.25,1.93122492,13
1690542000,1866.9,1868.3,1865.33,1866.99,12.20183702,40
1690545600,1867.51,1872.78,1867.44,1872.52,80.41827683,121
1690549200,1872.27,1873.0,1869.79,1871.66,23.6021297,48
1690552800,1871.78,1881.57,1870.85,1878.55,128.05215538,99
1690556400,1879.07,1880.44,1875.03,1875.03,40.25090421,49
1690560000,1875.46,1878.97,1873.6,1877.38,27.49329021,53
1690563600,1877.21,1877.35,1865.82,1870.44,58.05460247,56
1690567200,1871.77,1876.27,1871.77,1875.29,12.40822596,16
1690570800,1875.65,1876.67,1873.71,1874.05,11.67006246,23
1690574400,1873.36,1876.53,1872.76,1876.39,7.6768394,17
1690578000,1875.82,1876.69,1874.81,1876.42,30.83849545,23
1690581600,1876.32,1876.72,1875.39,1876.7,2.2992562,13
1690585200,1876.23,1876.23,1874.3,1874.3,0.81842794,12
1690588800,1873.77,1876.39,1873.12,1876.39,0.25180769,5
1690592400,1874.81,1874.81,1873.84,1874.49,0.54077758,8
1690596000,1876.16,1876.16,1873.97,1874.46,3.76022619,6
1690599600,1874.14,1874.14,1873.63,1873.63,0.56,4
1690603200,1874.37,1877.12,1874.37,1876.85,1.35730509,20
1690606800,1876.63,1876.63,1873.89,1873.89,9.19089742,23
1690610400,1873.13,1873.56,1872.96,1873.51,4.40701268,17
1690614000,1873.72,1873.72,1872.17,1872.17,0.38649354,5
1690617600,1872.12,1873.37,1871.14,1871.14,1.26986319,8
1690621200,1871.72,1872.81,1870.74,1870.87,5.79058484,31
1690624800,1870.76,1871.39,1870.12,1870.58,5.37823062,22
1690628400,1870.58,1873.16,1870.58,1871.14,1.77443565,14
1690632000,1870.56,1874.35,1870.5,1872.32,69.25095816,111
1690635600,1872.32,1874.81,1872.26,1873.09,55.44667358,40
1690639200,1873.08,1873.93,1872.94,1872.94,44.84684814,37
1690642800,1873.07,1873.23,1871.81,1872.81,3.6953274,18
1690646400,1872.76,1873.62,1871.62,1873.62,1.05043427,15
1690650000,1875.34,1877.46,1875.34,1876.82,5.74805852,18
1690653600,1877.36,1877.66,1873.64,1874.9,17.36680329,21
1690657200,1875.63,1878.97,1875.63,1877.76,16.20538042,28
1690660800,1878.97,1884.78,1878.97,1884.07,6.6791047,32
1690664400,1885.06,1885.41,1881.38,1881.38,1.39073906,11
1690668000,1882.13,1882.85,1880.02,1880.02,0.89036574,11
1690671600,1880.08,1881.54,1880.08,1881.14,0.27423971,5
1690675200,1881.09,1881.09,1879.82,1880.03,1.46715624,17
1690678800,1881.56,1881.56,1877.92,1877.92,1.52965825,10
1690682400,1877.74,1878.98,1877.74,1878.98,0.03628473,2
1690689600,1878.79,1879.33,1878.56,1879.09,5.70490655,19
1690693200,1878.9,1878.9,1876.56,1876.71,5.41967833,20
1690696800,1876.52,1876.52,1873.77,1873.78,151.403942,41
1690700400,1873.78,1875.39,1873.78,1874.97,77.33328853,30
1690704000,1874.63,1874.78,1874.59,1874.61,7.94515682,14
1690707600,1874.38,1874.38,1872.78,1873.6,29.91746254,26
1690711200,1874.44,1875.36,1873.09,1873.09,1.1874339,20
1690714800,1874.86,1876.03,1874.08,1876.03,23.67385427,25
1690718400,1875.89,1877.44,1875.45,1877.12,9.45462676,33
1690722000,1877.14,1877.14,1874.51,1874.86,4.28227202,16
1690725600,1873.34,1880.82,1873.34,1880.19,7.41510731,29
1690729200,1880.97,1883.68,1876.5,1876.74,67.20037582,38
1690732800,1877.06,1878.21,1874.98,1876.99,3.34517098,16
1690736400,1876.93,1878.37,1875.76,1878.33,4.26887652,20
1690740000,1878.55,1878.55,1875.98,1877.19,5.99534837,21
1690743600,1877.71,1878.34,1860.0,1862.54,48.35781401,99
1690747200,1859.53,1865.01,1850.58,1864.66,24.98020056,93
1690750800,1864.77,1864.77,1858.01,1861.58,7.59778847,26
1690754400,1860.69,1860.69,1857.16,1857.16,29.02785503,19
1690758000,1857.77,1863.29,1857.77,1862.63,0.90583894,8
1690761600,1862.0,1875.91,1862.0,1875.91,24.04345332,37
1690765200,1873.01,1873.01,1868.68,1870.06,0.23083078,8
1690768800,1872.04,1873.41,1870.32,1872.32,1.60299005,11
1690772400,1870.12,1870.52,1868.97,1868.97,2.13668517,21
1690776000,1869.9,1869.9,1865.31,1865.4,56.25663022,106
1690779600,1865.14,1865.8,1863.97,1865.59,1.55958881,13
1690783200,1866.64,1866.92,1866.03,1866.92,12.55426634,9
1690786800,1866.82,1867.73,1866.39,1866.39,13.03291124,11
1690790400,1865.24,1868.73,1865.17,1868.19,39.77122578,32
1690794000,1869.06,1869.06,1866.3,1868.27,9.43975042,36
1690797600,1868.56,1869.82,1867.48,1867.82,22.94170719,26
1690801200,1868.97,1869.69,1867.58,1867.58,2.81851874,13
1690804800,1867.99,1873.1,1867.09,1873.1,51.55736072,42
1690808400,1872.55,1872.55,1863.7,1864.16,8.76381929,20
1690812000,1863.3,1865.19,1861.79,1861.79,27.39646887,33
1690815600,1861.78,1861.8,1858.06,1858.38,24.04949007,47
1690819200,1858.07,1861.68,1856.19,1860.37,67.27422459,96
1690822800,1859.82,1862.83,1857.2,1862.83,13.42788488,14
1690826400,1862.23,1862.34,1857.59,1860.78,21.6742369,41
1690830000,1860.14,1861.38,1858.23,1858.59,37.62645085,41
1690833600,1856.49,1859.97,1853.35,1853.35,9.4837676,36
1690837200,1853.15,1856.97,1851.37,1855.11,16.36307993,27
1690840800,1856.91,1856.92,1854.69,1854.69,1.76538865,13
1690844400,1855.54,1856.94,1855.54,1856.14,1.38252172,8
1690848000,1855.84,1860.7,1854.78,1860.34,11.37844834,37
1690851600,1860.86,1863.25,1853.15,1853.16,7.4605515,22
1690855200,1853.16,1853.16,1815.63,1829.84,96.46728037,352
1690858800,1827.69,1828.06,1825.5,1825.87,13.22176698,25
1690862400,1825.9,1827.24,1821.98,1825.87,20.78958402,51
1690866000,1825.26,1830.06,1825.26,1830.06,17.00672743,15
1690869600,1829.03,1834.82,1829.03,1832.65,10.46650876,26
1690873200,1831.7,1834.22,1830.14,1833.58,96.39462025,51
1690876800,1834.21,1836.18,1833.23,1834.7,6.22208124,28
1690880400,1836.17,1836.17,1832.67,1833.28,26.16793628,33
1690884000,1832.73,1835.43,1832.13,1834.56,15.50954051,39
1690887600,1834.4,1834.99,1831.01,1831.11,50.07897848,38
1690891200,1831.11,1835.76,1829.04,1830.83,30.12059519,40
1690894800,1831.97,1835.57,1831.97,1835.36,21.61582833,26
1690898400,1833.87,1835.75,1828.67,1828.83,72.86879125,48
1690902000,1826.24,1834.82,1826.24,1834.03,6.96091323,26
1690905600,1834.35,1840.37,1830.39,1831.82,96.9732827,83
1690909200,1835.36,1837.47,1835.21,1836.46,28.14017141,31
1690912800,1839.01,1851.88,1839.01,1851.87,26.10537965,54
1690916400,1852.12,1855.85,1849.76,1851.2,51.83244501,51
1690920000,1851.2,1852.74,1849.2,1850.45,73.98299448,90
1690923600,1850.25,1852.35,1847.94,1849.81,7.09970091,23
1690927200,1847.66,1849.68,1847.66,1849.68,4.7502284,13
1690930800,1852.81,1873.03,1852.81,1872.49,30.24516884,94
1690934400,1873.9,1877.29,1868.75,1868.9,17.41290204,50
1690938000,1873.84,1877.31,1871.14,1871.14,30.39466463,29
1690941600,1868.55,1869.25,1868.2,1868.27,1.05976936,8
1690945200,1868.13,1868.13,1863.67,1863.67,3.99802195,22
1690948800,1863.18,1864.79,1861.4,1863.29,55.38348009,26
1690952400,1861.75,1861.75,1860.59,1860.59,0.09771375,5
1690956000,1862.08,1863.44,1859.53,1859.53,15.63399164,28
1690959600,1859.28,1861.12,1857.52,1857.52,41.65572669,39
1690963200,1857.51,1858.15,1854.15,1856.91,37.1258222,40
1690966800,1857.8,1860.02,1855.01,1855.01,33.11779565,37
1690970400,1855.0,1858.73,1855.0,1858.73,19.89206468,21
1690974000,1858.99,1860.91,1858.04,1859.71,38.83241964,87
1690977600,1860.23,1861.15,1855.0,1855.01,20.4694693,54
1690981200,1855.0,1855.0,1850.58,1852.1,5.21691138,37
1690984800,1852.38,1852.38,1842.14,1842.62,40.03924812,95
1690988400,1842.14,1843.39,1836.1,1841.93,49.93192956,53
1690992000,1842.9,1844.8,1823.21,1827.61,117.51244895,132
1690995600,1826.76,1837.68,1826.76,1831.92,24.35690009,42
1690999200,1833.69,1833.69,1831.9,1832.29,1.14673143,6
1691002800,1836.46,1843.6,1836.33,1841.5,11.80238668,37
1691006400,1841.15,1844.14,1841.15,1842.54,3.0842623,17
1691010000,1842.03,1844.01,1840.88,1844.0,0.95885483,6
1691013600,1843.56,1845.75,1842.61,1842.61,31.63909364,25
1691017200,1842.78,1842.78,1838.3,1840.26,10.50194178,18
1691020800,1840.0,1843.13,1839.07,1841.78,9.27082661,25
1691024400,1839.38,1845.22,1839.38,1843.29,2.35615789,14
1691028000,1845.8,1845.99,1838.27,1838.75,2.11171128,10
1691031600,1840.36,1841.43,1839.77,1839.77,13.48755989,9
1691035200,1840.1,1840.1,1837.27,1837.76,3.45291594,10
1691038800,1836.1,1839.16,1835.11,1839.16,47.59592753,34
1691042400,1838.6,1838.99,1833.9,1833.9,7.63845532,20
1691046000,1834.82,1834.89,1832.98,1833.42,5.87398154,18
1691049600,1832.97,1833.58,1827.7,1830.63,5.21167403,32
1691053200,1833.62,1834.77,1832.02,1834.77,4.64708688,32
1691056800,1835.81,1837.25,1835.13,1837.25,4.5774354,23
1691060400,1837.5,1837.59,1836.79,1837.35,5.51474404,17
1691064000,1837.68,1837.68,1834.82,1834.91,11.74393399,49
1691067600,1835.6,1838.9,1835.43,1838.88,29.41659989,44
1691071200,1839.06,1848.65,1837.3,1848.23,9.17508945,49
1691074800,1848.66,1848.67,1840.68,1840.76,26.68979526,44
1691078400,1840.15,1847.68,1840.15,1847.67,2.55870608,21
1691082000,1849.29,1857.47,1847.64,1847.64,27.38390549,60
1691085600,1847.59,1847.59,1842.14,1846.22,186.30257168,51
1691089200,1846.65,1846.65,1842.46,1845.64,7.58768124,22
1691092800,1845.94,1853.21,1844.84,1844.84,4.79212182,21
1691096400,1844.74,1847.25,1838.92,1839.65,3.95888179,22
1691100000,1839.65,1839.66,1832.27,1836.91,42.68628402,91
1691103600,1837.78,1837.99,1837.23,1837.99,1.62793703,3
1691107200,1835.35,1838.54,1833.86,1835.04,1.38893627,12
1691110800,1835.57,1837.57,1835.37,1835.72,29.35230797,26
1691114400,1834.64,1835.46,1830.01,1835.46,1.96719142,21
1691118000,1833.64,1835.34,1833.14,1834.06,18.04379353,15
1691121600,1834.99,1834.99,1832.39,1834.61,1.78008711,5
1691125200,1835.59,1837.17,1834.57,1837.17,11.91733862,7
1691128800,1836.61,1837.4,1834.59,1834.59,15.86202838,29
1691132400,1832.05,1833.11,1832.02,1833.11,1.33503661,11
1691136000,1837.69,1839.43,1835.86,1835.86,41.68312077,39
1691139600,1836.28,1838.49,1835.84,1838.49,9.14874234,16
1691143200,1837.69,1837.81,1834.44,1835.35,22.88245227,25
1691146800,1834.82,1836.08,1834.05,1834.76,18.01975713,35
1691150400,1834.25,1842.03,1833.27,1839.46,21.54260809,47
1691154000,1840.05,1849.76,1839.22,1843.35,106.16770131,75
1691157600,1840.03,1847.88,1839.2,1846.3,318.69957628,118
1691161200,1846.61,1848.45,1845.44,1846.98,37.08392327,35
1691164800,1847.37,1847.55,1845.05,1847.29,58.6756705,47
1691168400,1847.09,1847.11,1841.56,1841.56,78.69136391,41
1691172000,1841.42,1841.42,1828.67,1832.64,34.319825,73
1691175600,1833.09,1834.03,1829.0,1829.24,30.32017693,53
1691179200,1831.13,1833.77,1817.05,1823.13,29.80284139,81
1691182800,1824.16,1831.33,1824.16,1829.74,1.76928772,19
1691186400,1829.51,1831.43,1829.51,1830.58,5.00856481,12
1691190000,1826.97,1830.78,1826.97,1830.52,4.77354386,11
1691193600,1832.04,1833.26,1832.04,1832.63,0.60215462,5
1691197200,1832.09,1832.09,1827.62,1827.62,1.26751258,13
1691200800,1828.8,1831.04,1828.47,1831.04,0.80232481,7
1691204400,1830.57,1831.86,1830.57,1831.2,2.35384915,9
1691208000,1832.03,1832.03,1829.77,1829.84,2.59208693,8
1691211600,1831.31,1833.4,1831.29,1833.4,1.61246651,8
1691215200,1832.16,1832.43,1832.16,1832.34,1.09338099,4
1691218800,1831.96,1831.96,1831.19,1831.27,0.77345869,9
1691222400,1831.19,1833.35,1830.26,1833.27,3.84963065,19
1691226000,1833.11,1833.12,1831.67,1831.67,3.02474196,18
1691229600,1831.67,1833.06,1831.67,1832.35,20.40853946,22
1691233200,1832.5,1834.38,1832.5,1834.03,2.5253379,13
1691236800,1834.03,1834.04,1831.0,1831.0,26.76672112,39
1691240400,1831.01,1832.11,1831.01,1832.11,5.35115576,18
1691244000,1833.56,1835.0,1833.56,1834.99,6.92539393,29
1691247600,1835.0,1835.49,1831.38,1833.41,2.93675805,19
1691251200,1833.61,1833.62,1831.5,1831.5,2.33322032,17
1691254800,1832.13,1834.09,1832.05,1834.04,14.02235094,13
1691258400,1833.83,1837.77,1833.83,1837.77,2.91621234,28
1691262000,1837.57,1837.81,1836.04,1836.72,0.82312216,9
1691265600,1834.98,1835.19,1834.35,1834.44,2.18360652,10
1691269200,1834.44,1836.75,1834.43,1836.02,3.16003115,11
1691272800,1836.0,1838.29,1834.82,1838.29,3.09985607,13
1691276400,1838.12,1838.74,1837.02,1837.31,56.53183772,26
1691280000,1837.0,1837.01,1836.18,1836.18,1.38399264,11
1691283600,1837.28,1837.28,1834.82,1834.82,5.59952815,46
1691287200,1834.82,1837.97,1834.82,1837.77,0.23127287,10
1691290800,1836.42,1836.42,1834.82,1834.96,0.73287766,8
1691294400,1835.38,1836.03,1835.27,1835.94,1.09580314,24
1691298000,1836.12,1836.12,1835.58,1836.01,1.74377236,16
1691301600,1835.96,1835.96,1833.31,1834.77,2.10313539,29
1691305200,1834.58,1835.32,1834.03,1835.24,31.60300892,35
1691308800,1835.15,1837.0,1834.95,1836.85,3.86651192,22
1691312400,1834.92,1834.92,1830.83,1830.83,1.76388348,14
1691316000,1831.18,1831.43,1830.0,1831.33,114.83509106,56
1691319600,1831.06,1832.88,1831.05,1832.78,4.07867419,25
1691323200,1832.42,1832.92,1830.0,1830.0,1.9432916,31
1691326800,1830.0,1830.14,1828.72,1829.17,37.21888814,24
1691330400,1829.18,1830.46,1826.82,1829.7,16.00390267,51
1691334000,1830.03,1830.42,1828.56,1829.36,83.69034317,48
1691337600,1829.01,1834.68,1828.51,1834.68,33.05602086,26
1691341200,1835.72,1835.72,1830.68,1833.34,190.33266618,69
1691344800,1833.39,1833.97,1832.75,1832.99,68.19064711,53
1691348400,1832.68,1833.5,1831.69,1831.78,8.00474372,32
1691352000,1832.59,1832.59,1830.75,1831.4,14.97451827,26
1691355600,1831.56,1836.79,1829.48,1830.41,6.44343803,33
1691359200,1829.72,1833.39,1829.48,1829.94,1.33400369,51
1691362800,1830.12,1830.63,1827.89,1829.12,1.89935452,50
1691366400,1829.12,1831.18,1827.65,1829.5,18.94842594,20
1691370000,1830.09,1842.92,1830.09,1840.98,7.8987671,62
1691373600,1841.51,1843.71,1841.36,1843.46,14.0895058,30
1691377200,1844.72,1845.8,1838.13,1838.4,332.18873286,121
1691380800,1838.4,1841.32,1838.18,1840.99,2.17194924,11
1691384400,1840.56,1842.17,1840.56,1840.59,77.37695917,22
1691388000,1840.21,1840.21,1832.53,1832.53,3.45133212,25
1691391600,1832.26,1836.28,1832.15,1836.11,11.523215,22
1691395200,1836.36,1836.41,1833.43,1833.43,3.02934917,17
1691398800,1833.14,1835.83,1832.94,1835.72,2.99204256,18
1691402400,1835.49,1836.94,1833.84,1836.94,21.65020706,29
1691406000,1836.74,1836.92,1834.62,1834.62,25.32082038,37
1691409600,1834.62,1837.13,1831.9,1837.13,40.78200388,36
1691413200,1833.12,1833.35,1829.72,1829.72,16.4568283,530
1691416800,1829.72,1831.14,1826.91,1829.85,12.6872669,115
1691420400,1830.26,1830.26,1814.58,1817.81,65.26059123,101
1691424000,1814.5,1818.24,1803.43,1815.35,179.60656119,311
1691427600,1816.11,1818.31,1806.98,1814.33,71.54667574,82
1691431200,1815.43,1829.62,1815.43,1822.46,9.82869655,87
1691434800,1822.12,1824.92,1817.85,1824.86,7.04916057,53
1691438400,1826.38,1827.48,1823.93,1827.48,12.10269123,25
1691442000,1828.24,1829.3,1825.11,1825.17,3.15852201,21
1691445600,1825.73,1828.1,1825.37,1827.36,1.1564741,15
1691449200,1827.41,1828.35,1827.41,1828.35,0.22777717,3
1691452800,1829.62,1833.46,1829.42,1833.46,35.26679019,62
1691456400,1833.81,1834.27,1827.03,1827.03,37.25488724,100
1691460000,1827.76,1830.86,1827.76,1830.0,3.31838732,9
1691463600,1830.07,1830.5,1829.28,1829.9,10.47639808,34
1691467200,1830.59,1832.0,1830.17,1832.0,13.25955698,20
1691470800,1832.0,1838.01,1831.99,1835.67,59.70315134,30
1691474400,1835.92,1837.45,1833.38,1833.38,23.59866162,35
1691478000,1833.42,1833.72,1830.22,1830.22,145.66187257,68
1691481600,1830.53,1831.7,1830.46,1830.66,21.14919438,29
1691485200,1830.44,1831.45,1830.44,1830.57,21.18524138,25
1691488800,1830.79,1834.17,1830.5,1834.11,112.78098036,45
1691492400,1835.37,1838.08,1833.82,1838.04,22.73075963,30
1691496000,1838.1,1845.03,1835.69,1845.03,148.56873466,175
1691499600,1845.03,1848.57,1835.97,1836.53,47.83161874,90
1691503200,1836.94,1841.68,1836.35,1840.53,14.25356242,47
1691506800,1839.21,1845.0,1839.2,1844.38,172.66010354,88
1691510400,1843.55,1856.54,1843.35,1853.17,495.44421154,229
1691514000,1855.53,1856.98,1851.08,1853.59,230.05849988,161
1691517600,1853.89,1869.81,1853.89,1858.63,106.33804125,148
1691521200,1859.04,1863.57,1858.74,1858.85,31.02986848,48
1691524800,1859.8,1863.42,1856.77,1863.4,110.18449135,60
1691528400,1863.59,1875.0,1861.7,1861.8,112.028961,94
1691532000,1862.09,1862.09,1855.46,1858.01,5.48958882,46
1691535600,1858.83,1859.67,1856.97,1856.97,0.58330709,12
1691539200,1856.6,1859.43,1855.56,1855.56,2.98499727,46
1691542800,1855.37,1859.04,1854.76,1858.98,0.60577402,8
1691546400,1858.59,1858.59,1854.0,1854.84,1.82936978,19
1691550000,1854.46,1854.52,1854.35,1854.52,11.96185701,10
1691553600,1854.52,1857.17,1854.48,1856.93,8.33862889,20
1691557200,1857.58,1858.07,1856.44,1857.76,7.46904056,13
1691560800,1857.67,1857.76,1854.36,1857.76,6.42208893,25
1691564400,1857.78,1861.81,1857.78,1861.81,17.33486411,38
1691568000,1862.2,1863.97,1860.53,1862.78,41.53787904,45
1691571600,1862.78,1862.95,1860.0,1860.01,367.17484867,143
1691575200,1860.01,1864.66,1859.87,1864.1,28.76582829,38
1691578800,1863.51,1863.68,1860.49,1862.5,75.38354696,52
1691582400,1862.46,1868.26,1860.39,1866.98,128.15590853,89
1691586000,1869.08,1870.27,1860.62,1860.62,24.84655687,83
1691589600,1861.19,1863.99,1853.45,1853.45,495.55265148,257
1691593200,1853.15,1855.27,1852.45,1852.95,29.49881709,61
1691596800,1853.16,1854.18,1848.67,1849.03,21.29258301,52
1691600400,1849.01,1852.07,1847.6,1849.56,74.95418084,74
1691604000,1849.49,1855.03,1849.49,1854.78,84.55348852,43
1691607600,1854.52,1854.52,1848.38,1848.38,32.49759543,34
1691611200,1848.85,1852.98,1848.36,1852.45,53.97344298,52
1691614800,1851.99,1854.73,1847.69,1853.59,57.42132071,29
1691618400,1853.82,1855.39,1853.56,1855.39,50.75671794,34
1691622000,1855.41,1858.5,1855.41,1855.52,136.83293821,57
1691625600,1855.8,1857.79,1854.57,1855.53,58.94779081,28
1691629200,1855.97,1857.55,1855.15,1855.15,2.01387239,8
1691632800,1856.75,1856.75,1854.26,1854.26,5.07989371,14
1691636400,1854.0,1854.45,1852.99,1852.99,10.97495187,20
1691640000,1853.01,1853.35,1851.93,1852.85,3.89421125,12
1691643600,1851.8,1853.13,1850.96,1853.13,2.44130765,27
1691647200,1854.25,1854.82,1850.41,1850.41,23.67421556,13
1691650800,1851.57,1853.79,1851.57,1852.08,9.11029774,26
1691654400,1852.08,1852.09,1852.08,1852.08,5.80504974,28
1691658000,1852.09,1852.88,1850.98,1852.26,7.13187581,25
1691661600,1852.56,1854.23,1850.83,1854.23,3.02485896,22
1691665200,1854.87,1854.87,1851.29,1851.66,6.73273857,15
1691668800,1850.84,1859.63,1850.23,1856.75,290.28793931,121
1691672400,1855.52,1863.42,1854.66,1863.42,248.34042387,96
1691676000,1863.98,1864.66,1848.51,1852.9,243.66788456,166
1691679600,1853.19,1855.78,1852.65,1852.67,23.66157384,37
1691683200,1853.21,1853.95,1850.17,1852.14,4.1882401,29
1691686800,1850.94,1851.74,1848.17,1848.31,12.15846799,33
1691690400,1847.88,1850.54,1847.5,1849.08,9.06371709,22
1691694000,1850.47,1850.47,1848.55,1850.2,13.63304341,38
1691697600,1849.92,1851.12,1849.72,1850.17,2.65551736,18
1691701200,1851.01,1851.01,1850.43,1850.43,3.50184292,22
1691704800,1850.74,1853.12,1850.74,1852.83,1.18203032,9
1691708400,1851.6,1853.23,1851.6,1852.59,1.13362343,9
1691712000,1852.44,1852.89,1852.29,1852.76,0.26497373,6
1691715600,1854.91,1854.91,1851.5,1851.5,0.61651871,5
1691719200,1850.55,1850.55,1845.0,1845.01,5.21053327,32
1691722800,1846.12,1847.38,1845.45,1845.91,5.08896039,17
1691726400,1846.73,1848.51,1846.73,1848.47,1.8509991,15
1691730000,1847.73,1850.01,1847.55,1850.01,57.99654621,24
1691733600,1849.66,1850.73,1849.2,1850.73,2.99527457,15
1691737200,1851.03,1851.03,1849.73,1849.82,6.4289961,21
1691740800,1849.8,1851.11,1848.73,1848.99,11.55083759,37
1691744400,1848.86,1848.86,1846.76,1846.76,25.25677236,29
1691748000,1846.71,1849.87,1846.53,1848.69,20.67869046,24
1691751600,1849.11,1851.63,1848.73,1851.63,28.11626351,20
1691755200,1852.24,1852.58,1850.0,1850.0,136.51815675,52
1691758800,1850.0,1850.89,1848.57,1850.89,29.15134261,27
1691762400,1853.68,1856.83,1852.13,1854.0,25.0057727,37
1691766000,1854.0,1854.01,1844.37,1845.93,185.01165369,183
1691769600,1845.39,1849.1,1839.93,1844.28,143.86225007,162
1691773200,1841.9,1845.48,1841.85,1842.78,2.74210627,20
1691776800,1843.13,1844.47,1843.13,1843.99,42.47472065,30
1691780400,1844.0,1844.0,1842.68,1844.0,4.67862203,28
1691784000,1843.99,1846.03,1843.98,1846.03,23.13614127,29
1691787600,1845.95,1846.8,1845.14,1845.14,23.70407301,22
1691791200,1845.1,1846.98,1845.1,1846.98,9.51516942,15
1691794800,1847.35,1848.67,1847.32,1848.67,1.9884646,6
1691798400,1848.41,1852.83,1848.25,1852.82,1.1060597,11
1691802000,1850.88,1850.88,1848.94,1848.94,4.44146207,4
1691805600,1849.09,1849.55,1848.86,1849.48,25.40201155,18
1691809200,1848.63,1848.91,1847.86,1848.0,3.83651467,17
1691812800,1847.89,1848.83,1847.88,1848.83,13.25666367,6
1691816400,1848.22,1848.22,1847.07,1847.45,273.3826935,83
1691820000,1848.12,1848.35,1847.87,1848.04,0.65981728,8
1691823600,1849.2,1850.66,1849.2,1850.65,5.30095521,17
1691827200,1850.75,1850.9,1848.71,1848.76,2.68321601,10
1691830800,1849.0,1850.78,1849.0,1850.15,3.3398361,25
1691834400,1850.23,1851.05,1850.2,1851.05,11.81522415,16
1691838000,1851.23,1851.23,1849.82,1850.64,1.20129865,19
1691841600,1850.9,1852.0,1850.8,1852.0,6.10455117,14
1691845200,1852.0,1853.0,1851.96,1853.0,5.26870867,21
1691848800,1851.76,1853.13,1851.43,1852.42,26.46230447,35
1691852400,1853.05,1853.31,1851.51,1851.51,1.90687525,16
1691856000,1851.52,1852.6,1851.51,1851.82,0.88053785,13
1691859600,1851.7,1851.96,1850.0,1850.0,105.87428435,59
1691863200,1850.0,1850.0,1849.0,1849.22,6.07697757,25
1691866800,1849.02,1849.02,1848.0,1848.01,3.73237371,17
1691870400,1848.0,1848.27,1848.0,1848.0,1.66455595,17
1691874000,1848.0,1849.86,1847.06,1849.66,3.35720887,20
1691877600,1849.23,1849.99,1849.21,1849.88,3.93957032,17
1691881200,1849.82,1849.9,1849.71,1849.9,1.17580798,6
1691884800,1850.13,1850.26,1849.45,1850.08,6.88878591,24
1691888400,1851.56,1851.59,1850.52,1851.47,5.08264856,13
1691892000,1851.32,1851.33,1850.6,1850.6,0.23335563,4
1691895600,1850.6,1850.6,1849.22,1849.51,12.39125776,8
1691899200,1849.93,1849.95,1848.79,1849.25,5.5335806,14
1691902800,1848.58,1848.58,1848.16,1848.23,2.08417994,9
1691906400,1849.0,1849.2,1849.0,1849.18,0.14944477,4
1691910000,1849.17,1849.86,1849.12,1849.86,1.91795907,7
1691913600,1850.18,1851.47,1850.15,1850.88,3.40646001,24
1691917200,1850.94,1851.0,1850.3,1850.99,1.56438979,5
1691920800,1851.15,1851.15,1850.37,1850.41,2.8601082,16
1691924400,1850.54,1850.55,1849.47,1849.47,7.23699376,17
1691928000,1849.6,1851.84,1849.37,1851.84,28.48010757,22
1691931600,1850.57,1850.82,1849.63,1849.73,10.69266448,24
1691935200,1849.56,1850.85,1849.35,1850.22,1.37013033,16
1691938800,1849.38,1849.38,1848.27,1848.27,4.30592219,27
1691942400,1848.27,1848.28,1847.0,1847.0,50.69556198,33
1691946000,1849.78,1851.35,1849.64,1850.29,7.78088694,33
1691949600,1850.32,1855.25,1850.32,1854.09,18.64668239,45
1691953200,1855.78,1860.64,1855.56,1857.96,6.57545983,33
1691956800,1858.94,1858.94,1854.44,1854.44,8.71793,29
1691960400,1854.87,1854.87,1848.36,1848.36,4.00181367,18
1691964000,1847.64,1847.64,1836.1,1839.62,20.2061811,62
1691967600,1838.7,1841.07,1838.7,1840.58,1.39993625,11
1691971200,1840.62,1843.68,1839.24,1841.31,2.95300538,18
1691974800,1840.46,1840.46,1840.46,1840.46,0.015,1
1691978400,1841.19,1847.37,1837.54,1843.51,9.87799648,20
1691982000,1845.76,1846.99,1845.18,1845.49,1.02152935,16
1691985600,1846.59,1848.66,1846.58,1848.01,57.72846058,100
1691989200,1848.1,1850.67,1848.1,1850.67,0.49280099,9
1691992800,1849.32,1849.61,1849.1,1849.61,3.50266872,11
1691996400,1849.51,1849.73,1848.99,1848.99,5.07196471,15
1692000000,1850.47,1851.88,1850.46,1850.65,50.0203772,38
1692003600,1850.66,1850.66,1848.88,1848.88,5.45890174,22
1692007200,1849.17,1849.79,1848.86,1849.79,8.75369264,38
1692010800,1849.97,1849.97,1846.94,1848.08,10.32558021,36
1692014400,1848.07,1848.15,1845.57,1846.81,15.57020198,30
1692018000,1846.21,1846.3,1844.89,1846.3,14.80024875,25
1692021600,1846.25,1854.26,1846.09,1852.48,10.73129366,49
1692025200,1852.25,1855.86,1850.36,1854.65,74.08594393,63
1692028800,1853.48,1855.79,1852.62,1853.48,28.68092649,51
1692032400,1853.36,1853.88,1847.49,1847.84,75.45090544,57
1692036000,1847.49,1847.94,1841.55,1842.91,90.64422468,71
1692039600,1841.81,1844.05,1841.72,1842.06,405.83483337,140
1692043200,1842.26,1845.51,1841.28,1845.11,98.20748394,100
1692046800,1845.87,1846.06,1845.03,1845.78,23.34898554,22
1692050400,1845.78,1846.19,1845.18,1846.11,2.51449657,11
1692054000,1846.11,1846.11,1846.1,1846.11,5.72398623,12
1692057600,1846.11,1846.12,1846.1,1846.11,44.28480287,81
1692061200,1847.45,1847.49,1846.41,1846.41,1.69490251,7
1692064800,1846.11,1846.12,1843.82,1843.82,60.22043529,24
1692068400,1844.03,1844.44,1843.86,1844.44,12.75880917,9
1692072000,1844.74,1844.74,1844.03,1844.03,0.25355553,4
1692075600,1844.0,1844.0,1842.25,1842.25,16.04727903,25
1692079200,1843.65,1843.7,1842.07,1842.07,8.91894478,10
1692082800,1841.97,1843.85,1841.52,1843.67,9.56684188,14
1692086400,1843.92,1844.67,1842.84,1843.34,354.80999227,134
1692090000,1843.52,1844.97,1843.08,1843.12,3.13967445,23
1692093600,1843.66,1843.66,1842.44,1843.0,7.71483586,36
1692097200,1842.89,1842.98,1839.9,1840.22,24.51584937,22
1692100800,1839.84,1842.98,1839.84,1842.55,63.39986532,104
1692104400,1842.17,1844.7,1841.54,1841.55,16.40667334,29
1692108000,1841.0,1844.89,1839.36,1844.41,65.02607513,55
1692111600,1844.36,1844.97,1839.85,1840.91,25.29334881,31
1692115200,1840.77,1841.77,1839.0,1839.0,4.37588846,34
1692118800,1839.01,1840.94,1839.01,1840.28,86.32488171,53
1692122400,1841.03,1842.36,1839.52,1840.51,2.58801765,20
1692126000,1840.15,1840.15,1814.51,1828.29,107.45009527,325
1692129600,1827.79,1831.27,1825.75,1828.99,47.43449261,63
1692133200,1830.1,1831.45,1829.66,1829.91,19.35837312,19
1692136800,1829.91,1830.81,1829.91,1829.91,45.79800629,37
1692140400,1828.56,1830.42,1828.56,1828.66,1.60274748,7
1692144000,1829.68,1830.5,1828.31,1828.31,0.32927631,7
1692147600,1829.1,1829.68,1827.96,1829.53,4.76337057,16
1692151200,1829.54,1831.54,1829.54,1831.49,150.87712982,53
1692154800,1831.28,1831.28,1829.53,1830.01,2.31371991,11
1692158400,1829.1,1829.3,1827.48,1828.51,5.55692445,15
1692162000,1826.11,1826.33,1822.32,1823.89,2.42060176,10
1692165600,1823.56,1825.55,1820.83,1824.73,4.96609706,23
1692169200,1826.63,1828.74,1826.41,1827.59,3.75131541,16
1692172800,1827.31,1827.75,1824.68,1825.39,52.01895061,39
1692176400,1824.59,1825.0,1821.63,1823.09,5.01870089,29
1692180000,1824.82,1826.7,1824.16,1826.7,41.9499012,21
1692183600,1826.75,1826.76,1823.57,1823.93,57.23274225,33
1692187200,1824.81,1826.56,1821.22,1825.81,35.60231616,51
1692190800,1825.81,1825.81,1820.75,1822.03,68.97392302,61
1692194400,1822.01,1826.11,1820.62,1826.11,28.32334854,35
1692198000,1826.34,1826.34,1821.3,1821.3,5.59329686,18
1692201600,1820.75,1822.06,1817.0,1821.99,78.26028647,69
1692205200,1821.91,1825.37,1820.24,1824.87,7.7704868,23
1692208800,1825.78,1828.0,1823.88,1823.88,45.27377788,48
1692212400,1823.38,1823.38,1820.42,1821.84,17.05739903,33
1692216000,1821.08,1822.69,1797.54,1808.48,113.17200123,350
1692219600,1809.08,1811.34,1804.27,1810.62,97.05584686,76
1692223200,1811.41,1814.81,1810.44,1811.99,423.53454517,142
1692226800,1811.7,1811.7,1806.49,1808.63,367.16307487,137
1692230400,1807.83,1808.83,1780.77,1796.51,165.15163448,359
1692234000,1796.55,1799.25,1795.69,1795.69,9.09465873,37
1692237600,1798.75,1801.0,1794.71,1795.27,59.86563808,35
1692241200,1796.59,1800.91,1796.41,1798.47,5.5983211,29
1692244800,1798.57,1800.38,1798.01,1799.07,8.73939014,25
1692248400,1799.56,1801.96,1798.81,1801.96,3.39631896,19
1692252000,1801.95,1802.59,1800.47,1802.58,19.9476817,33
1692255600,1802.39,1802.59,1798.41,1799.78,31.86610131,88
1692259200,1799.91,1799.97,1793.55,1793.55,16.8445185,34
1692262800,1793.54,1795.71,1786.91,1793.36,110.30319579,130
1692266400,1792.85,1793.68,1786.91,1788.46,34.33531903,35
1692270000,1788.46,1788.46,1784.96,1788.1,24.1306104,36
1692273600,1788.0,1792.38,1786.64,1790.7,21.61468724,43
1692277200,1789.91,1791.5,1786.15,1786.15,6.87965995,24
1692280800,1786.41,1787.28,1779.34,1780.23,76.08123485,108
1692284400,1778.79,1779.43,1729.23,1741.54,445.71058306,667
1692288000,1740.83,1748.22,1727.23,1739.32,82.99763382,200
1692291600,1741.46,1745.09,1738.52,1740.92,81.12137893,87
1692295200,1742.68,1743.52,1735.85,1735.85,31.33252784,66
1692298800,1735.85,1740.82,1735.84,1739.85,25.18189446,43
1692302400,1738.97,1739.32,1709.5,1718.37,103.71248494,204
1692306000,1721.55,1722.34,1550.0,1622.62,4058.29122911,2910
1692309600,1620.52,1808.99,1608.23,1697.19,707.60332494,1464
1692313200,1695.32,1715.73,1677.07,1683.41,226.78928869,372
1692316800,1681.9,1697.48,1681.9,1689.56,29.82852543,92
1692320400,1696.18,1696.18,1685.08,1685.83,61.64512429,50
1692324000,1689.38,1694.24,1679.22,1679.22,46.97129236,49
1692327600,1677.83,1681.99,1673.34,1675.81,135.56325124,126
1692331200,1678.29,1678.29,1665.46,1668.56,36.2664201,99
1692334800,1668.79,1682.93,1668.63,1680.01,28.3531397,79
1692338400,1681.07,1696.01,1681.07,1690.52,43.97684609,90
1692342000,1691.81,1693.2,1688.29,1690.45,80.29047787,69
1692345600,1690.79,1695.68,1684.37,1695.62,153.0784573,84
1692349200,1694.89,1694.89,1685.0,1685.0,26.16425063,77
1692352800,1685.14,1686.16,1682.31,1683.09,45.49024475,65
1692356400,1683.27,1689.2,1679.38,1686.33,45.57164793,79
1692360000,1686.36,1686.36,1678.48,1678.48,757.78706341,104
1692363600,1678.68,1684.19,1672.13,1672.64,438.7741336,118
1692367200,1673.69,1675.04,1665.56,1669.92,31.64063042,91
1692370800,1671.2,1676.69,1660.0,1661.27,85.0220627,97
1692374400,1661.85,1667.53,1657.29,1660.41,32.96236036,66
1692378000,1663.06,1666.67,1643.3,1662.74,129.28161279,254
1692381600,1662.52,1677.12,1656.24,1668.05,50.44467353,65
1692385200,1668.02,1668.02,1656.39,1656.39,20.63766271,61
1692388800,1657.78,1667.31,1657.03,1658.99,15.28564382,39
1692392400,1659.61,1667.6,1659.61,1663.32,15.21353181,28
1692396000,1662.32,1664.63,1662.26,1662.46,27.38264692,30
1692399600,1663.29,1664.49,1659.68,1659.68,2.01637479,15
1692403200,1661.22,1670.17,1661.22,1669.39,12.56062756,68
1692406800,1668.95,1668.96,1662.09,1662.09,2.5933604,16
1692410400,1661.36,1662.21,1659.91,1659.91,11.31259905,30
1692414000,1659.69,1659.69,1657.21,1659.46,17.37380247,23
1692417600,1659.46,1661.86,1658.42,1661.86,186.28685462,46
1692421200,1661.95,1661.95,1656.2,1656.96,28.16382424,23
1692424800,1657.78,1659.52,1655.85,1655.85,2.06721266,19
1692428400,1655.55,1661.39,1654.99,1661.39,20.39727272,55
1692432000,1662.28,1665.01,1659.84,1661.6,3.54578409,25
1692435600,1662.2,1663.44,1660.27,1663.44,6.36419634,24
1692439200,1663.77,1663.77,1661.13,1661.69,13.97244009,27
1692442800,1661.03,1662.4,1660.02,1660.06,23.45055081,31
1692446400,1660.25,1660.72,1658.16,1660.42,4.90735265,44
1692450000,1659.7,1663.15,1659.7,1661.57,7.67019829,22
1692453600,1661.01,1665.18,1661.01,1663.67,5.66611533,54
1692457200,1666.27,1684.15,1666.11,1682.45,39.25925969,182
1692460800,1684.11,1696.09,1679.87,1692.23,357.21471075,96
1692464400,1690.38,1690.82,1676.53,1680.64,25.27063963,55
1692468000,1679.13,1680.61,1676.06,1680.61,69.10911124,65
1692471600,1678.87,1680.15,1678.22,1679.35,13.7544247,24
1692475200,1677.81,1678.09,1668.04,1671.43,22.77629174,51
1692478800,1671.01,1673.46,1669.39,1669.39,2.52265105,25
1692482400,1669.29,1669.29,1665.47,1665.47,4.24113862,22
1692486000,1666.52,1670.0,1666.19,1669.77,230.00645768,78
1692489600,1670.19,1673.9,1668.51,1673.9,0.63583047,9
1692493200,1675.28,1675.28,1666.16,1666.78,2.03940916,8
1692496800,1666.36,1669.85,1666.05,1669.85,19.89461391,18
1692500400,1669.59,1669.59,1668.19,1668.19,0.40206406,7
1692504000,1668.68,1669.19,1666.17,1667.36,31.17597698,24
1692507600,1667.79,1669.75,1665.02,1665.02,1.58439297,14
1692511200,1665.7,1665.7,1662.99,1662.99,18.21930957,13
1692514800,1663.5,1666.58,1663.5,1665.51,24.13696703,31
1692518400,1666.0,1669.31,1665.18,1669.31,39.36692514,30
1692522000,1669.31,1670.81,1667.29,1670.81,17.46848559,25
1692525600,1670.85,1672.75,1670.12,1672.31,33.31040036,69
1692529200,1672.82,1675.47,1672.36,1675.47,13.0817298,59
1692532800,1675.4,1677.11,1673.66,1676.46,8.55395499,42
1692536400,1677.46,1678.91,1675.61,1678.91,12.22967878,24
1692540000,1676.14,1676.14,1668.79,1669.15,129.92130695,79
1692543600,1668.28,1671.89,1666.0,1670.83,6.00705657,36
1692547200,1670.59,1670.67,1666.03,1668.51,22.35512646,29
1692550800,1668.89,1677.58,1667.04,1674.78,27.04648211,42
1692554400,1674.36,1678.68,1674.36,1676.05,21.88792532,32
1692558000,1676.18,1678.59,1675.86,1678.1,15.77073352,21
1692561600,1679.2,1693.89,1679.2,1689.28,3.99918351,43
1692565200,1689.86,1689.86,1681.57,1682.02,4.19556681,48
1692568800,1684.07,1685.19,1681.93,1683.43,21.4302624,22
1692572400,1683.9,1684.98,1681.56,1684.98,5.6191382,22
1692576000,1684.98,1684.98,1679.69,1682.16,66.70767428,59
1692579600,1684.28,1684.58,1679.88,1681.89,9.11684965,36
1692583200,1682.65,1683.0,1678.05,1679.02,2.09851593,16
1692586800,1679.02,1679.61,1675.88,1676.33,10.25786335,32
1692590400,1677.14,1677.17,1676.0,1676.74,4.93948275,20
1692594000,1676.65,1686.88,1676.63,1680.36,36.76689345,34
1692597600,1677.75,1678.0,1672.13,1672.5,14.07825607,44
1692601200,1671.06,1672.51,1671.01,1672.28,10.3082323,26
1692604800,1672.95,1674.84,1669.68,1672.15,6.01112371,22
1692608400,1671.74,1675.05,1669.61,1671.61,46.48026649,32
1692612000,1670.85,1670.85,1661.13,1666.88,257.64595343,140
1692615600,1667.2,1672.63,1666.79,1672.63,10.19167571,18
1692619200,1672.82,1675.93,1672.78,1672.78,75.99984306,81
1692622800,1671.44,1676.33,1668.01,1676.33,6.44327121,27
1692626400,1677.46,1682.45,1672.76,1676.0,5.77619808,34
1692630000,1674.82,1674.82,1650.63,1657.82,311.83139628,125
1692633600,1657.33,1662.75,1657.26,1660.48,7.04084416,42
1692637200,1661.26,1664.99,1660.14,1664.97,62.5617597,30
1692640800,1664.99,1667.43,1664.66,1665.49,259.29429246,41
1692644400,1665.71,1674.12,1665.71,1672.9,76.94953084,45
1692648000,1672.14,1674.63,1672.09,1672.09,13.33817087,30
1692651600,1672.1,1674.9,1669.81,1673.0,3.46209767,26
1692655200,1672.99,1673.0,1667.79,1667.79,37.52580048,39
1692658800,1667.02,1669.38,1666.62,1667.39,7.3861575,40
1692662400,1668.53,1669.12,1665.42,1666.94,120.24856765,56
1692666000,1667.39,1667.39,1664.86,1664.86,6.07960615,15
1692669600,1664.02,1666.59,1662.99,1666.58,8.48873116,19
1692673200,1664.7,1664.7,1662.62,1663.46,2.39190525,9
1692676800,1663.95,1663.95,1662.81,1663.06,2.56404877,16
1692680400,1664.04,1664.08,1662.29,1663.49,1.98612179,15
1692684000,1663.21,1664.02,1662.14,1663.25,13.47445248,13
1692687600,1665.24,1667.02,1665.24,1666.19,2.65909601,22
1692691200,1666.8,1666.98,1664.99,1664.99,6.13502202,19
1692694800,1665.0,1666.57,1664.44,1664.44,66.17449897,42
1692698400,1664.44,1665.46,1662.64,1662.64,5.39477218,25
1692702000,1662.65,1664.09,1660.99,1662.21,24.59875234,33
1692705600,1662.96,1667.12,1660.11,1665.78,27.47794639,52
1692709200,1663.14,1663.23,1653.62,1656.7,112.97974925,89
1692712800,1654.7,1659.57,1654.51,1655.29,169.00528365,49
1692716400,1655.38,1658.45,1648.0,1649.99,23.63056592,67
1692720000,1649.47,1649.69,1629.23,1647.67,212.26702194,255
1692723600,1646.37,1646.37,1620.5,1626.13,325.08464013,128
1692727200,1624.89,1641.7,1622.16,1636.78,8.63865097,37
1692730800,1636.9,1639.6,1625.13,1625.6,22.35694231,62
1692734400,1625.38,1631.62,1625.38,1631.26,4.46074742,38
1692738000,1630.96,1630.96,1577.27,1601.15,240.87466193,343
1692741600,1604.0,1621.96,1603.58,1620.79,141.09659947,101
1692745200,1619.92,1637.74,1618.61,1634.46,71.18058525,93
1692748800,1634.44,1640.79,1633.29,1633.29,27.98261671,70
1692752400,1631.33,1636.94,1630.14,1635.34,6.39605998,40
1692756000,1635.72,1636.87,1633.23,1634.19,90.16041475,51
1692759600,1634.93,1636.18,1631.8,1632.54,19.02634086,55
1692763200,1632.11,1639.12,1630.77,1639.12,1.9046244,23
1692766800,1638.46,1640.16,1634.03,1640.16,14.87571828,64
1692770400,1639.61,1654.53,1638.1,1645.85,31.02312102,74
1692774000,1645.65,1651.07,1642.97,1644.48,61.1491394,42
1692777600,1644.48,1648.5,1643.25,1643.48,14.98389302,41
1692781200,1644.83,1646.65,1643.64,1645.84,16.89768955,21
1692784800,1645.9,1646.95,1643.54,1644.2,19.17464553,34
1692788400,1643.22,1644.29,1641.01,1642.9,12.96406911,40
1692792000,1642.9,1644.76,1638.23,1638.23,17.46042492,40
1692795600,1638.84,1650.75,1634.49,1648.93,21.72976692,55
1692799200,1649.61,1657.44,1643.66,1655.9,585.27905702,185
1692802800,1653.89,1658.36,1652.69,1658.36,11.70330395,28
1692806400,1657.74,1685.91,1656.42,1683.02,50.22438241,158
1692810000,1681.13,1692.0,1681.13,1685.09,64.78696601,109
1692813600,1682.54,1685.37,1677.2,1679.24,88.94528345,47
1692817200,1679.43,1701.39,1678.61,1689.6,84.84215998,109
1692820800,1686.55,1690.93,1681.56,1684.78,4.5265817,45
1692824400,1684.78,1684.79,1661.85,1664.52,37.67392899,97
1692828000,1664.72,1677.41,1664.72,1676.64,11.76237264,31
1692831600,1677.31,1681.53,1677.31,1679.19,3.82618885,19
1692835200,1679.99,1681.95,1679.99,1680.91,1.85789471,8
1692838800,1681.96,1682.35,1674.11,1674.11,33.30744816,30
1692842400,1674.93,1677.14,1674.11,1674.11,14.69399382,22
1692846000,1673.5,1675.84,1673.5,1675.13,3.62314715,10
1692849600,1675.95,1675.95,1673.63,1673.63,0.54511898,5
1692853200,1677.35,1677.36,1674.57,1675.19,29.00004161,26
1692856800,1673.74,1678.43,1673.74,1678.42,2.65365995,12
1692860400,1675.57,1676.85,1674.41,1674.79,6.64295297,30
1692864000,1673.97,1673.97,1671.44,1671.95,14.78146148,43
1692867600,1675.75,1677.28,1667.52,1667.52,15.38988463,44
1692871200,1667.52,1670.22,1667.46,1670.22,12.24690176,29
1692874800,1670.76,1673.5,1670.33,1670.33,0.5125403,10
1692878400,1667.46,1669.27,1665.56,1668.0,32.99290823,67
1692882000,1668.07,1668.32,1662.23,1665.39,28.73788482,48
1692885600,1665.01,1665.85,1645.03,1649.57,189.16795744,134
1692889200,1645.09,1648.1,1642.03,1643.75,48.77393057,71
1692892800,1644.1,1654.6,1644.02,1652.84,46.0129121,40
1692896400,1650.95,1651.41,1637.2,1648.02,55.18962849,68
1692900000,1648.85,1648.85,1643.94,1644.99,3.4012287,17
1692903600,1645.12,1652.97,1645.12,1650.33,5.56905493,23
1692907200,1650.1,1654.53,1645.01,1648.84,31.31791231,66
1692910800,1651.86,1654.57,1651.13,1654.19,80.42731418,28
1692914400,1654.5,1655.65,1652.86,1654.74,2.28217761,17
1692918000,1654.81,1664.47,1651.95,1660.58,8.65549037,47
1692921600,1661.66,1661.67,1656.79,1657.33,41.7678586,22
1692925200,1657.21,1658.68,1654.55,1658.67,10.18735492,16
1692928800,1660.42,1663.97,1659.01,1659.01,1.20197239,9
1692932400,1658.86,1658.86,1647.62,1655.48,5.71322613,35
1692936000,1655.05,1655.05,1649.13,1649.13,1.8800806,21
1692939600,1648.81,1653.56,1647.35,1653.56,1.02886463,14
1692943200,1653.56,1653.56,1648.99,1649.74,1.78817336,15
1692946800,1651.46,1653.09,1650.52,1651.12,5.91344668,21
1692950400,1651.49,1657.44,1651.49,1654.63,1.70223867,16
1692954000,1653.73,1656.14,1652.92,1652.92,3.75541246,39
1692957600,1652.47,1654.83,1651.98,1651.98,42.7429717,37
1692961200,1652.31,1655.1,1652.31,1653.23,17.33771282,60
1692964800,1654.48,1656.56,1654.31,1654.43,5.69901937,41
1692968400,1654.44,1663.29,1654.44,1656.26,20.90618794,59
1692972000,1655.2,1674.12,1639.53,1639.53,62.4803069,180
1692975600,1639.5,1656.6,1637.36,1645.67,52.53091019,58
1692979200,1648.21,1651.11,1642.98,1645.31,2.48844187,21
1692982800,1645.05,1646.81,1637.35,1643.14,20.18788,45
1692986400,1642.45,1655.41,1641.89,1654.44,30.05527593,77
1692990000,1654.28,1654.28,1645.6,1647.09,18.0522013,72
1692993600,1647.18,1651.06,1646.16,1650.42,8.15591813,45
1692997200,1648.94,1651.85,1648.28,1651.85,35.15475602,58
1693000800,1651.13,1654.09,1649.64,1654.09,24.22866368,65
1693004400,1653.82,1655.03,1653.81,1653.82,25.01840189,43
1693008000,1653.99,1655.38,1651.98,1652.22,125.88059839,57
1693011600,1652.23,1654.94,1651.86,1651.88,11.63404418,47
1693015200,1651.83,1655.31,1651.83,1654.68,11.7791422,29
1693018800,1654.71,1655.2,1653.73,1654.64,7.72408913,24
1693022400,1654.53,1654.56,1652.22,1652.92,36.15563361,26
1693026000,1653.09,1653.35,1651.61,1652.49,8.73199782,25
1693029600,1651.5,1653.42,1651.08,1653.31,4.65454495,21
1693033200,1653.68,1653.86,1652.75,1652.75,5.17260261,27
1693036800,1652.74,1653.9,1647.18,1650.5,18.36634566,55
1693040400,1650.46,1650.46,1647.76,1649.74,11.04753245,29
1693044000,1649.2,1650.22,1649.2,1650.03,4.87846612,40
1693047600,1650.03,1650.76,1650.02,1650.48,6.31656349,27
1693051200,1650.5,1650.65,1647.14,1649.98,14.50950863,69
1693054800,1649.98,1650.73,1649.31,1650.73,16.1606034,57
1693058400,1650.63,1652.61,1650.34,1651.97,1.66942262,25
1693062000,1652.56,1652.91,1651.35,1651.67,3.77774163,26
1693065600,1651.74,1652.11,1647.22,1648.82,7.53274311,38
1693069200,1647.86,1648.06,1644.59,1644.96,7.63221455,37
1693072800,1646.01,1646.01,1644.4,1645.85,5.64226823,44
1693076400,1645.72,1646.41,1645.27,1646.18,6.57119338,33
1693080000,1646.18,1647.86,1645.77,1647.63,5.08087912,48
1693083600,1647.48,1650.47,1647.34,1649.12,9.46850045,40
1693087200,1649.3,1649.81,1648.1,1648.1,15.81624881,39
1693090800,1648.59,1648.59,1645.35,1647.13,9.47854976,42
1693094400,1646.89,1649.23,1646.48,1647.81,20.54707469,44
1693098000,1647.42,1649.75,1646.57,1649.75,11.05403515,58
1693101600,1649.97,1649.98,1647.17,1647.17,9.13107195,26
1693105200,1647.17,1647.85,1647.17,1647.7,5.48455864,22
1693108800,1647.7,1650.78,1647.7,1650.78,2.43196524,17
1693112400,1652.16,1654.31,1651.32,1651.32,7.64458479,27
1693116000,1651.5,1651.82,1648.66,1650.29,4.31335678,38
1693119600,1650.06,1650.19,1648.99,1649.2,9.89352544,40
1693123200,1648.7,1651.54,1647.92,1650.92,3.61251251,30
1693126800,1649.96,1649.96,1649.02,1649.03,0.83475951,5
1693130400,1650.92,1652.34,1650.92,1652.34,3.13554323,16
1693134000,1650.64,1651.13,1649.45,1649.45,4.01308613,21
1693137600,1649.45,1651.0,1648.99,1651.0,28.51268738,48
1693141200,1651.03,1652.56,1650.57,1650.99,1.61650623,19
1693144800,1651.0,1657.81,1650.99,1657.66,3.7076703,40
1693148400,1658.55,1658.55,1655.33,1655.33,16.64314766,30
1693152000,1655.32,1659.53,1655.15,1659.32,15.12151588,25
1693155600,1659.3,1659.3,1651.61,1651.61,3.20852365,19
1693159200,1651.2,1655.39,1651.2,1654.86,3.01823143,16
1693162800,1654.59,1657.68,1654.59,1657.68,1.5615499,11
1693166400,1654.47,1654.59,1653.94,1654.36,6.40922583,23
1693170000,1654.34,1657.44,1652.51,1652.51,2.3809633,15
1693173600,1652.14,1656.97,1652.14,1656.97,20.11297334,23
1693177200,1657.69,1658.0,1656.51,1658.0,36.59945397,31
1693180800,1656.93,1656.93,1650.04,1650.5,5.29643645,7
1693184400,1651.01,1651.48,1648.51,1648.99,6.80815451,27
1693188000,1649.21,1651.94,1649.21,1651.21,1.42578352,8
1693191600,1650.95,1651.04,1649.68,1649.94,32.225382,18
1693195200,1650.13,1650.23,1649.67,1650.23,0.2771786,5
1693198800,1650.27,1651.0,1637.86,1643.26,18.58517879,62
1693202400,1642.54,1645.01,1642.13,1643.29,5.5679389,16
1693206000,1643.41,1643.69,1639.84,1641.67,39.41630364,30
1693209600,1642.81,1643.0,1641.04,1642.42,8.4078801,46
1693213200,1641.85,1641.85,1624.42,1634.82,126.83456567,167
1693216800,1636.48,1637.74,1634.5,1637.74,6.39304694,32
1693220400,1638.27,1639.95,1637.88,1639.78,11.30646452,36
1693224000,1640.0,1662.49,1640.0,1654.59,18.56485413,111
1693227600,1656.11,1656.11,1648.87,1648.87,24.81973669,33
1693231200,1647.09,1653.21,1647.09,1649.17,33.87078034,43
1693234800,1651.53,1653.0,1645.59,1646.81,61.17742734,28
1693238400,1648.97,1652.03,1648.43,1651.51,127.50723258,99
1693242000,1651.69,1654.61,1650.83,1650.99,29.21328327,45
1693245600,1649.9,1650.67,1647.88,1649.84,9.41728584,27
1693249200,1651.0,1652.74,1640.26,1646.84,15.57242829,62
1693252800,1646.74,1648.22,1645.55,1647.03,1.33974249,25
1693256400,1646.79,1647.47,1644.46,1644.46,3.60244766,23
1693260000,1646.66,1650.63,1645.68,1650.08,1.26750398,12
1693263600,1650.82,1655.46,1650.82,1653.51,1.50944679,16
1693267200,1653.14,1656.32,1653.14,1656.32,15.00942166,17
1693270800,1656.95,1661.37,1654.84,1655.88,73.19974152,42
1693274400,1655.05,1655.05,1652.64,1652.98,0.34353132,10
1693278000,1652.65,1653.02,1651.67,1652.57,0.25724523,7
1693281600,1652.78,1653.66,1651.4,1651.4,3.96071001,17
1693285200,1651.11,1651.68,1650.36,1651.68,1.21295256,9
1693288800,1649.23,1649.32,1646.39,1647.49,2.37739037,19
1693292400,1646.4,1652.03,1645.4,1645.4,17.01086776,102
1693296000,1645.7,1647.9,1645.7,1646.34,10.11880799,28
1693299600,1645.31,1647.56,1645.31,1646.38,0.85934839,13
1693303200,1645.15,1645.44,1641.7,1643.93,17.27815803,39
1693306800,1644.19,1645.46,1641.19,1642.67,6.98447401,25
1693310400,1642.28,1645.34,1641.06,1645.11,3.54847237,31
1693314000,1645.48,1648.84,1642.91,1645.54,34.06383459,32
1693317600,1646.6,1736.49,1646.6,1720.74,500.56729249,814
1693321200,1720.74,1725.0,1711.0,1713.92,129.28029358,121
1693324800,1715.02,1743.77,1711.0,1734.96,193.47575157,269
1693328400,1733.1,1742.44,1731.67,1736.09,68.76609051,94
1693332000,1734.12,1739.71,1732.53,1736.68,6.87384711,35
1693335600,1735.09,1741.71,1733.38,1737.87,19.40773662,46
1693339200,1738.0,1741.0,1726.88,1726.88,133.91609582,168
1693342800,1726.74,1732.65,1726.74,1731.73,4.89591717,23
1693346400,1732.82,1732.82,1728.13,1730.26,28.54925584,27
1693350000,1729.84,1730.03,1723.83,1730.03,14.16759204,30
1693353600,1730.0,1730.17,1723.24,1723.24,7.48589887,16
1693357200,1723.07,1723.07,1715.57,1718.09,3.63679908,32
1693360800,1718.95,1719.49,1716.16,1717.12,27.96531167,12
1693364400,1716.04,1718.94,1714.73,1718.71,0.61076397,9
1693368000,1720.73,1720.73,1718.52,1719.51,30.90592744,23
1693371600,1719.12,1720.33,1718.0,1720.17,63.59793751,28
1693375200,1720.67,1720.67,1716.55,1717.92,6.59300379,28
1693378800,1717.69,1718.83,1716.47,1716.47,145.40372065,123
1693382400,1717.79,1719.53,1716.05,1718.79,7.9389873,31
1693386000,1718.62,1718.62,1712.16,1715.32,17.33862617,50
1693389600,1715.44,1720.59,1715.41,1720.59,4.30510556,43
1693393200,1719.96,1720.01,1716.08,1716.08,29.26400495,45
1693396800,1715.6,1720.56,1713.62,1717.61,190.36664248,113
1693400400,1717.42,1722.17,1704.65,1720.0,150.66943745,110
1693404000,1717.74,1719.65,1697.25,1702.05,39.26710788,101
1693407600,1702.75,1707.44,1698.0,1703.16,34.44601888,48
1693411200,1703.25,1704.25,1696.24,1700.57,36.19042794,42
1693414800,1699.69,1704.33,1697.91,1701.27,5.12392726,25
1693418400,1700.59,1704.78,1697.69,1703.92,3.64124601,25
1693422000,1703.54,1704.01,1702.13,1703.2,58.32631393,60
1693425600,1702.12,1705.0,1701.38,1703.88,27.94809228,22
1693429200,1704.32,1707.45,1702.39,1703.6,3.52009512,22
1693432800,1703.63,1703.63,1702.61,1703.38,0.74215452,7
1693436400,1703.28,1706.62,1703.28,1705.18,2.38176533,15
1693440000,1704.98,1704.98,1700.59,1701.47,2.73524075,18
1693443600,1701.62,1702.32,1700.35,1700.35,6.00880809,15
1693447200,1700.21,1700.9,1700.0,1700.13,4.25408024,10
1693450800,1700.25,1700.25,1698.2,1699.27,3.01081042,8
1693454400,1699.82,1702.76,1699.82,1701.59,5.62238296,33
1693458000,1703.63,1704.68,1703.21,1703.98,3.00289835,13
1693461600,1703.58,1705.03,1703.1,1705.0,8.30848274,21
1693465200,1704.81,1706.99,1704.08,1706.71,30.30653885,59
1693468800,1706.52,1707.63,1705.61,1705.79,31.82571416,48
1693472400,1706.57,1706.76,1704.19,1704.82,10.71198551,45
1693476000,1704.82,1705.27,1704.66,1705.27,5.97835802,40
1693479600,1705.51,1724.36,1705.51,1714.02,126.55368137,137
1693483200,1714.21,1714.35,1706.42,1708.5,42.10893826,100
1693486800,1708.36,1708.36,1700.43,1704.0,19.96255749,76
1693490400,1704.45,1705.54,1699.11,1705.4,42.58258664,107
1693494000,1704.52,1704.52,1679.72,1687.74,94.84892798,213
1693497600,1688.52,1688.97,1650.57,1650.57,133.17213816,214
1693501200,1650.27,1661.87,1645.16,1658.92,54.96808371,132
1693504800,1661.26,1665.3,1655.98,1658.01,184.76967323,132
1693508400,1657.27,1658.52,1646.64,1657.62,24.52982943,109
1693512000,1657.0,1657.0,1647.24,1647.83,145.56562645,189
1693515600,1648.88,1648.88,1632.29,1647.05,54.56593751,186
1693519200,1644.76,1649.06,1644.76,1649.06,108.0840416,55
1693522800,1649.0,1649.13,1644.85,1645.93,10.92453511,26
1693526400,1645.39,1653.35,1645.39,1653.22,19.12228956,26
1693530000,1651.49,1651.87,1649.61,1649.61,9.09746557,22
1693533600,1650.41,1652.09,1650.08,1650.22,9.65336523,22
1693537200,1650.06,1652.92,1649.05,1652.92,1.62852895,16
1693540800,1652.29,1652.29,1651.09,1651.62,17.98548303,12
1693544400,1649.75,1649.75,1648.63,1648.73,13.77018596,17
1693548000,1648.56,1649.36,1644.92,1644.92,22.36199853,22
1693551600,1644.96,1646.7,1644.13,1646.26,74.94743183,66
1693555200,1646.42,1648.46,1643.84,1643.87,73.07390603,87
1693558800,1644.11,1647.09,1642.82,1645.14,9.49431875,52
1693562400,1645.53,1645.57,1642.43,1642.81,26.32550458,84
1693566000,1642.82,1648.14,1642.3,1647.86,16.85120696,111
1693569600,1646.98,1651.62,1643.39,1645.66,23.98514267,93
1693573200,1646.68,1646.68,1636.2,1644.37,36.05741245,90
1693576800,1643.08,1645.43,1623.03,1630.22,96.41696403,164
1693580400,1631.01,1640.72,1625.92,1634.76,25.54871943,89
1693584000,1634.84,1636.32,1625.96,1626.61,37.78600639,86
1693587600,1625.65,1625.65,1603.94,1606.78,109.79347505,250
1693591200,1606.52,1626.45,1605.19,1619.48,186.57964806,181
1693594800,1618.82,1619.01,1613.94,1618.83,77.36269694,74
1693598400,1619.29,1635.33,1616.58,1629.78,12.77231329,78
1693602000,1628.51,1631.95,1625.44,1628.75,38.96977982,31
1693605600,1629.44,1629.44,1626.12,1627.15,5.38224454,15
1693609200,1626.87,1630.81,1626.87,1628.96,7.73056387,14
1693612800,1628.96,1633.02,1628.96,1629.68,5.83099963,17
1693616400,1631.29,1631.29,1629.23,1629.95,2.04189997,9
1693620000,1630.55,1631.57,1629.54,1629.54,2.38635233,10
1693623600,1631.03,1632.79,1630.12,1632.79,1.48635699,7
1693627200,1632.71,1632.71,1631.1,1631.81,19.08920686,19
1693630800,1633.02,1635.0,1633.02,1633.84,4.61801118,19
1693634400,1632.67,1632.67,1630.49,1630.68,4.95647939,18
1693638000,1630.82,1632.42,1630.82,1631.76,6.59500848,20
1693641600,1632.25,1632.78,1630.56,1631.69,6.92631028,27
1693645200,1630.8,1633.92,1630.79,1633.86,24.10033796,37
1693648800,1633.67,1635.89,1633.35,1634.23,32.20656879,51
1693652400,1634.62,1636.29,1633.66,1634.91,18.97409296,63
1693656000,1634.59,1634.88,1633.83,1634.88,29.95971946,63
1693659600,1634.82,1638.0,1633.48,1637.25,47.97479791,120
1693663200,1637.01,1639.5,1635.37,1637.84,18.71341024,71
1693666800,1639.01,1644.66,1638.77,1639.07,78.64887438,87
1693670400,1639.07,1640.92,1635.64,1636.18,35.95078544,106
1693674000,1636.52,1638.21,1633.18,1633.93,10.57120543,46
1693677600,1632.94,1632.97,1630.13,1630.68,15.10697783,26
1693681200,1631.09,1634.54,1631.02,1633.88,64.5924143,32
1693684800,1632.93,1634.05,1632.93,1634.05,6.49643544,9
1693688400,1633.85,1637.54,1633.85,1635.83,1.75530345,12
1693692000,1636.66,1637.22,1636.33,1637.22,8.51138641,13
1693695600,1637.19,1638.66,1636.14,1636.69,11.49319528,11
1693699200,1636.95,1637.26,1633.87,1633.87,7.44527895,8
1693702800,1634.56,1636.07,1634.56,1635.89,2.44277219,3
1693706400,1633.29,1634.85,1632.5,1634.55,0.78353218,13
1693710000,1634.87,1634.87,1633.77,1634.87,52.36127892,23
1693713600,1634.87,1636.25,1634.87,1635.87,4.87580655,7
1693717200,1635.75,1636.01,1635.75,1636.01,0.05224521,2
1693720800,1635.84,1639.01,1635.84,1636.45,7.87336949,14
1693724400,1636.13,1636.14,1634.84,1634.84,13.31111569,8
1693728000,1635.68,1635.68,1631.5,1632.37,4.06342493,27
1693731600,1632.15,1634.13,1632.15,1633.39,2.90949649,9
1693735200,1633.13,1634.74,1632.7,1634.74,1.14815795,13
1693738800,1634.57,1634.95,1633.51,1633.55,1.83196703,12
1693742400,1634.53,1640.57,1632.23,1632.25,14.73563162,40
1693746000,1631.56,1636.02,1628.3,1636.01,65.26246603,39
1693749600,1634.65,1637.39,1633.97,1636.28,3.73237267,20
1693753200,1636.11,1636.11,1634.74,1634.74,3.16157377,13
1693756800,1633.34,1634.86,1625.63,1625.63,15.59983828,35
1693760400,1630.06,1631.54,1627.34,1631.54,13.00924871,22
1693764000,1631.69,1641.52,1631.64,1636.8,19.34851958,32
1693767600,1637.63,1638.78,1635.87,1638.78,51.05140373,41
1693771200,1639.28,1646.0,1637.1,1641.36,47.06323485,64
1693774800,1644.25,1644.25,1637.78,1637.94,18.7224156,23
1693778400,1637.69,1637.85,1635.74,1635.82,3.35015465,8
1693782000,1636.14,1636.96,1634.71,1636.02,27.0874992,25
1693785600,1635.9,1636.39,1634.8,1635.15,4.43984463,15
1693789200,1635.14,1635.97,1632.57,1632.89,1.19853872,11
1693792800,1636.28,1640.8,1635.78,1640.8,34.67629683,17
1693796400,1642.21,1642.21,1639.22,1639.22,0.14633023,5
1693800000,1638.25,1638.78,1637.92,1638.78,41.49622468,16
1693803600,1637.79,1638.18,1635.33,1635.91,21.0615632,21
1693807200,1635.97,1638.25,1635.89,1637.44,2.73175917,15
1693810800,1637.63,1639.9,1637.63,1639.87,32.96876198,54
1693814400,1639.86,1640.84,1638.4,1639.25,18.87661873,46
1693818000,1639.4,1640.52,1635.94,1637.13,8.6761884,22
1693821600,1637.12,1637.12,1634.51,1635.27,29.95527262,43
1693825200,1635.67,1635.74,1632.57,1633.73,10.9052333,42
1693828800,1632.47,1632.92,1629.21,1629.21,20.40074225,25
1693832400,1630.05,1633.75,1630.05,1633.28,20.65503375,26
1693836000,1632.64,1633.75,1630.0,1630.14,4.6749646,22
1693839600,1630.01,1633.16,1621.0,1626.1,79.82931851,111
1693843200,1626.06,1629.47,1625.68,1628.69,22.88837662,32
1693846800,1627.72,1634.41,1627.72,1631.28,23.23633024,18
1693850400,1631.01,1632.4,1630.09,1631.21,2.02987122,13
1693854000,1630.96,1631.58,1628.19,1631.12,93.83818907,38
1693857600,1631.88,1632.46,1628.13,1628.13,12.66005013,33
1693861200,1628.48,1628.48,1620.09,1620.09,6.83115886,35
1693864800,1620.89,1624.48,1617.24,1624.36,29.32090654,44
1693868400,1624.22,1632.88,1624.22,1630.23,24.06452773,45
1693872000,1630.12,1630.12,1625.95,1625.95,2.92626303,15
1693875600,1626.7,1626.7,1624.45,1625.66,2.80174433,7
1693879200,1623.76,1623.76,1619.48,1619.48,0.67701336,12
1693882800,1619.47,1619.47,1611.3,1614.78,18.97875893,37
1693886400,1619.87,1622.37,1619.87,1622.37,1.69556828,7
1693890000,1622.07,1624.81,1621.74,1624.81,26.04290131,45
1693893600,1625.61,1625.61,1621.93,1622.33,39.03931594,55
1693897200,1621.95,1626.47,1621.85,1626.23,19.78188217,27
1693900800,1626.0,1627.52,1621.24,1623.15,177.4790026,60
1693904400,1624.62,1634.96,1624.07,1631.87,139.01465743,99
1693908000,1633.02,1636.79,1632.66,1634.11,24.01591092,35
1693911600,1634.61,1636.09,1632.22,1636.09,7.00541772,18
1693915200,1636.25,1639.25,1630.46,1638.08,96.23435079,96
1693918800,1637.27,1637.27,1630.69,1630.75,5.17393772,20
1693922400,1629.55,1631.02,1628.27,1630.15,37.12759945,30
1693926000,1630.7,1646.77,1630.7,1636.47,42.52673686,81
1693929600,1637.03,1643.0,1636.93,1638.3,53.74512709,68
1693933200,1637.01,1638.61,1634.22,1635.98,62.17402387,47
1693936800,1636.52,1636.8,1633.53,1636.8,11.37339165,18
1693940400,1637.67,1638.27,1633.46,1633.46,7.08155711,20
1693944000,1632.58,1632.63,1628.34,1629.63,18.05241956,40
1693947600,1629.83,1633.61,1629.83,1631.36,4.86215697,14
1693951200,1630.22,1631.9,1630.22,1631.9,2.42681796,10
1693954800,1631.75,1634.2,1631.75,1634.17,0.50773873,9
1693958400,1634.18,1634.18,1634.11,1634.11,0.31882505,4
1693962000,1634.15,1635.81,1633.45,1633.7,8.69860703,23
1693965600,1633.86,1639.47,1633.24,1639.47,2.7749532,13
1693969200,1639.98,1640.06,1633.8,1634.12,11.92049755,29
1693972800,1632.7,1633.74,1631.17,1631.17,0.83027943,7
1693976400,1631.17,1631.18,1629.22,1629.22,0.2457688,10
1693980000,1629.22,1631.23,1629.18,1630.8,54.57232568,39
1693983600,1630.79,1631.73,1629.43,1629.46,51.86104299,31
1693987200,1629.69,1632.36,1629.14,1632.36,7.2237651,34
1693990800,1632.16,1632.61,1630.26,1632.61,16.93109857,25
1693994400,1632.25,1634.93,1631.11,1631.81,155.85630536,86
1693998000,1632.5,1635.96,1632.16,1632.55,69.07920879,60
1694001600,1632.47,1633.96,1631.97,1632.85,7.38780944,14
1694005200,1632.27,1634.65,1630.27,1632.49,1627.69655095,142
1694008800,1631.26,1631.26,1620.91,1623.47,37.21302615,55
1694012400,1624.03,1625.35,1620.88,1624.95,62.19980909,40
1694016000,1622.74,1625.13,1622.2,1624.13,10.34954739,25
1694019600,1623.17,1667.87,1610.79,1647.8,454.64707052,410
1694023200,1647.48,1654.95,1625.96,1629.12,64.28518894,157
1694026800,1628.23,1632.36,1627.46,1631.75,22.25592909,26
1694030400,1632.68,1634.05,1628.82,1628.82,44.66391723,28
1694034000,1628.52,1632.75,1628.52,1631.96,2.67810328,14
1694037600,1633.08,1634.49,1631.97,1631.97,39.99052451,39
1694041200,1633.63,1633.86,1633.07,1633.12,1.95616137,13
1694044800,1633.15,1633.58,1632.69,1633.58,1.85791404,11
1694048400,1634.36,1634.36,1632.84,1634.28,1.46562015,9
1694052000,1634.27,1637.29,1633.29,1633.88,11.4425116,28
1694055600,1633.95,1639.9,1633.53,1639.9,64.15386671,20
1694059200,1640.14,1641.52,1638.22,1638.33,8.87108178,23
1694062800,1638.44,1639.13,1638.44,1639.11,0.52219586,6
1694066400,1638.41,1639.06,1637.4,1637.4,21.52485555,22
1694070000,1637.45,1637.75,1635.7,1636.36,14.20329072,36
1694073600,1634.1,1634.31,1632.37,1633.55,9.59096444,34
1694077200,1633.55,1634.36,1632.31,1632.31,2.67067012,21
1694080800,1633.03,1633.59,1630.02,1630.9,35.73350378,39
1694084400,1631.03,1631.03,1626.94,1627.39,12.11503664,31
1694088000,1627.1,1629.84,1625.96,1626.04,17.95218132,42
1694091600,1626.17,1630.58,1626.17,1627.29,21.01361611,27
1694095200,1625.47,1631.38,1624.31,1631.38,60.13252253,64
1694098800,1631.31,1633.16,1628.81,1630.58,53.24623586,28
1694102400,1630.45,1639.85,1630.1,1635.41,29.1410722,36
1694106000,1634.01,1639.87,1632.15,1639.67,13.6189724,33
1694109600,1640.14,1640.14,1635.05,1636.62,38.35649356,38
1694113200,1636.65,1637.04,1633.33,1636.92,73.37514007,55
1694116800,1636.9,1638.5,1636.89,1638.5,100.03398585,39
1694120400,1640.0,1657.74,1640.0,1646.97,94.37370585,152
1694124000,1648.89,1653.92,1647.79,1651.04,5.0717815,19
1694127600,1651.17,1651.17,1645.04,1647.31,29.22196382,25
1694131200,1647.92,1654.14,1645.52,1654.14,65.7328465,17
1694134800,1653.66,1653.66,1648.5,1648.5,8.65464278,10
1694138400,1647.48,1647.77,1645.59,1645.59,1.43849184,9
1694142000,1645.6,1647.07,1645.6,1647.07,0.08229196,4
1694145600,1647.5,1650.8,1647.47,1649.86,2.03632889,12
1694149200,1647.58,1652.21,1647.39,1650.79,1.17946592,9
1694152800,1645.77,1646.19,1643.53,1645.09,22.47378416,49
1694156400,1645.5,1648.47,1644.92,1646.47,35.03251584,72
1694160000,1646.78,1647.2,1644.11,1645.98,119.16058923,130
1694163600,1642.99,1644.75,1636.66,1636.92,37.17110935,72
1694167200,1635.07,1635.08,1615.86,1626.4,135.59122607,257
1694170800,1626.19,1628.37,1626.18,1626.19,41.71525173,116
1694174400,1626.19,1630.47,1625.78,1628.74,15.83038204,62
1694178000,1629.16,1633.85,1627.95,1631.17,16.33239382,26
1694181600,1630.46,1633.97,1630.34,1631.75,18.39746116,25
1694185200,1629.79,1631.82,1627.99,1628.46,40.8913955,23
1694188800,1628.94,1631.07,1626.02,1626.02,58.48239087,85
1694192400,1627.65,1629.73,1626.52,1629.17,2.11463643,10
1694196000,1630.96,1630.96,1627.36,1628.5,2.02390684,12
1694199600,1628.5,1634.41,1627.03,1633.56,1.52257568,17
1694203200,1634.24,1636.47,1633.09,1636.46,1.40535103,10
1694206800,1636.47,1636.77,1634.13,1635.41,17.93056417,24
1694210400,1634.42,1635.82,1634.42,1635.78,0.4347417,7
1694214000,1635.71,1638.01,1635.71,1636.64,29.81352229,28
1694217600,1636.56,1636.94,1636.49,1636.9,0.70891216,7
1694221200,1635.08,1636.36,1634.92,1636.23,1.06490473,9
1694224800,1636.11,1636.2,1635.4,1635.65,1.78592367,9
1694228400,1635.19,1635.19,1633.74,1633.74,0.77753458,2
1694232000,1634.64,1634.64,1633.13,1633.25,10.64527151,12
1694235600,1634.15,1634.59,1632.44,1632.44,0.73847781,7
1694239200,1633.37,1634.33,1633.37,1634.33,0.32111121,4
1694242800,1635.63,1635.63,1633.88,1634.63,19.16925844,49
1694246400,1634.94,1634.94,1633.55,1634.18,22.96558499,53
1694250000,1634.14,1636.08,1633.64,1634.76,22.95543982,65
1694253600,1634.86,1634.86,1633.6,1633.6,9.30729868,19
1694257200,1634.18,1635.12,1633.74,1634.93,13.87262046,24
1694260800,1634.55,1635.58,1634.31,1635.23,13.80183565,51
1694264400,1634.48,1634.48,1630.57,1631.9,26.55677625,59
1694268000,1630.8,1632.73,1629.94,1632.73,81.75220818,134
1694271600,1635.11,1635.93,1634.21,1635.0,24.51759374,75
1694275200,1635.05,1636.69,1634.73,1635.57,1.39030365,14
1694278800,1635.39,1635.45,1634.7,1634.7,10.16346447,27
1694282400,1634.71,1634.71,1632.46,1633.61,16.59238251,22
1694286000,1632.59,1634.68,1632.59,1634.68,1.31694095,13
1694289600,1634.33,1634.33,1633.8,1633.8,3.00348303,9
1694293200,1633.59,1635.48,1633.5,1635.41,1.72916946,20
1694296800,1635.52,1636.73,1635.15,1636.46,4.291532,21
1694300400,1635.57,1635.57,1634.8,1635.09,2.08307024,10
1694304000,1634.21,1634.21,1631.54,1631.76,10.48047666,27
1694307600,1631.78,1632.06,1629.21,1630.86,3.36329034,18
1694311200,1631.52,1631.52,1630.11,1630.11,9.94,9
1694314800,1631.05,1631.25,1629.84,1631.17,9.36722109,29
1694318400,1631.18,1631.28,1619.92,1625.21,32.34847895,99
1694322000,1623.28,1626.03,1623.2,1625.94,7.8305342,29
1694325600,1627.62,1627.74,1626.74,1626.74,8.75146205,27
1694329200,1626.47,1626.65,1624.69,1624.83,12.04025823,43
1694332800,1624.75,1625.6,1623.39,1625.04,17.2878044,59
1694336400,1625.34,1626.07,1623.39,1623.39,13.00975748,38
1694340000,1623.97,1623.99,1622.44,1622.97,31.18793619,46
1694343600,1620.36,1626.58,1620.36,1624.78,6.80499801,33
1694347200,1624.33,1626.62,1624.26,1625.37,1.15773246,24
1694350800,1625.72,1627.86,1624.28,1626.45,6.49011457,25
1694354400,1626.88,1627.2,1622.4,1623.4,95.3376736,71
1694358000,1621.49,1621.49,1613.0,1619.76,139.61301907,314
1694361600,1619.15,1619.15,1600.0,1610.01,139.35159934,253
1694365200,1611.68,1612.47,1604.99,1606.41,65.29348043,94
1694368800,1608.04,1613.35,1608.04,1611.98,2.78845684,17
1694372400,1612.06,1616.16,1604.23,1616.16,32.3909332,35
1694376000,1616.27,1625.14,1615.13,1617.57,4.50516681,30
1694379600,1618.98,1624.99,1618.98,1622.25,15.7525411,20
1694383200,1621.89,1624.37,1620.28,1620.9,4.23162969,14
1694386800,1618.41,1618.53,1617.05,1617.19,1.01364015,7
1694390400,1617.68,1617.9,1604.35,1610.09,15.87413824,52
1694394000,1610.24,1612.27,1606.89,1609.37,2.60856495,9
1694397600,1608.28,1612.99,1608.26,1612.99,34.37868751,13
1694401200,1613.45,1613.45,1612.95,1613.12,6.71898684,11
1694404800,1612.63,1612.63,1608.31,1611.61,15.04005553,27
1694408400,1612.15,1615.18,1611.17,1615.18,13.53685451,14
1694412000,1616.81,1616.95,1615.14,1615.56,169.12773713,55
1694415600,1615.6,1615.6,1611.93,1612.38,5.47023921,16
1694419200,1612.19,1612.19,1605.16,1607.33,28.94614316,29
1694422800,1607.44,1607.46,1582.05,1594.91,105.19816452,205
1694426400,1592.38,1593.25,1577.25,1588.73,23.17672662,82
1694430000,1590.23,1590.23,1587.1,1587.1,13.78511312,32
1694433600,1587.18,1592.81,1586.72,1592.81,85.06336427,62
1694437200,1593.85,1596.84,1588.1,1588.5,98.26875964,57
1694440800,1587.73,1589.17,1551.01,1559.56,410.20603862,474
1694444400,1557.54,1564.4,1552.27,1563.27,188.35198158,168
1694448000,1561.34,1568.07,1558.14,1558.14,10.26764661,33
1694451600,1558.38,1563.65,1553.23,1563.65,35.5894913,43
1694455200,1562.86,1562.95,1555.61,1556.58,43.54173981,36
1694458800,1555.74,1557.24,1538.03,1538.03,153.83217771,257
1694462400,1538.68,1544.73,1532.48,1541.26,88.03225754,105
1694466000,1541.0,1547.0,1540.0,1544.25,943.54926581,79
1694469600,1545.08,1549.36,1545.08,1547.31,5.59961237,24
1694473200,1549.04,1552.15,1547.36,1552.08,90.12444735,62
1694476800,1552.09,1557.66,1549.69,1557.66,11.80677001,21
1694480400,1557.84,1557.84,1552.13,1554.2,41.48131374,27
1694484000,1552.41,1557.79,1552.41,1556.4,28.52578478,42
1694487600,1557.85,1594.14,1557.85,1585.7,242.41946975,181
1694491200,1588.59,1591.3,1585.11,1585.45,69.00420665,98
1694494800,1581.06,1581.06,1577.59,1579.23,15.74694195,30
1694498400,1583.72,1583.97,1579.41,1580.41,55.7757302,36
1694502000,1581.12,1581.12,1575.19,1580.29,25.65686619,33
1694505600,1580.44,1582.83,1576.81,1577.51,12.72297713,33
1694509200,1578.04,1589.28,1577.3,1589.28,14.26099862,33
1694512800,1587.33,1622.27,1586.79,1612.84,129.50660532,202
1694516400,1613.83,1614.88,1607.79,1609.61,13.79919818,33
1694520000,1609.78,1611.87,1604.9,1604.9,9.54838939,42
1694523600,1605.16,1609.14,1596.73,1609.07,32.16308021,96
1694527200,1610.1,1611.91,1596.95,1599.51,227.10311206,155
1694530800,1598.08,1604.14,1598.08,1604.14,164.29817172,46
1694534400,1603.98,1620.36,1597.7,1597.7,290.07204643,163
1694538000,1598.87,1600.01,1586.47,1588.44,106.33353987,89
1694541600,1586.61,1592.27,1586.08,1591.96,11.10227781,29
1694545200,1594.88,1607.55,1594.88,1600.14,8.62751299,46
1694548800,1599.51,1600.85,1598.88,1598.88,29.12034579,32
1694552400,1597.95,1603.9,1597.95,1601.29,69.59515403,26
1694556000,1599.85,1599.85,1596.97,1596.97,10.70746362,16
1694559600,1596.95,1596.95,1591.84,1592.74,9.82912093,20
1694563200,1590.73,1599.99,1590.58,1598.2,22.13588484,21
1694566800,1597.98,1600.0,1597.98,1599.89,13.32444593,19
1694570400,1598.12,1598.12,1596.75,1597.21,1.98316402,12
1694574000,1595.28,1595.28,1590.0,1590.0,0.18341832,5
1694577600,1590.56,1591.85,1588.77,1591.21,1.72991261,11
1694581200,1588.87,1588.87,1583.29,1583.98,2.78161091,28
1694584800,1583.55,1587.85,1583.29,1587.85,5.15644888,25
1694588400,1588.66,1603.46,1584.31,1584.31,61.38452021,112
1694592000,1585.96,1593.96,1585.96,1592.22,6.55573631,14
1694595600,1592.63,1600.37,1592.14,1600.37,1.56907913,16
1694599200,1600.96,1602.53,1597.01,1599.38,4.27750563,27
1694602800,1600.16,1605.3,1597.43,1603.71,136.44877676,84
1694606400,1604.59,1604.59,1593.88,1601.19,15.98957634,38
1694610000,1600.68,1600.68,1593.76,1595.75,14.55476794,23
1694613600,1596.22,1609.77,1594.13,1606.11,111.8627978,50
1694617200,1606.89,1618.19,1605.51,1608.3,16.63714569,43
1694620800,1609.82,1613.08,1609.82,1610.01,160.76491547,75
1694624400,1609.11,1610.41,1598.0,1598.0,40.96633337,51
1694628000,1598.02,1602.06,1598.02,1599.83,11.56055845,33
1694631600,1596.96,1602.27,1596.96,1601.01,1.94577475,19
1694635200,1599.82,1604.09,1599.82,1604.05,16.90449416,27
1694638800,1603.16,1605.82,1603.16,1605.3,4.97566389,20
1694642400,1605.68,1608.98,1605.68,1606.86,6.47817815,23
1694646000,1607.27,1608.78,1606.75,1606.75,3.63373564,6
1694649600,1606.82,1634.69,1606.82,1634.69,27.49841809,133
1694653200,1633.66,1636.47,1620.81,1622.15,27.54112191,51
1694656800,1621.35,1622.08,1617.78,1620.36,1.6677726,20
1694660400,1621.82,1622.09,1619.24,1619.24,0.48970926,8
1694664000,1620.66,1620.67,1614.7,1615.65,0.49473847,14
1694667600,1615.46,1615.94,1613.5,1613.5,5.29834354,12
1694671200,1615.92,1620.0,1615.92,1620.0,1.74712753,11
1694674800,1619.58,1622.63,1617.44,1621.15,66.50036163,34
1694678400,1621.42,1622.31,1618.37,1619.04,483.39495933,175
1694682000,1619.24,1620.99,1619.09,1619.55,35.87052688,59
1694685600,1619.24,1621.39,1618.54,1620.22,18.11289941,23
1694689200,1622.3,1625.31,1622.3,1624.9,38.68619875,58
1694692800,1625.0,1627.89,1619.47,1624.07,22.81923847,45
1694696400,1624.46,1632.27,1623.18,1625.16,80.37596286,83
1694700000,1626.92,1635.95,1623.74,1635.95,14.83344397,95
1694703600,1636.47,1643.62,1629.3,1634.4,75.95880396,115
1694707200,1635.16,1635.16,1628.3,1634.06,37.62981527,58
1694710800,1633.68,1638.14,1632.47,1637.56,169.40280155,161
1694714400,1635.86,1641.39,1630.46,1630.56,31.65590051,59
1694718000,1630.0,1635.92,1630.0,1635.92,6.15834686,22
1694721600,1635.91,1636.7,1628.76,1629.27,8.96551365,36
1694725200,1628.3,1628.88,1624.42,1625.49,4.80762981,45
1694728800,1628.12,1632.12,1628.12,1630.64,0.817543,16
1694732400,1629.55,1630.89,1625.39,1626.73,5.85946952,18
1694736000,1626.35,1627.89,1624.16,1624.16,8.51981153,16
1694739600,1624.93,1626.54,1624.93,1626.54,3.36063191,9
1694743200,1629.92,1635.56,1629.92,1632.25,3.77378172,31
1694746800,1633.63,1635.02,1632.95,1634.11,0.85909984,11
1694750400,1635.01,1635.95,1632.59,1634.0,1.87573985,16
1694754000,1633.19,1633.89,1630.06,1630.48,5.40174591,22
1694757600,1630.81,1632.17,1628.71,1630.42,5.19290103,33
1694761200,1630.42,1630.43,1627.45,1627.62,6.86053645,29
1694764800,1627.52,1629.8,1627.52,1629.8,3.20807028,24
1694768400,1630.67,1630.73,1627.45,1629.17,3.93707259,31
1694772000,1628.34,1630.14,1628.29,1630.14,2.57785148,18
1694775600,1629.57,1629.63,1618.69,1618.72,30.93692045,68
1694779200,1621.23,1623.15,1619.71,1619.84,4.02187588,39
1694782800,1620.33,1624.86,1620.33,1621.08,14.43805634,40
1694786400,1621.15,1622.36,1612.36,1614.24,10.0478681,52
1694790000,1614.49,1619.16,1614.49,1619.16,267.99277209,112
1694793600,1619.27,1621.38,1618.79,1620.87,24.52638023,29
1694797200,1621.6,1621.6,1619.1,1619.1,3.66922999,15
1694800800,1619.52,1621.31,1617.93,1619.31,26.99405569,27
1694804400,1619.72,1623.36,1619.72,1621.04,82.81654783,57
1694808000,1620.85,1622.19,1619.99,1621.9,3.003554,18
1694811600,1623.68,1636.72,1623.68,1628.76,11.79928148,86
1694815200,1632.78,1652.13,1632.28,1647.38,45.04781547,118
1694818800,1649.89,1652.0,1641.39,1641.39,26.0383496,61
1694822400,1641.47,1644.35,1640.94,1642.92,4.52135385,16
1694826000,1642.31,1643.17,1640.15,1642.55,3.94570272,12
1694829600,1644.99,1651.16,1644.91,1649.94,6.36602485,34
1694833200,1647.01,1647.41,1642.3,1642.3,2.94011835,12
1694836800,1641.39,1641.96,1640.6,1640.69,52.38368263,23
1694840400,1639.69,1640.38,1638.04,1638.67,5.37712308,21
1694844000,1638.76,1639.05,1635.67,1635.67,1.96506068,15
1694847600,1636.22,1636.7,1635.45,1636.7,0.96328225,8
1694851200,1636.15,1636.53,1634.65,1634.65,10.18343622,21
1694854800,1634.78,1636.5,1634.78,1636.37,6.11241653,25
1694858400,1634.0,1636.5,1632.57,1636.5,3.8854052,14
1694862000,1635.07,1635.61,1635.07,1635.6,2.1150023,8
1694865600,1635.16,1639.22,1634.96,1638.71,4.4235017,47
1694869200,1637.36,1637.41,1634.96,1634.97,5.58352241,32
1694872800,1634.96,1635.99,1634.0,1634.0,2.8071217,15
1694876400,1632.57,1636.17,1631.89,1635.47,1.07921071,12
1694880000,1634.46,1635.71,1633.71,1635.71,1.85169837,10
1694883600,1635.58,1638.66,1635.58,1638.66,4.5500257,16
1694887200,1637.19,1638.54,1635.83,1636.97,2.90702462,16
1694890800,1637.32,1637.32,1632.17,1633.56,1.00590311,10
1694894400,1632.99,1636.37,1632.99,1634.9,1.5086029,11
1694898000,1635.2,1637.73,1635.02,1635.69,3.39429417,17
1694901600,1635.45,1636.19,1635.29,1636.03,0.19162004,6
1694905200,1633.71,1635.48,1633.53,1634.56,71.3572108,36
1694908800,1633.9,1633.9,1625.0,1625.0,118.24021386,110
1694912400,1625.0,1626.03,1621.47,1626.03,94.35993475,27
1694916000,1625.37,1628.9,1625.37,1628.89,2.16665603,12
1694919600,1628.89,1629.7,1626.73,1628.63,7.80603836,14
1694923200,1628.94,1631.37,1628.39,1631.37,0.19963757,5
1694926800,1630.62,1631.45,1628.85,1629.75,16.35778862,22
1694930400,1629.24,1630.68,1629.24,1630.61,4.07455204,19
1694934000,1630.7,1631.15,1627.68,1627.68,5.61786397,15
1694937600,1627.35,1632.41,1627.35,1632.12,1.74541782,15
1694941200,1631.41,1633.48,1630.7,1633.48,1.30566127,12
1694944800,1633.49,1634.57,1633.18,1633.94,1.72126937,19
1694948400,1633.89,1634.47,1630.14,1630.14,98.9331673,45
1694952000,1630.0,1632.01,1630.0,1631.27,11.7056332,35
1694955600,1631.51,1631.51,1627.52,1627.52,77.78381968,53
1694959200,1629.05,1632.07,1628.64,1628.64,52.44986475,47
1694962800,1630.34,1630.86,1629.14,1629.64,5.04040756,22
1694966400,1629.52,1629.52,1624.48,1625.08,3.5806592,22
1694970000,1625.08,1625.08,1621.01,1621.01,1.0763253,14
1694973600,1621.0,1625.4,1619.36,1625.4,38.53189484,50
1694977200,1624.81,1626.3,1624.81,1625.56,3.5315884,11
1694980800,1625.61,1625.85,1615.59,1615.59,6.40212461,38
1694984400,1615.77,1619.8,1612.69,1619.58,41.55299037,45
1694988000,1618.61,1620.27,1616.4,1620.27,39.02729079,31
1694991600,1620.7,1622.33,1617.02,1622.33,20.86678906,22
1694995200,1622.79,1623.63,1606.06,1613.03,26.14929754,129
1694998800,1613.41,1616.2,1613.41,1616.2,0.32236827,10
1695002400,1615.54,1634.68,1615.54,1630.48,2.57625065,40
1695006000,1630.39,1630.76,1628.26,1628.62,1.42107796,11
1695009600,1631.05,1631.89,1629.8,1629.81,56.29040534,90
1695013200,1630.72,1634.68,1630.72,1632.09,4.33006135,20
1695016800,1630.23,1632.66,1630.23,1630.74,52.8521581,41
1695020400,1629.73,1636.47,1629.73,1634.07,16.73119638,33
1695024000,1634.05,1634.71,1631.4,1632.18,10.66389141,24
1695027600,1633.41,1641.0,1633.41,1638.93,77.87647533,69
1695031200,1639.56,1650.9,1638.36,1647.98,212.09796596,148
1695034800,1649.27,1656.7,1648.91,1653.92,12.1165325,79
1695038400,1655.79,1668.62,1651.5,1665.97,462.71506913,255
1695042000,1665.01,1667.07,1655.49,1655.49,10.29621428,39
1695045600,1657.36,1658.99,1651.85,1658.99,31.47136086,66
1695049200,1658.03,1660.0,1655.12,1655.59,623.09098074,88
1695052800,1657.0,1658.37,1652.64,1656.24,91.84325483,79
1695056400,1655.97,1657.61,1636.32,1638.38,71.57035454,116
1695060000,1638.38,1643.16,1634.52,1635.91,30.6092531,47
1695063600,1638.8,1643.5,1637.01,1641.82,14.87577045,38
1695067200,1640.74,1640.74,1637.23,1637.23,4.00480217,17
1695070800,1636.84,1639.45,1635.95,1638.97,4.39186004,27
1695074400,1640.05,1641.37,1638.18,1641.37,18.76219666,34
1695078000,1641.74,1641.74,1637.04,1637.04,1.0955435,10
1695081600,1637.01,1638.1,1626.9,1630.4,29.88367344,70
1695085200,1629.78,1633.25,1629.78,1633.25,0.74456003,13
1695088800,1635.86,1638.41,1635.86,1638.41,0.4451811,38
1695092400,1638.4,1639.66,1634.46,1634.49,10.81647505,32
1695096000,1633.92,1637.69,1633.92,1637.69,73.50458051,23
1695099600,1637.71,1638.21,1636.15,1636.15,14.70192071,39
1695103200,1635.67,1636.78,1633.56,1636.78,2.96820038,14
1695106800,1636.37,1638.61,1636.37,1637.44,28.13455296,26
1695110400,1637.22,1641.39,1637.08,1641.39,62.28428507,47
1695114000,1643.35,1659.53,1641.68,1654.19,184.17082326,87
1695117600,1654.19,1654.19,1644.32,1646.58,25.60671798,83
1695121200,1645.96,1647.41,1642.22,1647.39,46.70489341,78
1695124800,1647.87,1650.34,1641.94,1644.88,78.58368115,93
1695128400,1643.88,1647.5,1638.14,1638.42,793.45631873,91
1695132000,1638.03,1645.82,1636.25,1645.82,70.21648703,82
1695135600,1645.82,1657.45,1644.73,1657.11,534.30460482,106
1695139200,1657.2,1658.55,1650.48,1650.91,98.07233761,74
1695142800,1649.57,1649.57,1645.59,1645.81,5.66139888,18
1695146400,1645.62,1648.0,1644.73,1646.05,30.65740266,34
1695150000,1644.4,1644.76,1642.16,1643.92,4.22919205,25
1695153600,1643.57,1644.43,1640.0,1643.49,801.32165425,90
1695157200,1641.01,1642.19,1638.74,1641.06,5.7959416,21
1695160800,1640.01,1642.62,1639.3,1642.31,29.83164483,31
1695164400,1641.46,1644.2,1641.46,1643.28,26.08914967,20
1695168000,1643.67,1643.67,1640.8,1641.06,80.51209262,50
1695171600,1642.18,1648.0,1642.18,1648.0,25.04817694,31
1695175200,1647.99,1647.99,1640.16,1640.16,131.40822291,57
1695178800,1640.18,1640.63,1636.59,1636.84,10.15777641,30
1695182400,1636.22,1638.79,1636.17,1638.53,17.2702056,27
1695186000,1636.02,1637.17,1634.49,1634.49,8.69896097,27
1695189600,1634.49,1640.06,1632.57,1634.79,302.42434958,84
1695193200,1634.79,1636.91,1633.69,1634.35,22.95736041,41
1695196800,1634.23,1638.01,1633.88,1637.88,31.99644872,64
1695200400,1637.87,1637.87,1620.83,1625.24,222.85732584,188
1695204000,1627.27,1628.39,1619.73,1628.39,317.3478979,130
1695207600,1628.93,1632.01,1628.8,1629.86,30.2026857,56
1695211200,1631.89,1632.46,1624.26,1626.4,24.07712261,102
1695214800,1626.13,1632.84,1621.97,1632.26,119.19076182,102
1695218400,1632.38,1633.38,1625.41,1627.13,24.4885665,63
1695222000,1627.29,1630.82,1626.13,1628.66,89.29944997,98
1695225600,1629.45,1630.42,1626.45,1627.93,26.79303303,92
1695229200,1629.11,1632.59,1627.16,1630.14,18.78110391,58
1695232800,1629.14,1639.85,1626.77,1632.36,56.90841319,93
1695236400,1631.57,1631.57,1606.6,1617.07,51.92999466,167
1695240000,1616.97,1623.67,1616.97,1623.67,922.04822912,118
1695243600,1623.23,1629.97,1622.57,1625.99,17.14123103,65
1695247200,1626.31,1626.31,1621.29,1623.03,7.09045899,32
1695250800,1623.19,1624.31,1621.0,1622.07,6.14304746,45
1695254400,1622.11,1624.9,1620.5,1620.5,40.85559075,71
1695258000,1621.21,1621.21,1613.93,1617.79,507.08466853,70
1695261600,1618.06,1620.87,1615.87,1618.2,9.66295631,43
1695265200,1619.99,1622.62,1619.01,1622.36,2.67281355,24
1695268800,1623.56,1624.08,1621.23,1624.03,20.68824173,24
1695272400,1622.84,1624.08,1621.32,1623.73,0.74753688,11
1695276000,1624.03,1624.03,1618.19,1620.88,27.17948777,44
1695279600,1620.7,1620.98,1617.43,1617.95,89.12566142,86
1695283200,1617.77,1622.6,1616.63,1616.78,33.18428895,55
1695286800,1617.02,1618.01,1608.0,1610.33,28.39987971,76
1695290400,1609.96,1611.74,1588.19,1593.75,325.1260174,254
1695294000,1590.87,1596.7,1590.6,1594.22,17.66863367,78
1695297600,1595.7,1596.98,1585.59,1590.85,78.73764488,100
1695301200,1590.45,1590.45,1569.53,1577.38,68.72706791,168
1695304800,1575.65,1583.82,1575.64,1583.31,54.79204117,91
1695308400,1584.47,1587.43,1581.44,1583.81,90.31620344,66
1695312000,1583.63,1586.51,1582.45,1586.51,15.32652112,54
1695315600,1586.65,1592.45,1586.65,1589.31,46.80168761,73
1695319200,1588.67,1592.53,1588.67,1592.0,28.21514262,55
1695322800,1591.74,1592.0,1586.58,1589.86,62.28245661,75
1695326400,1590.32,1590.53,1584.77,1588.17,8.29385491,49
1695330000,1588.03,1588.4,1584.79,1588.28,76.17689997,55
1695333600,1588.01,1588.01,1584.55,1585.57,7.16901862,41
1695337200,1586.91,1588.1,1584.11,1584.5,22.16008029,36
1695340800,1585.4,1591.56,1579.02,1591.53,7.64260515,46
1695344400,1588.18,1594.31,1586.35,1591.8,15.5856361,29
1695348000,1591.8,1592.68,1588.52,1588.52,8.17472474,22
1695351600,1588.73,1594.61,1588.7,1594.22,56.61101064,60
1695355200,1593.99,1595.7,1593.52,1594.31,28.42220619,67
1695358800,1594.44,1594.56,1591.82,1593.93,12.96842438,29
1695362400,1594.59,1595.47,1591.57,1591.57,8.65449331,15
1695366000,1591.81,1596.89,1587.61,1596.86,10.89577684,33
1695369600,1597.02,1602.0,1596.03,1596.94,38.43287819,55
1695373200,1596.15,1596.15,1593.99,1595.41,16.97603824,27
1695376800,1595.63,1596.5,1593.37,1593.68,40.91325213,46
1695380400,1593.89,1597.78,1593.89,1597.45,7.89809048,23
1695384000,1597.56,1599.13,1594.96,1594.96,42.71365205,47
1695387600,1595.65,1597.23,1594.05,1594.51,9.75476792,27
1695391200,1595.77,1599.56,1593.58,1596.94,31.32170885,49
1695394800,1598.9,1598.9,1593.0,1593.0,75.01778372,52
1695398400,1592.99,1594.42,1589.21,1589.79,3.99976765,27
1695402000,1589.66,1592.69,1587.62,1591.97,18.86930482,28
1695405600,1592.34,1594.2,1590.5,1593.83,4.64788895,33
1695409200,1597.01,1598.19,1592.43,1592.43,32.77183023,28
1695412800,1593.58,1594.08,1590.36,1590.76,5.15332987,19
1695416400,1591.23,1593.86,1589.56,1593.86,101.12781534,44
1695420000,1593.6,1593.92,1593.0,1593.0,1.69070147,11
1695423600,1594.2,1594.58,1593.3,1594.3,24.338795,24
1695427200,1594.3,1597.74,1594.3,1596.09,56.0755832,87
1695430800,1596.09,1596.47,1594.6,1596.47,12.69211989,26
1695434400,1594.38,1594.38,1594.3,1594.3,0.20390031,5
1695438000,1593.0,1593.0,1591.29,1591.29,1.4653419,7
1695441600,1591.28,1592.8,1590.25,1592.64,0.4286894,9
1695445200,1592.61,1594.05,1592.61,1593.77,0.90080018,5
1695448800,1594.64,1594.64,1594.21,1594.6,2.94557323,14
1695452400,1594.46,1594.46,1592.61,1594.26,3.26016339,14
1695456000,1594.0,1594.27,1592.92,1593.83,0.73092818,10
1695459600,1594.26,1594.26,1591.43,1593.09,4.18791229,16
1695463200,1593.22,1593.22,1592.44,1592.6,2.24848939,9
1695466800,1592.24,1592.75,1591.29,1592.54,3.04715821,23
1695470400,1592.54,1594.87,1591.92,1591.92,2.36352088,26
1695474000,1592.61,1592.61,1591.25,1591.25,11.86223103,23
1695477600,1591.25,1592.5,1591.25,1591.83,13.02878664,17
1695481200,1591.37,1591.84,1588.67,1590.11,16.40175692,31
1695484800,1590.16,1593.51,1588.92,1593.51,1.63468006,13
1695488400,1592.71,1592.71,1591.73,1591.73,8.65886155,31
1695492000,1591.73,1594.95,1591.73,1593.64,5.08179579,21
1695495600,1593.64,1595.03,1593.64,1594.97,26.62509571,27
1695499200,1594.03,1594.17,1593.74,1593.75,0.61833824,11
1695502800,1593.74,1593.87,1593.64,1593.65,7.5944273,21
1695506400,1593.65,1593.65,1591.73,1591.73,15.10255122,21
1695510000,1591.73,1593.83,1590.01,1593.82,5.58258132,16
1695513600,1593.63,1593.63,1592.89,1593.49,0.29004402,9
1695517200,1591.2,1593.64,1591.2,1593.64,0.78344107,6
1695520800,1593.64,1593.64,1593.63,1593.64,0.49096838,5
1695524400,1593.64,1593.64,1593.38,1593.38,0.84043205,6
1695528000,1591.95,1592.87,1591.84,1592.87,2.41068728,13
1695531600,1592.5,1592.5,1591.67,1591.93,1.34124092,10
1695535200,1592.03,1592.04,1591.5,1591.51,3.22556763,29
1695538800,1591.51,1592.32,1591.51,1592.07,4.30038309,18
1695542400,1592.24,1593.64,1592.24,1593.64,0.88958883,9
1695546000,1593.64,1595.0,1593.64,1593.73,12.92291174,20
1695549600,1593.99,1594.08,1592.12,1592.42,3.55592889,17
1695553200,1592.87,1594.89,1592.87,1593.89,1.50792898,15
1695556800,1593.95,1595.91,1592.47,1595.15,134.33080131,67
1695560400,1595.32,1596.58,1594.47,1594.93,13.2978581,32
1695564000,1594.76,1595.05,1593.72,1595.05,3.34170092,18
1695567600,1595.03,1595.09,1589.9,1589.9,8.95120021,23
1695571200,1590.56,1591.47,1589.56,1590.91,2.95459393,14
1695574800,1590.55,1599.78,1590.55,1597.1,7.37259708,21
1695578400,1599.49,1599.96,1580.0,1590.32,49.98808637,91
1695582000,1589.23,1590.42,1581.38,1586.41,29.57027479,25
1695585600,1587.48,1589.72,1585.88,1589.72,3.96079475,32
1695589200,1589.72,1589.72,1586.63,1589.71,4.40069449,30
1695592800,1588.56,1589.67,1586.96,1589.22,12.20421158,19
1695596400,1588.47,1588.47,1570.05,1580.62,49.08828615,103
1695600000,1580.35,1580.36,1564.67,1577.9,22.70994854,92
1695603600,1579.02,1586.2,1577.12,1577.12,64.51394373,128
1695607200,1577.03,1580.15,1577.03,1577.94,9.06505983,17
1695610800,1580.09,1582.39,1580.09,1580.82,17.84804673,17
1695614400,1577.94,1579.21,1576.79,1578.32,14.60764121,21
1695618000,1578.59,1579.19,1575.0,1576.0,5.47754107,19
1695621600,1576.0,1580.36,1573.66,1578.59,11.72679027,39
1695625200,1578.6,1581.1,1577.91,1581.1,18.27383836,29
1695628800,1582.27,1586.83,1577.63,1578.32,348.03610383,111
1695632400,1578.05,1578.05,1573.43,1573.43,32.27229673,24
1695636000,1573.45,1576.1,1573.45,1574.62,46.95660022,61
1695639600,1574.95,1575.34,1567.27,1569.06,95.78596818,61
1695643200,1569.74,1571.43,1565.34,1571.29,77.16804826,45
1695646800,1570.91,1576.42,1570.91,1576.42,26.54866657,24
1695650400,1575.77,1576.18,1573.74,1575.0,37.33064819,30
1695654000,1576.35,1588.78,1576.35,1584.49,85.7342046,103
1695657600,1585.29,1596.36,1585.29,1590.95,152.71045255,208
1695661200,1590.59,1593.1,1588.75,1593.1,70.66330439,83
1695664800,1591.74,1592.35,1591.32,1591.67,14.62063662,32
1695668400,1591.64,1592.12,1587.4,1592.12,8.83492081,45
1695672000,1592.67,1595.0,1587.23,1587.23,18.18343563,29
1695675600,1587.17,1587.27,1585.05,1586.71,11.5029934,20
1695679200,1587.54,1587.89,1586.64,1586.82,2.84542778,17
1695682800,1587.74,1588.64,1587.24,1588.64,0.71437904,9
1695686400,1588.23,1588.23,1587.25,1587.95,4.2299516,7
1695690000,1587.39,1589.91,1587.11,1589.91,5.84948958,13
1695693600,1592.08,1592.84,1589.21,1592.84,82.12995034,38
1695697200,1593.73,1593.93,1592.05,1592.05,0.22951696,5
1695700800,1592.05,1592.05,1591.46,1591.46,2.41536522,5
1695704400,1592.02,1592.56,1591.75,1592.03,1.96761646,7
1695708000,1592.98,1593.2,1587.82,1589.16,53.99075213,56
1695711600,1588.77,1588.86,1587.37,1588.25,13.07178853,26
1695715200,1589.13,1590.98,1588.56,1589.87,63.5293861,34
1695718800,1590.03,1598.0,1588.39,1592.84,62.49445977,56
1695722400,1593.27,1593.27,1587.81,1588.36,35.21395829,46
1695726000,1588.0,1591.62,1587.02,1589.23,44.79555277,23
1695729600,1592.33,1592.55,1587.53,1587.54,4.48597049,17
1695733200,1586.97,1589.4,1582.11,1582.38,45.88015998,50
1695736800,1583.53,1586.73,1583.21,1585.57,8.63259728,27
1695740400,1586.98,1586.98,1582.46,1582.82,118.86281187,59
1695744000,1584.15,1592.08,1584.15,1590.22,3.41147878,41
1695747600,1591.29,1591.29,1585.33,1586.09,3.2080237,22
1695751200,1585.95,1586.43,1584.06,1584.06,18.49926021,20
1695754800,1584.46,1590.44,1584.46,1589.93,4.18086353,26
1695758400,1589.04,1591.13,1587.74,1587.74,160.22832769,84
1695762000,1588.11,1588.6,1585.0,1588.6,4.34661936,27
1695765600,1588.74,1591.18,1588.36,1588.36,3.90401258,12
1695769200,1587.74,1594.94,1587.56,1594.94,16.86434111,22
1695772800,1595.37,1595.65,1592.43,1593.03,1.73593862,16
1695776400,1589.85,1592.31,1589.85,1592.31,1.5607117,9
1695780000,1592.72,1593.17,1590.22,1591.58,5.89320836,7
1695783600,1590.24,1597.02,1590.24,1597.02,0.73264284,8
1695787200,1596.68,1596.84,1592.46,1592.93,1584.62278095,64
1695790800,1592.27,1592.68,1590.97,1592.68,2.54683258,13
1695794400,1593.22,1594.32,1592.83,1593.75,3.14774256,15
1695798000,1593.9,1594.27,1591.29,1592.48,72.43915776,52
1695801600,1592.17,1593.16,1590.23,1592.72,24.07965399,37
1695805200,1592.62,1612.5,1592.4,1611.29,171.56090866,215
1695808800,1612.68,1620.0,1610.51,1617.08,152.46512084,137
1695812400,1617.4,1632.76,1617.29,1630.17,66.53890524,155
1695816000,1630.57,1631.06,1622.0,1623.21,141.06991042,187
1695819600,1623.6,1628.04,1617.98,1619.11,183.55275165,132
1695823200,1619.14,1619.14,1594.09,1595.9,17.33899734,127
1695826800,1594.45,1603.01,1594.45,1601.28,348.07528568,157
1695830400,1599.23,1602.53,1598.94,1599.47,24.02928839,34
1695834000,1599.0,1599.34,1593.7,1596.49,27.13147502,44
1695837600,1593.58,1595.72,1585.36,1594.31,9.53232822,93
1695841200,1594.4,1598.81,1594.4,1597.7,17.04850368,34
1695844800,1597.7,1599.49,1593.77,1595.31,35.85740812,36
1695848400,1594.79,1595.2,1594.08,1594.68,1.51935133,13
1695852000,1595.93,1598.05,1595.64,1598.05,2.06050947,16
1695855600,1598.33,1599.3,1594.96,1598.46,5.09497848,18
1695859200,1597.9,1605.78,1597.89,1604.42,3.60660735,36
1695862800,1602.49,1606.94,1600.33,1606.93,10.34061178,16
1695866400,1606.94,1614.37,1605.8,1607.06,6.19437192,61
1695870000,1604.87,1606.58,1604.17,1606.58,0.19154359,4
1695873600,1607.1,1611.02,1606.25,1611.02,140.0955687,81
1695877200,1609.97,1613.94,1608.68,1613.83,5.29408149,30
1695880800,1612.0,1618.45,1610.34,1618.45,120.7035187,60
1695884400,1618.45,1620.92,1616.66,1619.71,9.12123482,39
1695888000,1618.82,1619.98,1615.14,1617.83,34.93266649,54
1695891600,1617.91,1619.76,1617.63,1619.66,10.06473956,16
1695895200,1619.94,1635.94,1619.36,1632.04,43.45646937,113
1695898800,1633.53,1633.53,1621.97,1623.27,62.1524421,55
1695902400,1623.64,1627.0,1621.97,1622.82,5.14401384,48
1695906000,1622.49,1629.06,1622.34,1626.71,36.20260428,71
1695909600,1629.47,1646.56,1627.61,1642.67,55.66586046,189
1695913200,1640.67,1652.84,1638.68,1652.84,290.54280625,164
1695916800,1653.17,1666.99,1653.17,1657.43,339.34809646,346
1695920400,1656.45,1663.06,1656.44,1662.01,76.94960861,100
1695924000,1661.46,1665.4,1647.12,1650.71,260.03146516,139
1695927600,1650.5,1657.85,1648.19,1657.27,5.20995259,51
1695931200,1658.84,1661.18,1655.01,1657.07,22.50613421,81
1695934800,1657.16,1657.47,1644.01,1650.39,49.93444823,89
1695938400,1650.49,1652.7,1648.49,1650.03,55.2613245,59
1695942000,1650.42,1654.13,1650.11,1652.87,11.10992432,36
1695945600,1653.89,1657.45,1651.29,1653.64,62.95650058,63
1695949200,1653.83,1657.04,1650.86,1657.04,7.42756152,38
1695952800,1657.45,1658.64,1651.34,1651.35,3.14352054,33
1695956400,1650.65,1652.65,1649.03,1651.65,9.13755076,43
1695960000,1651.45,1653.85,1649.19,1653.58,4.43936071,25
1695963600,1654.16,1656.92,1654.16,1656.92,3.44059154,22
1695967200,1655.8,1660.42,1654.48,1659.31,104.61690116,55
1695970800,1659.38,1687.55,1658.19,1684.49,314.61556063,336
1695974400,1686.38,1686.88,1672.83,1672.83,56.71602318,94
1695978000,1672.14,1677.14,1671.2,1673.1,30.03152338,42
1695981600,1672.41,1674.75,1671.09,1673.37,69.77425025,72
1695985200,1673.88,1674.52,1668.62,1668.98,191.45804523,121
1695988800,1668.64,1674.68,1667.36,1673.71,88.11678744,87
1695992400,1673.71,1675.08,1669.0,1670.15,12.8928646,67
1695996000,1669.12,1682.45,1656.96,1673.36,94.77966269,239
1695999600,1673.41,1674.57,1668.35,1672.17,58.35390086,99
1696003200,1672.36,1673.37,1663.76,1666.82,16.62606023,83
1696006800,1666.84,1668.21,1662.68,1662.71,14.04060022,59
1696010400,1662.5,1667.3,1658.32,1666.54,62.06156018,96
1696014000,1666.88,1667.07,1664.77,1665.26,21.94211122,71
1696017600,1665.54,1668.73,1664.77,1667.43,79.22598371,78
1696021200,1668.52,1669.56,1666.03,1666.26,43.85358008,65
1696024800,1666.07,1668.54,1665.78,1667.02,7.32676186,54
1696028400,1666.38,1668.84,1665.58,1667.89,6.78496402,42
1696032000,1667.55,1672.53,1666.73,1672.44,265.73194765,121
1696035600,1671.36,1671.36,1667.35,1667.35,11.72962757,52
1696039200,1666.89,1670.76,1666.89,1670.56,4.23132478,33
1696042800,1671.28,1672.25,1669.61,1670.45,3.08141063,30
1696046400,1670.61,1671.21,1670.33,1670.85,1.51733624,18
1696050000,1670.25,1672.66,1670.25,1672.66,13.2206192,40
1696053600,1672.66,1675.22,1672.66,1673.37,58.88487587,47
1696057200,1673.37,1674.13,1671.55,1672.14,11.86320096,51
1696060800,1672.98,1674.79,1671.95,1674.32,23.55349462,49
1696064400,1674.58,1677.29,1674.58,1675.01,20.29285682,46
1696068000,1675.94,1676.1,1675.01,1675.77,6.20729606,34
1696071600,1675.69,1678.52,1674.74,1675.78,16.80406948,54
1696075200,1676.65,1678.47,1675.19,1675.19,2.68018884,31
1696078800,1674.64,1680.25,1673.18,1680.25,19.16845172,68
1696082400,1680.82,1685.94,1680.13,1681.62,8.53455291,74
1696086000,1681.81,1692.66,1680.18,1682.63,23.70126854,143
1696089600,1682.86,1685.24,1679.54,1681.27,515.33195994,80
1696093200,1680.49,1680.49,1675.49,1679.36,34.00835427,63
1696096800,1679.48,1679.69,1675.6,1676.49,1.96357088,18
1696100400,1676.91,1680.41,1675.86,1679.56,7.69807553,19
1696104000,1680.37,1680.46,1678.06,1679.47,21.20241817,29
1696107600,1680.54,1681.4,1668.25,1674.19,33.50920129,49
1696111200,1674.29,1677.17,1673.64,1674.77,3.30458252,20
1696114800,1674.62,1674.62,1669.1,1671.09,43.08062322,27
