1688169600,1935.68,1937.0,1933.0,1933.0,1.45745699,3
1688170500,1934.76,1936.09,1934.0,1936.09,40.07793932,23
1688171400,1941.39,1942.63,1941.39,1942.46,1.14860342,6
1688172300,1940.57,1940.57,1937.64,1937.64,3.02060757,4
1688173200,1934.0,1934.0,1930.0,1933.17,1.59791401,8
1688174100,1928.5,1928.95,1925.52,1928.95,0.58305031,7
1688175000,1929.13,1929.13,1928.76,1928.76,0.5937,2
1688175900,1929.76,1930.0,1929.76,1930.0,0.29613545,2
1688176800,1925.52,1925.52,1925.52,1925.52,0.11969076,1
1688177700,1925.93,1926.26,1925.93,1926.26,1.60625304,5
1688178600,1927.86,1927.86,1925.04,1925.04,4.09211492,8
1688179500,1924.56,1924.56,1923.01,1923.01,0.98812914,12
1688180400,1923.01,1923.01,1920.58,1922.47,0.85622502,19
1688181300,1920.59,1920.59,1920.58,1920.58,0.04038219,3
1688182200,1919.84,1919.84,1919.83,1919.83,0.39312016,3
1688183100,1919.28,1919.42,1919.28,1919.42,0.8418274,3
1688184000,1918.78,1918.78,1916.48,1916.48,0.40718602,6
1688184900,1915.92,1915.92,1912.0,1912.65,2.62868828,22
1688185800,1911.71,1911.71,1911.71,1911.71,0.05230919,1
1688186700,1915.55,1915.72,1914.62,1914.94,26.22393869,9
1688187600,1916.44,1916.44,1915.08,1915.08,0.67216513,3
1688188500,1916.45,1917.11,1916.45,1917.11,0.11598685,2
1688189400,1917.84,1917.84,1917.39,1917.39,0.04432984,2
1688190300,1917.78,1918.4,1917.78,1918.4,0.628411,6
1688191200,1920.04,1920.16,1919.94,1919.94,5.6179384,3
1688192100,1918.41,1918.41,1917.95,1917.95,2.08576736,2
1688193000,1916.95,1917.61,1916.95,1917.15,0.97670503,6
1688193900,1917.29,1921.05,1917.29,1921.03,2.16618557,5
1688194800,1919.44,1919.45,1918.59,1918.59,1.07935557,3
1688195700,1917.77,1918.14,1915.14,1917.03,8.8587092,13
1688196600,1916.61,1917.81,1915.94,1915.94,9.98325711,4
1688197500,1913.49,1917.3,1913.48,1917.02,4.07046587,5
1688198400,1919.47,1919.47,1917.93,1917.93,3.42892599,7
1688199300,1917.64,1917.99,1916.11,1917.98,19.36679276,10
1688200200,1917.5,1919.01,1916.56,1919.01,2.14262333,4
1688201100,1919.14,1919.14,1914.74,1914.74,6.89785351,12
1688202000,1916.25,1916.25,1916.25,1916.25,0.01,1
1688202900,1914.86,1915.61,1914.86,1915.61,0.36892225,2
1688203800,1917.21,1917.21,1917.21,1917.21,0.03124798,1
1688205600,1916.44,1917.0,1916.2,1917.0,5.40017856,4
1688206500,1917.01,1924.5,1917.01,1924.5,0.40374803,7
1688207400,1923.61,1923.61,1919.33,1919.33,20.73231546,16
1688208300,1919.28,1921.22,1919.28,1921.22,0.50186,4
1688209200,1922.65,1922.7,1922.65,1922.7,0.19728148,2
1688210100,1924.43,1924.43,1923.05,1923.05,1.0694,2
1688211000,1923.12,1923.12,1921.22,1921.64,1.95640905,7
1688211900,1924.5,1925.44,1924.5,1925.44,2.18300267,3
1688212800,1922.51,1926.4,1922.18,1926.4,7.27904997,11
1688213700,1926.06,1926.84,1925.0,1925.0,5.38529929,18
1688214600,1925.0,1927.77,1924.0,1926.75,6.72187152,23
1688215500,1927.13,1927.13,1926.0,1926.92,2.56241214,9
1688216400,1928.52,1928.52,1927.0,1927.0,4.63151072,7
1688217300,1926.0,1927.69,1925.0,1925.0,11.71724624,14
1688218200,1924.93,1926.8,1924.93,1926.8,3.36684127,5
1688219100,1925.75,1925.75,1924.0,1924.0,2.02,3
1688220000,1924.01,1924.9,1922.32,1924.9,23.74538625,21
1688220900,1922.84,1924.3,1922.84,1924.3,1.11999782,6
1688221800,1925.09,1925.09,1923.69,1923.69,2.30041582,8
1688222700,1923.98,1923.99,1923.98,1923.99,0.25987525,2
1688223600,1923.66,1923.66,1922.51,1922.51,3.18502899,8
1688224500,1921.0,1922.62,1919.0,1922.62,2.50480974,15
1688225400,1922.98,1923.08,1922.13,1923.08,0.26995004,7
1688226300,1922.77,1923.27,1922.77,1922.88,0.32600369,6
1688227200,1922.78,1923.16,1920.36,1920.36,11.83617615,23
1688228100,1921.1,1921.1,1919.68,1920.28,19.42844928,16
1688229000,1919.55,1919.55,1917.45,1918.41,7.53653729,14
1688229900,1918.6,1919.99,1917.46,1919.99,0.55094987,9
1688230800,1917.72,1918.4,1917.58,1918.22,5.22161933,13
1688231700,1918.3,1919.55,1918.3,1919.25,2.79473977,10
1688232600,1919.24,1921.0,1919.24,1920.81,1.4340824,10
1688233500,1920.58,1920.58,1916.65,1918.41,3.27300766,19
1688234400,1919.89,1920.64,1919.89,1920.6,0.21439004,4
1688235300,1919.85,1920.71,1919.14,1920.23,1.46534274,11
1688236200,1920.37,1920.94,1920.01,1920.94,2.84208706,12
1688237100,1921.16,1921.25,1920.72,1920.72,1.61021793,4
1688238000,1922.56,1923.86,1922.56,1923.65,7.9196071,21
1688238900,1923.72,1923.79,1922.96,1923.79,0.30367803,10
1688239800,1923.53,1923.75,1921.94,1922.4,3.0467127,18
1688240700,1922.92,1923.33,1922.05,1923.22,1.06582799,8
1688241600,1922.94,1922.94,1921.94,1922.14,0.41629001,7
1688242500,1923.2,1923.86,1923.0,1923.86,31.32253443,7
1688243400,1923.09,1923.36,1922.44,1922.44,101.5361259,18
1688244300,1923.8,1923.98,1922.11,1922.11,2.96073145,10
1688245200,1922.6,1922.91,1922.32,1922.32,4.30767289,9
1688246100,1922.36,1922.74,1922.21,1922.61,5.02946296,6
1688247000,1922.71,1922.71,1921.6,1921.6,4.5103379,5
1688247900,1921.84,1921.84,1921.84,1921.84,0.01212183,1
1688248800,1923.36,1923.41,1922.41,1922.84,6.69205354,15
1688249700,1926.32,1926.32,1926.32,1926.32,0.02739725,2
1688250600,1926.32,1926.32,1921.8,1921.8,0.41079501,10
1688251500,1920.92,1922.44,1920.92,1922.44,0.18565818,3
1688252400,1923.91,1923.91,1920.96,1921.11,14.03332314,22
1688253300,1921.69,1923.87,1920.93,1922.95,2.52167915,14
1688254200,1923.5,1923.67,1922.5,1922.7,4.39729793,22
1688255100,1922.7,1924.98,1922.7,1924.29,1.63833465,11
1688256000,1924.3,1924.3,1921.68,1921.68,0.59352621,7
1688256900,1921.62,1921.62,1919.69,1920.41,0.29172085,4
1688257800,1925.35,1925.35,1919.59,1919.59,0.28353312,4
1688258700,1921.43,1921.43,1920.76,1920.76,0.24398374,2
1688259600,1920.04,1921.14,1920.04,1921.14,1.48514811,3
1688260500,1922.26,1922.49,1921.66,1921.67,0.22964592,4
1688261400,1921.82,1921.82,1920.64,1920.64,0.1435372,2
1688262300,1919.05,1919.05,1919.05,1919.05,0.32698,1
1688264100,1919.69,1919.69,1913.48,1917.59,0.79348968,11
1688265000,1918.4,1922.61,1918.16,1922.61,1.75314637,7
1688265900,1919.61,1919.61,1919.61,1919.61,0.00128346,1
1688266800,1919.02,1919.02,1919.02,1919.02,1.38448791,2
1688267700,1916.85,1917.75,1916.19,1917.75,2.68234371,4
1688268600,1916.1,1916.1,1916.1,1916.1,0.24731146,2
1688269500,1913.48,1914.7,1913.22,1914.62,0.87344221,13
1688270400,1913.78,1913.78,1913.78,1913.78,0.32773933,2
1688271300,1913.78,1915.77,1913.78,1915.77,0.25491068,2
1688272200,1916.1,1916.12,1916.1,1916.12,0.52051041,2
1688273100,1913.54,1913.54,1913.02,1913.02,0.13691242,4
1688274000,1913.31,1913.31,1913.31,1913.31,0.01033046,1
1688274900,1913.29,1913.32,1913.29,1913.32,5.25999078,3
1688275800,1914.04,1914.21,1914.04,1914.21,28.00905453,5
1688276700,1913.75,1913.75,1913.75,1913.75,0.02,1
1688277600,1913.58,1915.86,1913.4,1913.4,1.25049136,11
1688278500,1914.61,1914.61,1914.61,1914.61,3,1
1688279400,1914.04,1914.32,1914.04,1914.32,3.02819434,3
1688280300,1913.26,1913.26,1913.02,1913.02,2.51029726,3
1688281200,1913.14,1913.14,1913.14,1913.14,0.03516409,1
1688282100,1914.09,1914.6,1914.05,1914.6,2.32150631,6
1688283000,1914.6,1914.6,1914.59,1914.6,15.55019045,10
1688285700,1916.62,1917.93,1916.62,1917.24,9.60081086,9
1688286600,1914.31,1914.31,1912.88,1913.03,0.39576083,5
1688287500,1913.07,1913.07,1913.07,1913.07,0.09917377,1
1688289300,1915.82,1916.37,1915.82,1916.37,2.68774066,8
1688290200,1917.16,1917.93,1917.16,1917.93,0.46513268,7
1688291100,1918.25,1918.25,1916.16,1917.67,6.97860617,5
1688292000,1918.0,1918.45,1917.2,1917.2,0.54538509,12
1688292900,1916.58,1918.1,1916.28,1916.28,4.44626648,11
1688293800,1916.93,1916.93,1916.5,1916.5,0.06003827,2
1688294700,1916.81,1917.43,1916.63,1917.43,12.23076,3
1688295600,1917.33,1918.31,1917.33,1918.31,0.40738779,2
1688296500,1918.31,1919.2,1918.31,1918.33,8.54429794,13
1688297400,1918.35,1918.93,1918.35,1918.93,0.05798691,2
1688298300,1920.53,1920.53,1920.22,1920.22,0.15145009,3
1688299200,1920.48,1920.92,1918.36,1918.36,3.23071493,10
1688300100,1919.61,1919.71,1919.61,1919.71,2.05207334,3
1688301000,1919.46,1919.66,1918.92,1919.49,0.61059732,16
1688301900,1918.36,1918.37,1918.36,1918.37,10.5972922,8
1688302800,1918.36,1918.36,1918.31,1918.31,4.67752618,11
1688303700,1917.63,1917.63,1917.62,1917.62,10.18103899,8
1688304600,1915.01,1915.23,1915.01,1915.14,1.05423362,3
1688305500,1917.19,1917.19,1916.48,1916.59,0.67578863,3
1688306400,1915.29,1917.13,1915.29,1917.13,0.26495862,3
1688307300,1917.22,1917.22,1916.15,1916.15,0.39079522,3
1688308200,1916.47,1924.44,1916.11,1924.44,33.18538353,20
1688309100,1923.18,1925.73,1923.18,1925.73,10.40174586,4
1688310000,1925.45,1925.45,1924.94,1924.94,0.064,2
1688310900,1924.98,1924.98,1883.47,1912.25,41.55570825,188
1688311800,1912.4,1920.23,1910.79,1917.54,11.16454297,25
1688312700,1919.07,1921.39,1917.6,1917.6,2.03085952,10
1688313600,1918.63,1919.37,1916.8,1919.37,0.57958113,6
1688314500,1920.0,1921.99,1920.0,1920.0,11.24525604,10
1688315400,1917.63,1920.4,1917.63,1920.4,5.56912902,9
1688316300,1920.08,1920.09,1917.02,1917.49,17.40884271,22
1688317200,1917.71,1918.02,1916.0,1916.77,125.09431656,36
1688318100,1917.17,1917.17,1910.61,1911.5,7.32118536,10
1688319000,1912.37,1912.79,1910.8,1912.79,0.20311444,4
1688319900,1912.58,1912.58,1907.67,1908.31,18.32898074,16
1688320800,1906.67,1907.68,1903.66,1907.67,14.78357941,20
1688321700,1909.5,1909.5,1906.3,1907.66,2.46121387,10
1688322600,1907.98,1908.68,1907.87,1908.68,1.8706818,7
1688323500,1909.5,1910.85,1909.16,1910.85,0.33093339,6
1688324400,1910.95,1911.55,1910.94,1911.53,14.12643428,8
1688325300,1911.41,1912.42,1910.89,1912.22,8.57432189,8
1688326200,1912.35,1913.61,1912.35,1913.61,0.02387369,3
1688327100,1913.69,1914.24,1912.98,1914.24,0.38773105,6
1688328000,1914.03,1914.7,1913.9,1914.7,0.28442039,4
1688328900,1914.32,1914.68,1914.13,1914.13,2.12168632,3
1688329800,1914.87,1916.8,1914.87,1916.35,19.18127175,10
1688330700,1917.72,1919.1,1917.72,1918.9,15.45454664,16
1688331600,1919.11,1920.23,1918.94,1918.94,0.28693297,4
1688332500,1921.96,1922.47,1921.96,1922.47,0.17973145,4
1688333400,1921.58,1923.74,1920.73,1921.43,16.44437712,16
1688334300,1922.57,1922.57,1920.99,1921.05,3.90113306,6
1688335200,1923.16,1923.8,1923.16,1923.8,0.28715348,4
1688336100,1923.8,1957.52,1923.8,1952.22,161.70497728,232
1688337000,1954.3,1958.49,1917.66,1934.08,179.43046904,199
1688337900,1934.08,1942.11,1934.08,1942.11,11.58330631,23
1688338800,1942.11,1943.15,1938.71,1940.88,12.12933826,13
1688339700,1938.67,1938.67,1935.1,1936.96,2.11432686,8
1688340600,1938.49,1938.49,1934.34,1934.34,0.06258659,2
1688341500,1933.21,1933.21,1931.82,1931.82,0.15080338,3
1688342400,1936.71,1939.99,1936.71,1939.98,0.83128362,7
1688343300,1938.92,1939.62,1937.46,1939.62,67.0804601,28
1688344200,1935.1,1935.1,1934.5,1934.5,48.45436193,10
1688345100,1935.86,1935.86,1933.76,1933.76,107.7478859,20
1688346000,1937.83,1938.12,1937.83,1938.09,0.07897114,4
1688346900,1938.4,1940.61,1938.4,1940.61,0.12984013,8
1688347800,1942.87,1947.59,1942.87,1946.21,0.71276462,7
1688348700,1946.25,1946.25,1945.09,1945.35,0.40809196,4
1688349600,1945.51,1951.04,1945.1,1949.47,3.43616566,21
1688350500,1948.83,1949.25,1948.16,1949.25,1.28840945,4
1688351400,1950.82,1950.82,1949.32,1949.32,50.26916738,14
1688352300,1949.33,1949.63,1948.24,1949.63,6.26986948,9
1688353200,1950.33,1950.36,1948.33,1949.15,65.47245498,25
1688354100,1949.69,1950.28,1948.86,1949.68,1.26478977,4
1688355900,1949.89,1949.89,1949.07,1949.11,7.12000463,8
1688356800,1950.11,1950.11,1944.61,1944.87,8.54347206,9
1688357700,1946.8,1946.83,1945.21,1946.48,0.35966404,4
1688358600,1946.7,1951.41,1946.7,1951.4,0.33589667,3
1688359500,1951.54,1951.54,1951.2,1951.29,0.31432887,3
1688360400,1946.96,1947.47,1946.96,1947.47,0.5320018,3
1688361300,1947.97,1948.0,1947.97,1948.0,0.928885,2
1688362200,1949.26,1949.26,1948.0,1948.0,4.51805056,6
1688363100,1948.01,1948.01,1948.0,1948.0,3.24785239,2
1688364000,1946.28,1947.6,1943.89,1944.43,2.56590648,12
1688364900,1945.18,1945.18,1945.18,1945.18,0.99850022,2
1688365800,1944.12,1946.36,1943.37,1946.35,7.39728235,11
1688366700,1946.63,1947.01,1946.51,1947.01,11.51386815,6
1688367600,1949.57,1949.85,1949.03,1949.03,0.08403223,3
1688368500,1951.28,1961.99,1951.28,1960.93,7.47382689,43
1688369400,1958.89,1969.99,1955.24,1966.97,110.31745679,89
1688370300,1967.87,1971.5,1966.46,1966.46,14.97785181,21
1688371200,1967.49,1970.76,1967.0,1970.44,7.35201071,20
1688372100,1970.57,1974.17,1962.83,1962.83,39.31867698,46
1688373000,1962.38,1962.89,1960.4,1960.5,0.44410414,10
1688373900,1961.11,1961.11,1960.89,1960.89,0.02862517,2
1688374800,1961.1,1963.43,1958.92,1963.43,2.36341314,12
1688375700,1962.08,1963.0,1961.33,1963.0,0.65367493,7
1688376600,1958.97,1959.76,1958.64,1959.76,5.64515573,3
1688377500,1957.63,1957.63,1955.63,1956.06,101.12475081,31
1688378400,1956.65,1957.93,1956.49,1957.11,90.08949419,29
1688380200,1959.2,1961.09,1959.2,1961.09,0.29602201,2
1688381100,1961.27,1962.56,1961.27,1962.48,9.04588271,10
1688382000,1963.53,1963.83,1961.49,1963.59,55.49091723,29
1688382900,1963.59,1964.72,1962.57,1964.72,1.27428986,15
1688383800,1962.87,1962.87,1962.69,1962.69,6.49263474,3
1688384700,1962.71,1962.71,1962.71,1962.71,0.5,1
1688385600,1963.08,1963.08,1959.07,1959.23,0.38413166,7
1688386500,1957.77,1961.78,1955.96,1960.33,18.71967589,26
1688387400,1960.24,1965.23,1959.09,1964.66,9.52021842,25
1688388300,1964.77,1966.22,1963.64,1966.22,0.90251777,9
1688389200,1966.37,1968.44,1964.37,1965.16,12.97512301,22
1688390100,1964.85,1965.41,1964.72,1964.72,2.71743691,6
1688391000,1966.0,1968.26,1965.17,1968.26,127.13320045,7
1688391900,1969.52,1969.52,1962.94,1962.94,1.05981412,4
1688392800,1962.95,1966.56,1961.54,1966.56,76.44691861,27
1688393700,1964.38,1964.38,1963.09,1963.32,10.20448469,6
1688394600,1962.39,1964.41,1959.63,1962.86,0.63509331,10
1688396400,1960.0,1967.07,1960.0,1967.07,29.57795,10
1688397300,1968.66,1968.66,1965.18,1966.96,7.66744336,7
1688398200,1969.97,1974.6,1967.97,1971.09,81.22435803,54
1688399100,1970.65,1971.22,1967.72,1968.43,10.29825098,12
1688400000,1968.35,1968.55,1955.4,1960.9,3.49639797,18
1688400900,1960.43,1965.01,1960.43,1962.34,6.31555609,20
1688401800,1963.48,1963.48,1957.73,1958.49,6.22068659,17
1688402700,1958.5,1964.39,1958.5,1964.39,18.42547796,14
1688403600,1962.07,1962.07,1960.27,1960.74,2.24980959,9
1688404500,1960.28,1965.99,1960.26,1965.8,15.50414842,10
1688405400,1966.0,1966.0,1963.85,1964.29,2.6304771,10
1688406300,1963.16,1964.09,1962.89,1964.05,6.11245816,8
1688407200,1964.0,1964.0,1962.38,1962.46,3.83481885,12
1688408100,1963.28,1963.28,1960.03,1960.03,1.96228374,9
1688409000,1960.37,1962.44,1960.37,1962.44,0.05392922,2
1688409900,1963.66,1969.49,1963.66,1969.49,43.70104768,19
1688410800,1971.99,1973.17,1964.97,1965.89,75.15498419,16
1688411700,1965.99,1970.67,1965.1,1970.67,42.5305557,12
1688412600,1973.1,1973.17,1968.03,1968.03,4.43603249,18
1688413500,1968.25,1970.92,1968.0,1968.31,4.3258066,11
1688414400,1967.66,1968.09,1967.25,1967.61,5.37014498,8
1688415300,1963.1,1963.1,1957.91,1961.84,21.59056971,20
1688416200,1962.63,1962.63,1958.83,1958.83,8.9146395,5
1688417100,1959.39,1959.39,1959.39,1959.39,0.01371371,1
1688418000,1958.71,1959.09,1956.02,1958.13,3.31464362,11
1688418900,1957.81,1957.81,1948.69,1952.96,4.55708766,42
1688419800,1954.27,1955.81,1954.27,1955.59,0.13440499,6
1688420700,1957.38,1957.38,1957.12,1957.12,5.1002185,5
1688421600,1956.89,1956.89,1955.32,1955.56,1.08820269,8
1688422500,1956.0,1956.0,1956.0,1956.0,0.045,1
1688423400,1957.42,1958.0,1955.14,1955.14,15.85155715,9
1688425200,1955.11,1955.11,1954.0,1954.0,0.57826954,9
1688427900,1953.82,1954.78,1953.55,1954.6,54.57258999,18
1688428800,1954.59,1954.6,1953.34,1953.88,1.75460615,7
1688430600,1954.6,1954.6,1954.6,1954.6,8.23010756,1
1688431500,1953.1,1953.11,1952.89,1952.89,3.02448439,4
1688432400,1951.92,1954.02,1951.92,1953.53,0.92546198,14
1688433300,1951.92,1957.49,1951.92,1956.46,15.36617373,16
1688434200,1955.02,1957.11,1954.69,1954.7,1.44832522,4
1688435100,1951.91,1954.14,1951.91,1954.14,0.01924752,2
1688436000,1954.67,1954.67,1953.99,1953.99,0.09635137,2
1688436900,1953.88,1955.16,1953.78,1955.16,1.17579448,4
1688437800,1955.82,1955.97,1954.95,1954.95,3.2756256,5
1688439600,1955.75,1956.22,1955.75,1956.22,0.04701452,2
1688440500,1956.51,1959.6,1956.51,1959.6,0.83406009,5
1688441400,1960.47,1966.81,1960.47,1966.81,0.23385153,12
1688442300,1965.56,1965.56,1963.56,1963.56,0.75541133,2
1688443200,1963.24,1963.24,1960.16,1960.16,1.29185839,5
1688444100,1957.19,1958.47,1957.19,1958.47,0.08916005,3
1688445000,1957.35,1957.35,1954.24,1954.24,1.57681497,4
1688445900,1952.25,1954.05,1951.3,1954.05,0.24725432,6
1688446800,1953.24,1953.92,1951.63,1953.92,0.45163941,6
1688448600,1954.16,1954.88,1953.71,1953.71,15.36679733,8
1688449500,1952.64,1954.43,1952.64,1953.96,0.15180235,3
1688450400,1951.92,1952.11,1948.8,1952.11,1.96646905,8
1688451300,1954.6,1954.6,1954.6,1954.6,0.01220965,1
1688452200,1954.77,1955.16,1954.77,1955.16,15.92250377,4
1688454900,1954.65,1954.7,1953.54,1953.99,0.53521025,7
1688455800,1954.24,1954.3,1952.92,1952.92,0.28024135,10
1688456700,1952.92,1952.92,1950.8,1950.8,0.78424358,2
1688457600,1950.47,1951.24,1950.47,1951.24,0.42526995,4
1688458500,1949.93,1951.7,1949.93,1951.7,0.72232033,3
1688459400,1952.09,1952.25,1951.5,1951.5,1.94235242,7
1688460300,1951.5,1951.51,1949.74,1950.78,2.18491123,10
1688461200,1948.79,1951.14,1948.37,1951.14,10.74357262,18
1688462100,1952.67,1954.01,1952.67,1954.0,20.24433507,17
1688463000,1953.26,1953.26,1951.15,1953.23,0.56788841,3
1688464800,1954.8,1956.4,1954.77,1956.4,1.296417,5
1688465700,1954.8,1955.96,1954.8,1955.96,2.90445286,7
1688466600,1957.21,1957.52,1954.58,1955.69,7.49748101,11
1688467500,1956.9,1959.0,1956.9,1957.47,70.78961114,23
1688468400,1957.7,1957.7,1957.49,1957.49,18.14549522,5
1688469300,1957.49,1958.99,1957.49,1958.99,36.67936959,22
1688470200,1959.0,1961.27,1959.0,1961.27,1.33869155,10
1688471100,1959.79,1960.09,1959.79,1960.03,1.18181077,4
1688472000,1961.6,1961.6,1959.72,1960.01,8.16515705,18
1688472900,1959.97,1959.97,1958.31,1958.69,19.92924593,17
1688473800,1958.46,1958.46,1955.36,1955.89,2.04441199,14
1688474700,1956.01,1958.63,1955.58,1957.33,2.86453204,18
1688475600,1956.75,1957.32,1956.72,1957.32,9.61289689,11
1688476500,1956.93,1958.53,1956.93,1958.14,1.72878208,7
1688477400,1956.93,1958.12,1956.93,1958.12,25.90346761,8
1688478300,1955.89,1956.85,1955.0,1956.13,5.70787568,9
1688479200,1956.96,1958.71,1956.96,1958.41,1.35511368,7
1688480100,1959.17,1959.17,1958.83,1958.83,1.55546037,4
1688481000,1959.11,1960.01,1959.11,1960.01,4.78325594,5
1688481900,1957.5,1957.72,1955.39,1956.84,27.26679239,14
1688482800,1956.63,1958.18,1955.38,1957.6,91.17034092,39
1688483700,1958.62,1958.62,1952.4,1952.64,0.91006339,11
1688484600,1953.17,1955.84,1952.07,1952.07,3.50872858,8
1688485500,1952.08,1954.0,1951.31,1953.26,102.1815881,48
1688486400,1955.12,1955.57,1955.12,1955.57,6.81106891,4
1688487300,1957.25,1962.35,1957.25,1960.86,5.68426205,16
1688488200,1961.88,1963.41,1961.88,1962.82,0.98765038,6
1688489100,1958.48,1958.48,1952.54,1955.43,5.93380401,13
1688490000,1956.02,1956.02,1951.67,1953.21,33.24259782,16
1688490900,1953.25,1953.25,1951.96,1952.64,16.27405372,11
1688491800,1952.99,1952.99,1951.3,1951.3,0.2822009,11
1688492700,1951.31,1951.31,1948.4,1949.58,2.48157834,10
1688493600,1949.16,1949.36,1947.46,1949.36,13.16242509,9
1688494500,1946.78,1953.53,1946.26,1953.53,9.04836095,19
1688495400,1951.45,1951.45,1951.45,1951.45,0.046286,1
1688496300,1951.16,1951.92,1950.77,1950.77,17.98405486,18
1688497200,1949.64,1949.64,1939.58,1941.95,6.74136776,64
1688498100,1942.4,1944.44,1937.85,1939.98,4.7634405,19
1688499000,1939.05,1939.05,1931.46,1937.66,8.85011434,51
1688499900,1936.29,1937.66,1935.47,1937.66,1.41012823,3
1688500800,1933.42,1937.07,1933.2,1936.72,3.85199718,13
1688501700,1938.51,1939.3,1938.51,1939.29,4.43189724,12
1688502600,1938.89,1941.36,1938.89,1940.38,0.37014081,9
1688503500,1941.81,1941.86,1941.28,1941.86,4.75652285,7
1688504400,1942.04,1942.04,1941.59,1941.59,1.20436,7
1688505300,1940.23,1941.87,1939.98,1941.69,3.56349796,8
1688506200,1940.45,1941.57,1938.75,1940.51,0.25666582,9
1688507100,1941.09,1942.06,1941.09,1942.06,0.43703648,7
1688508000,1940.88,1941.44,1940.88,1941.44,6.61791879,6
1688508900,1942.02,1942.02,1941.06,1941.77,0.07131072,4
1688509800,1939.21,1939.63,1939.21,1939.47,0.32441259,3
1688510700,1941.15,1941.15,1941.13,1941.14,0.72388612,3
1688511600,1940.9,1940.9,1940.01,1940.27,1.29224633,8
1688512500,1939.0,1939.0,1937.04,1937.93,37.94620674,18
1688513400,1939.5,1939.5,1939.5,1939.5,0.0507841,1
1688514300,1938.98,1938.98,1936.77,1936.77,0.46455454,2
1688515200,1937.96,1937.96,1937.96,1937.96,0.06122543,1
1688516100,1937.99,1942.08,1937.99,1942.08,88.48440101,23
1688517000,1938.33,1939.31,1938.01,1939.15,111.66745002,29
1688517900,1938.48,1938.48,1938.48,1938.48,0.13477926,1
1688519700,1941.12,1941.25,1941.12,1941.25,0.56771876,3
1688520600,1940.62,1940.62,1940.61,1940.61,0.50234,2
1688521500,1939.49,1940.15,1939.49,1940.15,0.18773347,2
1688522400,1940.35,1940.35,1939.96,1939.96,0.36437379,2
1688523300,1941.34,1941.92,1941.33,1941.92,1.46250091,4
1688524200,1941.02,1941.02,1940.85,1940.85,0.09749628,2
1688525100,1940.19,1941.7,1940.19,1941.7,19.84175268,13
1688526000,1942.12,1942.12,1942.06,1942.06,8.16196322,2
1688526900,1939.41,1940.25,1939.41,1939.8,0.11596618,4
1688527800,1939.75,1939.75,1939.75,1939.75,0.503,2
1688528700,1941.16,1941.16,1941.16,1941.16,0.05764608,1
1688529600,1938.21,1938.21,1938.01,1938.01,9.69346322,3
1688530500,1938.0,1938.0,1937.94,1937.94,4.23035385,6
1688531400,1937.88,1937.88,1937.11,1937.11,2.60973157,5
1688532300,1936.59,1936.59,1936.59,1936.59,0.08026992,1
1688533200,1936.55,1936.55,1936.54,1936.55,20.6679655,45
1688534100,1938.12,1938.12,1936.65,1938.02,1.95998204,4
1688535000,1937.98,1937.99,1935.66,1935.66,0.15529245,4
1688535900,1935.45,1935.84,1933.91,1933.91,1.4847117,8
1688536800,1933.97,1935.63,1933.97,1935.58,8.37219691,13
1688537700,1934.54,1934.79,1933.8,1933.8,0.36483033,4
1688538600,1933.8,1937.3,1933.79,1936.3,27.46199575,13
1688539500,1936.44,1937.51,1935.54,1937.51,16.86222878,9
1688540400,1937.88,1937.92,1936.53,1937.54,4.21258678,12
1688541300,1937.48,1938.19,1937.48,1938.19,0.06796377,3
1688542200,1937.52,1937.52,1936.56,1936.89,16.83055196,9
1688543100,1937.12,1937.3,1936.63,1936.63,0.52138,4
1688544000,1936.63,1936.63,1934.97,1935.57,2.21636756,13
1688544900,1935.35,1935.35,1918.0,1930.67,129.63202482,131
1688545800,1929.88,1934.07,1929.72,1931.42,15.81731295,16
1688546700,1930.96,1931.83,1928.41,1931.83,0.79872417,9
1688547600,1929.86,1929.88,1927.62,1927.62,1.11797912,7
1688548500,1926.5,1927.83,1925.12,1925.59,65.90879197,42
1688549400,1926.54,1926.54,1925.72,1925.72,0.16219588,2
1688550300,1924.98,1925.0,1924.12,1924.12,3.372575,6
1688551200,1923.03,1923.45,1921.67,1921.67,6.40278451,14
1688552100,1923.41,1924.87,1923.41,1923.61,20.97861638,17
1688553000,1923.62,1923.62,1907.0,1909.98,32.18937345,103
1688553900,1911.83,1913.65,1909.0,1910.37,9.02750139,17
1688554800,1910.22,1914.84,1910.22,1914.71,7.29741358,21
1688555700,1916.68,1916.68,1913.73,1914.16,9.09821743,18
1688556600,1914.05,1915.69,1911.78,1915.69,14.94223649,15
1688557500,1911.53,1911.66,1910.9,1910.97,1.49344039,4
1688558400,1909.79,1913.12,1908.73,1908.73,2.03449518,9
1688559300,1907.82,1911.93,1905.6,1909.19,1.91118387,13
1688560200,1911.18,1912.8,1910.03,1910.18,0.97532799,20
1688561100,1908.0,1908.08,1899.24,1903.26,19.70191211,55
1688562000,1902.28,1904.54,1896.0,1900.0,36.44379039,33
1688562900,1899.22,1900.48,1897.15,1897.29,1.87930197,7
1688563800,1898.6,1904.66,1898.6,1903.88,12.80501293,15
1688564700,1905.0,1905.0,1904.48,1904.62,0.40966665,5
1688565600,1905.0,1906.59,1905.0,1905.01,6.58382414,9
1688566500,1905.8,1908.06,1905.79,1907.72,29.18808967,11
1688567400,1909.24,1910.48,1907.84,1910.48,27.03554286,26
1688568300,1910.67,1911.56,1910.45,1911.22,31.13443961,20
1688569200,1911.23,1911.23,1907.56,1907.62,3.23912403,6
1688570100,1905.71,1906.54,1904.28,1905.59,20.94010173,15
1688571000,1904.96,1904.96,1896.53,1899.52,23.934317,23
1688571900,1903.41,1903.83,1902.36,1902.65,19.71744097,12
1688572800,1902.71,1903.95,1901.97,1903.66,0.48733204,7
1688573700,1906.58,1909.26,1906.58,1909.26,16.18140899,16
1688574600,1907.62,1908.2,1906.76,1907.89,3.23560645,11
1688575500,1908.5,1909.66,1908.5,1909.66,1.40405453,3
1688576400,1909.23,1914.56,1908.3,1914.23,52.19215695,22
1688577300,1913.14,1914.03,1913.14,1913.7,9.96394461,3
1688578200,1915.0,1915.0,1911.84,1913.18,1.97631815,13
1688579100,1913.5,1913.5,1911.57,1913.07,6.00419541,11
1688580000,1914.0,1916.69,1912.82,1913.52,7.82824778,23
1688580900,1912.01,1912.01,1910.01,1910.01,13.25594828,7
1688581800,1910.0,1910.76,1908.07,1910.0,32.44237157,12
1688582700,1908.7,1910.01,1908.7,1909.88,13.12909467,9
1688583600,1909.71,1911.45,1909.71,1911.45,0.82400726,5
1688584500,1911.86,1913.4,1911.86,1913.4,0.07271528,3
1688585400,1910.94,1910.94,1910.8,1910.8,13.05609457,9
1688586300,1910.33,1911.03,1908.14,1908.14,8.20080944,4
1688587200,1907.81,1908.5,1906.25,1908.5,0.91546985,6
1688588100,1907.86,1908.98,1907.86,1908.98,13.26716389,13
1688589000,1908.98,1911.26,1908.98,1911.26,65.13958905,25
1688589900,1911.23,1911.23,1909.7,1910.13,18.63983865,23
1688590800,1909.66,1909.79,1909.66,1909.72,0.18357703,3
1688591700,1912.15,1912.15,1912.15,1912.15,0.01303436,1
1688592600,1913.13,1913.13,1908.77,1908.77,1.22833473,3
1688593500,1909.07,1910.53,1908.68,1910.52,8.25016191,16
1688594400,1911.0,1911.0,1909.58,1909.58,1.31230603,5
1688595300,1915.27,1915.27,1910.24,1910.24,15.02092634,9
1688596200,1909.64,1909.64,1908.68,1908.68,0.56851288,2
1688597100,1908.0,1908.34,1908.0,1908.33,0.54994683,4
1688598000,1908.01,1908.68,1908.0,1908.67,5.18190806,8
1688598900,1909.05,1909.05,1909.05,1909.05,0.26345423,1
1688599800,1915.1,1915.1,1915.1,1915.1,0.052404,1
1688600700,1914.41,1914.41,1910.6,1910.6,0.15815631,2
1688601600,1909.22,1909.89,1909.22,1909.89,0.18695615,4
1688602500,1912.33,1912.33,1912.03,1912.03,38.79979,21
1688603400,1908.71,1908.71,1906.76,1906.76,0.44788309,6
1688604300,1904.96,1904.96,1903.78,1903.78,0.04983366,5
1688605200,1905.2,1905.2,1903.31,1903.82,8.73852767,34
1688606100,1903.82,1903.94,1900.23,1901.77,5.38937794,143
1688607000,1904.34,1905.07,1904.31,1905.07,2.61659,4
1688607900,1907.06,1907.62,1907.06,1907.62,0.28900156,2
1688608800,1910.68,1913.29,1910.68,1913.29,0.05414573,3
1688609700,1912.16,1912.16,1911.46,1911.46,0.10574457,2
1688610600,1913.58,1913.58,1913.26,1913.26,0.04985418,2
1688612400,1912.54,1913.21,1912.08,1913.21,0.17781022,3
1688613300,1913.8,1913.8,1913.8,1913.8,0.0185,1
1688614200,1913.81,1915.02,1913.81,1914.5,1.57559642,4
1688615100,1913.99,1913.99,1913.85,1913.85,10.77231548,3
1688616000,1914.92,1914.92,1914.5,1914.5,0.50344517,2
1688616900,1915.49,1915.67,1915.49,1915.67,0.11301895,2
1688617800,1913.5,1913.5,1913.4,1913.4,0.07721137,2
1688618700,1911.58,1911.81,1911.32,1911.32,23.56207322,14
1688619600,1910.52,1910.53,1910.51,1910.51,2.18009065,4
1688620500,1912.16,1913.18,1912.16,1913.18,0.66345896,2
1688621400,1913.87,1920.57,1913.87,1919.71,2.30733797,16
1688622300,1920.23,1921.99,1920.23,1920.78,0.29850954,5
1688623200,1922.47,1922.59,1920.01,1920.43,1.79226693,7
1688624100,1921.63,1922.85,1921.06,1922.61,4.12223058,12
1688625000,1922.66,1923.96,1922.38,1922.38,4.83354626,21
1688625900,1924.15,1926.03,1923.74,1923.74,27.07388844,37
1688626800,1924.43,1924.43,1919.98,1923.52,102.16179399,47
1688627700,1923.52,1926.16,1922.48,1925.69,201.49518741,90
1688628600,1926.12,1930.0,1925.17,1928.34,117.75496139,67
1688629500,1928.2,1929.37,1924.96,1925.2,5.53615025,28
1688630400,1926.33,1926.33,1926.33,1926.33,0.95,2
1688631300,1927.19,1927.26,1926.42,1927.03,71.85817076,71
1688632200,1926.34,1934.06,1926.34,1933.74,105.92891422,41
1688633100,1934.08,1948.49,1934.08,1948.49,215.99368952,90
1688634000,1948.7,1956.41,1946.16,1951.53,11.04166976,52
1688634900,1952.85,1956.55,1951.68,1952.89,13.17518949,22
1688635800,1952.52,1952.52,1942.51,1942.51,6.75589396,27
1688636700,1942.51,1943.39,1940.19,1941.41,19.46351151,18
1688637600,1943.9,1943.9,1939.68,1940.75,20.14181396,11
1688638500,1939.6,1939.65,1939.59,1939.6,2.19192202,6
1688639400,1939.6,1939.6,1939.59,1939.59,0.1211661,2
1688640300,1941.0,1945.3,1941.0,1945.3,2.11762297,9
1688641200,1944.29,1944.84,1940.46,1940.46,2.73209891,7
1688642100,1940.42,1940.42,1939.12,1939.39,4.27760623,10
1688643000,1939.55,1939.65,1937.87,1937.88,10.45723417,16
1688643900,1937.63,1937.63,1912.93,1918.13,21.74104774,102
1688644800,1917.76,1917.76,1906.0,1909.03,18.47203134,46
1688645700,1908.78,1909.84,1908.19,1909.84,1.47692327,7
1688646600,1905.67,1905.67,1893.0,1897.73,7.25735537,87
1688647500,1897.71,1903.06,1897.71,1901.99,3.62171559,12
1688648400,1901.99,1906.92,1901.99,1904.83,8.77229344,17
1688649300,1903.67,1905.43,1903.62,1903.68,2.79868118,20
1688650200,1903.43,1903.75,1898.33,1900.42,5.45610141,11
1688651100,1896.28,1900.15,1888.98,1892.06,10.45322006,55
1688652000,1890.62,1896.27,1877.0,1886.25,144.24218276,112
1688652900,1886.91,1886.91,1870.76,1870.9,11.86763963,55
1688653800,1874.25,1879.8,1865.96,1878.69,49.50161006,55
1688654700,1879.75,1879.75,1876.07,1878.62,4.0589308,10
1688655600,1877.34,1878.84,1876.11,1876.11,2.48188128,12
1688656500,1876.1,1883.91,1875.12,1882.94,13.69986694,27
1688657400,1882.12,1890.37,1882.12,1890.37,0.6991834,11
1688658300,1890.4,1891.07,1887.86,1889.28,24.53126744,15
1688659200,1890.0,1890.0,1885.46,1887.89,66.30618834,72
1688660100,1886.17,1887.3,1884.37,1884.37,0.85160918,4
1688661000,1884.85,1884.86,1880.18,1880.18,21.73500423,26
1688661900,1880.42,1887.59,1880.38,1886.94,3.22187881,7
1688662800,1885.92,1887.77,1885.77,1885.77,0.27080351,4
1688663700,1885.87,1885.87,1885.77,1885.77,1.77862863,2
1688664600,1884.19,1885.91,1884.19,1885.33,0.31887936,3
1688665500,1882.88,1886.64,1882.88,1886.63,15.75673262,10
1688666400,1888.01,1889.82,1888.01,1889.82,1.74954825,3
1688667300,1888.2,1888.89,1886.53,1886.53,0.29277381,4
1688668200,1888.42,1888.42,1885.39,1885.39,0.41806238,3
1688669100,1885.99,1891.62,1885.99,1891.62,1.03057262,8
1688670000,1892.24,1892.24,1888.2,1888.2,8.22682609,11
1688670900,1888.18,1888.18,1888.18,1888.18,0.01,1
1688671800,1890.55,1890.55,1886.51,1887.28,2.83056394,8
1688672700,1887.33,1888.21,1885.85,1885.85,27.93651127,15
1688673600,1885.38,1887.89,1880.69,1880.69,14.8075478,25
1688675400,1881.7,1881.7,1880.32,1880.97,0.65505477,5
1688676300,1881.59,1883.32,1881.58,1883.32,1.83859154,6
1688677200,1886.23,1886.23,1886.23,1886.23,0.04398456,1
1688678100,1880.0,1880.0,1876.42,1878.1,32.68511159,6
1688679000,1879.22,1879.22,1873.08,1873.08,89.18047268,41
1688679900,1873.92,1875.17,1873.67,1875.17,0.73749429,3
1688680800,1872.81,1874.14,1872.0,1872.58,1.16752108,13
1688681700,1872.57,1874.7,1872.04,1874.42,22.17508749,6
1688682600,1875.12,1875.12,1875.12,1875.12,0.01333248,1
1688683500,1873.29,1873.29,1865.25,1865.25,3.12518081,25
1688684400,1865.14,1865.14,1853.11,1856.2,35.6141627,58
1688685300,1857.11,1857.98,1851.0,1857.98,2.07228021,15
1688686200,1857.92,1857.92,1857.92,1857.92,0.21664075,1
1688687100,1854.26,1854.26,1848.0,1848.0,39.11797064,23
1688688000,1847.51,1847.51,1827.57,1840.34,96.82414757,135
1688688900,1843.12,1843.14,1840.02,1840.02,0.61655368,5
1688689800,1837.31,1846.89,1837.31,1846.89,1.11512231,12
1688690700,1844.72,1847.41,1844.72,1846.34,1.8022214,9
1688691600,1844.21,1845.41,1844.21,1845.41,0.0975429,3
1688692500,1846.7,1846.7,1844.38,1846.4,0.87998756,5
1688693400,1848.67,1851.65,1848.67,1851.65,1.32807198,7
1688694300,1851.66,1851.66,1851.66,1851.66,1,1
1688695200,1851.03,1851.52,1851.03,1851.06,2.46349804,4
1688696100,1850.72,1851.86,1850.72,1851.86,1.04238005,2
1688697000,1851.67,1853.7,1851.67,1853.46,1.494549,8
1688697900,1853.99,1854.07,1853.99,1854.07,0.04728403,4
1688698800,1853.98,1854.25,1853.98,1854.06,0.70261702,5
1688699700,1854.25,1857.97,1854.25,1857.65,1.08879061,12
1688700600,1855.75,1859.05,1855.75,1859.05,7.2329728,3
1688701500,1856.27,1858.29,1856.27,1858.29,0.40363446,3
1688702400,1858.41,1858.41,1858.41,1858.41,0.01345179,1
1688703300,1856.35,1856.35,1854.3,1854.3,1.26367835,3
1688704200,1853.98,1855.33,1853.98,1855.17,2.05583247,3
1688705100,1855.16,1855.16,1853.98,1854.44,2.58811385,5
1688706000,1854.57,1854.57,1852.97,1852.97,66.20994047,7
1688706900,1853.65,1860.65,1853.65,1860.65,68.76545157,19
1688707800,1861.74,1862.99,1861.63,1861.63,5.4285229,16
1688708700,1860.06,1860.06,1858.92,1858.92,3.81019194,3
1688709600,1857.91,1858.87,1857.91,1858.87,0.20800257,3
1688710500,1859.05,1859.06,1855.68,1855.68,2.10689583,5
1688711400,1854.1,1856.33,1854.1,1856.18,0.54036785,4
1688712300,1855.71,1856.1,1855.71,1856.1,1.16014459,4
1688713200,1856.18,1856.18,1855.81,1855.81,1.19762082,3
1688714100,1855.7,1857.27,1855.0,1855.0,45.21655256,13
1688715000,1855.5,1857.31,1853.81,1856.88,36.6898377,21
1688715900,1858.37,1858.37,1854.39,1857.1,53.71424021,21
1688716800,1856.45,1860.92,1855.28,1860.92,4.87083352,12
1688717700,1861.0,1861.0,1856.74,1857.18,30.63652385,16
1688718600,1856.86,1859.2,1856.86,1858.52,2.4249242,5
1688719500,1858.15,1858.15,1857.2,1857.2,0.80977638,2
1688720400,1859.56,1859.56,1858.31,1858.31,0.72795141,3
1688721300,1859.87,1861.16,1859.87,1860.04,31.36594842,10
1688722200,1861.34,1863.42,1860.82,1863.42,3.35983459,9
1688723100,1863.42,1864.89,1860.99,1861.25,8.72140538,12
1688724000,1860.88,1860.88,1858.92,1859.19,0.5800965,7
1688724900,1859.61,1859.96,1859.61,1859.96,20.12369158,5
1688725800,1860.38,1861.86,1860.38,1861.45,0.45170392,7
1688726700,1863.69,1863.7,1863.69,1863.7,0.84450294,2
1688727600,1862.91,1863.87,1861.61,1861.61,0.95575886,5
1688728500,1863.53,1864.26,1863.4,1864.26,1.78791709,5
1688730300,1863.29,1863.46,1860.3,1860.32,4.59801615,12
1688731200,1861.74,1864.0,1861.22,1861.52,8.69581486,6
1688732100,1860.0,1860.0,1856.43,1856.43,0.8535856,7
1688733000,1865.17,1871.61,1852.37,1859.11,22.01340706,44
1688733900,1861.91,1864.57,1859.47,1862.37,3.32125634,22
1688734800,1861.5,1867.27,1860.97,1866.46,7.283167,14
1688735700,1865.78,1867.18,1864.28,1867.18,5.0208441,6
1688736600,1867.47,1867.64,1866.68,1866.84,0.41168705,5
1688737500,1868.69,1872.59,1868.69,1872.59,11.76670287,13
1688738400,1872.59,1877.55,1870.8,1870.8,6.03524699,27
1688739300,1868.49,1873.14,1867.95,1872.63,108.03886288,28
1688740200,1872.03,1872.03,1868.85,1870.81,0.81944572,6
1688741100,1872.35,1873.62,1871.86,1873.62,1.19044427,4
1688742000,1873.84,1874.69,1870.37,1870.37,52.00523236,34
1688742900,1872.38,1872.4,1871.66,1872.39,1.04845062,9
1688743800,1871.66,1871.66,1867.86,1869.57,3.66461175,6
1688744700,1868.66,1872.4,1868.34,1872.4,8.85529528,7
1688745600,1872.4,1874.89,1870.86,1873.83,1.07537419,9
1688746500,1871.64,1871.64,1869.3,1869.3,16.22700304,15
1688747400,1870.35,1873.19,1870.35,1873.19,3.19270468,9
1688748300,1871.83,1872.23,1871.05,1871.05,5.06054369,8
1688749200,1870.84,1870.87,1870.34,1870.87,0.57955681,7
1688750100,1871.82,1871.82,1870.29,1870.29,9.03967956,8
1688751000,1868.82,1869.31,1868.65,1869.21,3.74893,8
1688751900,1869.29,1869.29,1866.3,1866.3,2.97520436,14
1688752800,1867.71,1867.71,1865.73,1865.73,1.2463431,4
1688753700,1866.43,1866.43,1865.5,1865.5,0.23502485,3
1688754600,1865.29,1865.29,1862.14,1863.45,1.39149462,11
1688755500,1863.59,1863.59,1858.73,1858.73,2.16807921,12
1688756400,1858.53,1859.82,1858.53,1859.82,1.86090201,5
1688757300,1861.56,1862.84,1860.71,1862.84,0.45725114,8
1688758200,1862.76,1864.03,1862.76,1864.03,0.63073718,5
1688759100,1863.16,1863.48,1863.16,1863.48,0.58899436,2
1688760000,1864.24,1864.24,1863.64,1863.73,0.16880249,3
1688760900,1864.64,1864.74,1863.53,1863.53,0.10002132,4
1688761800,1864.9,1864.9,1863.72,1863.72,0.98784819,6
1688762700,1864.81,1864.81,1864.58,1864.58,0.07081234,2
1688763600,1865.6,1868.24,1865.6,1868.24,16.8253504,14
1688764500,1868.57,1869.57,1868.01,1869.57,7.92184918,16
1688765400,1870.98,1870.98,1870.22,1870.22,0.20720131,2
1688766300,1869.54,1870.55,1869.54,1870.54,2.77898077,4
1688767200,1869.07,1869.23,1868.98,1869.23,0.2075366,4
1688768100,1868.89,1868.89,1868.89,1868.89,1.91908,1
1688769000,1869.05,1869.05,1867.4,1867.4,7.97804586,6
1688769900,1867.29,1868.66,1867.29,1868.65,1.11308,3
1688770800,1868.51,1869.17,1868.5,1868.96,3.7794045,5
1688775300,1868.85,1869.14,1868.85,1869.13,0.75812,3
1688776200,1869.06,1869.06,1867.88,1867.88,1.38787112,5
1688777100,1870.39,1870.39,1870.39,1870.39,0.04108734,1
1688778000,1871.0,1871.54,1869.57,1869.57,0.16878,3
1688778900,1869.74,1869.74,1869.74,1869.74,0.0143,1
1688779800,1868.76,1868.76,1868.76,1868.76,0.01189797,1
1688781600,1867.62,1870.12,1867.46,1870.12,4.5684,7
1688782500,1869.76,1869.76,1869.76,1869.76,0.13904,1
1688783400,1868.42,1868.42,1867.66,1867.66,0.625,2
1688785200,1868.12,1868.13,1868.12,1868.13,0.55,2
1688786100,1866.23,1866.31,1865.24,1865.24,1.48551647,4
1688787000,1864.83,1865.08,1864.57,1864.57,0.11669374,4
1688788800,1862.65,1862.65,1860.71,1862.03,0.58206285,7
1688789700,1860.74,1862.42,1860.74,1862.04,0.14876158,4
1688790600,1862.02,1862.05,1862.01,1862.05,1.20279,3
1688792400,1860.7,1860.7,1859.04,1859.04,0.20176977,4
1688794200,1859.94,1860.09,1859.9,1860.09,0.33751499,3
1688795100,1859.72,1862.13,1859.72,1862.13,0.30807,2
1688796000,1863.25,1863.25,1862.14,1862.14,0.39356316,2
1688796900,1858.88,1858.88,1857.46,1857.46,1.17557131,8
1688797800,1856.86,1856.86,1856.74,1856.74,0.76032027,4
1688798700,1858.01,1858.01,1857.56,1857.56,7.05486029,4
1688799600,1857.54,1857.54,1857.54,1857.54,0.5227,1
1688800500,1858.65,1859.37,1858.65,1858.72,1.08545953,3
1688801400,1859.89,1859.89,1859.89,1859.89,0.42168,1
1688802300,1861.47,1861.56,1860.91,1860.91,3.09554272,4
1688803200,1861.67,1863.04,1861.67,1863.04,0.54781723,2
1688804100,1864.34,1864.34,1864.02,1864.02,0.13669097,3
1688805000,1865.85,1865.85,1865.85,1865.85,0.51247,1
1688805900,1863.89,1865.5,1863.89,1865.5,0.07054714,2
1688806800,1865.65,1866.52,1865.06,1866.46,29.51539669,15
1688807700,1866.24,1866.24,1862.79,1862.79,0.2179847,3
1688808600,1865.55,1865.55,1864.76,1864.76,0.3656436,3
1688809500,1861.72,1863.24,1861.72,1863.24,1.1899057,6
1688811300,1863.5,1863.5,1863.3,1863.3,1.18467681,5
1688813100,1862.24,1863.01,1862.24,1863.0,0.44824175,3
1688814000,1862.99,1863.0,1861.71,1861.89,9.71821981,5
1688814900,1859.18,1859.67,1859.18,1859.67,0.06508433,2
1688815800,1859.67,1859.67,1859.17,1859.17,0.57780043,3
1688816700,1859.16,1859.16,1859.16,1859.16,0.02681,1
1688817600,1858.67,1858.67,1857.64,1857.64,0.6272582,3
1688818500,1857.63,1857.99,1857.63,1857.95,2.72691336,3
1688819400,1857.95,1858.15,1856.08,1856.97,1.47835572,21
1688820300,1858.32,1858.32,1855.75,1855.75,15.13131437,9
1688821200,1856.42,1857.83,1856.42,1857.83,1.45427682,5
1688822100,1858.41,1859.11,1858.26,1859.08,4.25284249,7
1688823000,1859.96,1860.26,1859.61,1859.83,5.49384536,8
1688823900,1859.47,1859.47,1859.46,1859.46,1.04829,2
1688824800,1859.93,1859.98,1858.67,1859.45,11.58099747,6
1688825700,1859.17,1860.83,1859.17,1860.83,0.6256,2
1688826600,1860.39,1860.55,1860.39,1860.55,10.59014635,3
1688827500,1860.4,1860.4,1859.23,1859.23,2.05105176,5
1688828400,1861.47,1861.47,1861.47,1861.47,0.10174,1
1688829300,1860.48,1861.13,1860.48,1861.13,0.89351389,4
1688830200,1862.18,1862.18,1862.18,1862.18,0.05544564,1
1688831100,1861.25,1861.25,1859.43,1859.43,2.74702496,6
1688832000,1861.1,1861.1,1861.1,1861.1,0.0529322,1
1688832900,1862.07,1862.26,1862.07,1862.15,2.62736939,3
1688835600,1862.75,1862.75,1862.32,1862.65,1.14498478,3
1688836500,1862.64,1862.95,1861.76,1861.85,0.5039351,5
1688837400,1861.81,1861.81,1861.81,1861.81,0.98052949,3
1688838300,1862.39,1862.39,1862.39,1862.39,0.01776833,1
1688839200,1861.81,1861.81,1861.49,1861.49,0.32913416,3
1688840100,1859.21,1859.21,1859.21,1859.21,0.06453729,1
1688841900,1858.7,1859.24,1858.7,1859.24,0.13639198,2
1688842800,1858.71,1858.71,1858.46,1858.46,0.38692151,4
1688843700,1857.64,1857.64,1846.68,1848.41,24.55650662,48
1688844600,1847.65,1850.07,1847.55,1848.51,7.14576758,15
1688845500,1846.09,1846.09,1846.09,1846.09,0.01039,1
1688846400,1846.68,1847.37,1844.56,1846.96,66.73222636,13
1688847300,1847.25,1847.45,1847.25,1847.45,2.80248078,3
1688848200,1844.71,1846.29,1844.42,1846.29,2.91673917,4
1688849100,1847.43,1848.33,1847.43,1848.33,0.5855027,3
1688850000,1847.2,1847.2,1846.51,1846.51,0.54128,4
1688850900,1847.39,1847.67,1847.39,1847.67,0.02804493,2
1688851800,1852.74,1853.21,1852.74,1853.21,0.04060921,3
1688852700,1853.99,1856.69,1853.96,1856.69,0.72269715,10
1688853600,1856.38,1856.38,1856.15,1856.15,6.04714663,2
1688854500,1856.59,1856.59,1856.3,1856.3,0.09400847,2
1688855400,1856.9,1857.04,1856.9,1857.04,0.1870498,2
1688856300,1859.85,1859.85,1859.85,1859.85,0.01446078,2
1688857200,1860.91,1860.91,1860.91,1860.91,0.015,2
1688859000,1863.32,1863.42,1863.31,1863.42,0.23409825,5
1688859900,1864.45,1865.17,1864.45,1865.17,0.08090035,2
1688862600,1865.17,1869.22,1865.17,1867.2,5.69998671,14
1688864400,1870.29,1872.75,1870.29,1872.75,0.61664886,11
1688865300,1873.05,1873.05,1870.39,1870.99,4.27443174,4
1688866200,1870.35,1870.35,1869.54,1869.54,0.26833312,5
1688867100,1868.52,1868.52,1868.52,1868.52,0.01,1
1688868000,1869.81,1869.81,1869.29,1869.29,0.66666544,2
1688868900,1871.24,1871.3,1869.93,1869.93,5.61754572,4
1688869800,1866.19,1866.3,1866.19,1866.3,0.0714585,2
1688870700,1867.57,1867.57,1867.57,1867.57,0.8059,1
1688871600,1868.26,1868.26,1868.26,1868.26,0.05278884,1
1688872500,1868.07,1868.07,1867.49,1867.56,2.70733045,5
1688873400,1869.83,1869.83,1869.83,1869.83,0.25,1
1688875200,1867.75,1867.75,1867.4,1867.4,0.25031385,3
1688877000,1868.06,1868.06,1868.06,1868.06,0.02663594,1
1688877900,1869.98,1870.0,1869.88,1869.99,4.17752661,7
1688878800,1869.99,1870.0,1869.99,1869.99,1.62006588,5
1688879700,1869.99,1870.0,1869.98,1870.0,0.41182161,3
1688881500,1867.45,1867.45,1867.16,1867.16,0.60126,4
1688882400,1867.38,1867.38,1867.38,1867.38,0.05355125,1
1688883300,1866.4,1866.51,1866.34,1866.42,1.53,5
1688884200,1867.11,1867.11,1867.11,1867.11,0.01235188,1
1688885100,1867.1,1867.1,1867.1,1867.1,0.02678093,1
1688886000,1866.92,1868.45,1866.92,1868.45,0.23470405,2
1688887800,1865.95,1865.95,1863.28,1863.28,59.99376554,13
1688888700,1866.35,1866.35,1866.1,1866.1,0.03,3
1688889600,1866.92,1866.92,1866.92,1866.92,0.05935777,1
1688891400,1867.93,1868.14,1867.31,1867.98,17.09518149,8
1688892300,1867.47,1868.5,1867.47,1868.28,50.59484828,16
1688893200,1867.8,1868.38,1867.8,1867.99,0.66013088,4
1688894100,1867.63,1867.63,1867.63,1867.63,0.06,1
1688895000,1867.62,1867.62,1866.22,1866.22,0.05356416,2
1688895900,1866.53,1867.71,1866.53,1867.71,2.6508958,6
1688896800,1867.04,1867.04,1867.04,1867.04,2.17546,2
1688897700,1867.8,1867.84,1867.45,1867.45,0.81173464,4
1688898600,1869.0,1869.0,1867.61,1867.82,4.44252399,6
1688899500,1867.1,1867.56,1867.1,1867.32,1.26767441,3
1688900400,1865.92,1865.92,1865.62,1865.88,0.25357353,3
1688901300,1865.95,1866.25,1865.95,1866.25,1.17901744,3
1688902200,1867.86,1867.87,1867.39,1867.87,1.13137286,12
1688903100,1867.87,1869.39,1867.87,1869.14,0.66530303,3
1688904000,1869.13,1869.13,1869.13,1869.13,0.125,1
1688904900,1868.55,1872.05,1868.55,1872.05,3.31461415,9
1688905800,1872.75,1877.65,1872.75,1875.98,3.00471756,26
1688907600,1877.64,1877.64,1875.92,1876.06,8.16340385,5
1688908500,1874.5,1874.5,1874.18,1874.18,0.31997583,2
1688909400,1871.74,1871.74,1871.74,1871.74,0.01154726,1
1688910300,1870.4,1870.4,1866.08,1866.26,2.53531643,7
1688911200,1865.22,1865.22,1859.28,1859.71,17.81738994,25
1688912100,1859.1,1861.48,1859.1,1861.48,0.5223117,3
1688913000,1862.15,1871.97,1862.15,1867.86,11.47803084,14
1688913900,1866.63,1868.54,1866.63,1868.29,3.25760584,5
1688914800,1867.54,1868.55,1867.54,1868.55,1.09653199,6
1688915700,1863.25,1867.45,1863.25,1867.45,2.07180413,6
1688916600,1866.72,1866.72,1866.72,1866.72,0.17358,1
1688917500,1865.23,1865.54,1865.23,1865.54,3.8351386,4
1688918400,1865.11,1865.11,1862.8,1862.8,0.95638595,5
1688920200,1864.62,1866.49,1864.62,1865.87,0.17321598,4
1688921100,1863.94,1863.94,1863.94,1863.94,0.01057258,1
1688922000,1864.0,1864.0,1863.77,1863.77,0.03608831,2
1688922900,1864.14,1865.82,1864.14,1865.77,0.92615504,5
1688923800,1865.85,1865.85,1865.85,1865.85,0.19611,1
1688924700,1866.82,1867.0,1866.82,1867.0,0.07678715,2
1688925600,1867.0,1867.0,1866.99,1866.99,0.07391049,2
1688926500,1866.61,1866.73,1866.17,1866.17,0.54319846,4
1688927400,1866.11,1866.11,1866.11,1866.11,0.289266,1
1688928300,1867.0,1867.92,1866.43,1866.43,5.27928939,9
1688929200,1866.18,1866.18,1864.65,1864.65,0.70907667,4
1688930100,1864.05,1865.16,1863.79,1865.16,0.30933387,5
1688931000,1865.28,1866.97,1865.28,1866.97,0.6543711,4
1688931900,1867.65,1868.72,1867.65,1868.06,0.31769376,4
1688932800,1868.55,1869.3,1868.29,1869.3,10.3498127,9
1688933700,1870.57,1870.57,1869.83,1869.83,0.55588047,4
1688934600,1867.12,1867.43,1864.54,1867.43,0.11679907,5
1688935500,1867.5,1869.26,1867.5,1869.26,1.50636746,3
1688936400,1870.2,1871.04,1870.2,1871.03,0.350763,3
1688937300,1870.2,1870.2,1867.15,1869.13,0.30842433,4
1688938200,1870.85,1870.85,1870.85,1870.85,0.10217,1
1688939100,1869.0,1869.01,1864.32,1864.32,23.85533118,8
1688940000,1863.77,1863.77,1858.09,1858.09,0.31654027,4
1688940900,1860.76,1863.11,1860.76,1862.6,5.50882724,9
1688941800,1865.17,1865.2,1865.17,1865.2,0.53613726,2
1688942700,1867.51,1867.51,1866.05,1867.29,1.82599025,8
1688943600,1866.14,1866.14,1866.01,1866.01,0.0567,2
1688944500,1863.02,1865.0,1863.02,1865.0,150.60910469,34
1688945400,1864.01,1864.01,1864.01,1864.01,0.01785229,1
1688946300,1862.44,1862.49,1862.41,1862.46,5.77378,4
1688947200,1862.31,1862.31,1850.58,1852.65,2.35361759,30
1688948100,1850.0,1852.03,1849.66,1852.03,24.43676993,6
1688949000,1859.85,1859.85,1856.72,1856.72,0.21446078,2
1688949900,1853.63,1853.63,1853.63,1853.63,0.01077598,1
1688950800,1854.1,1855.03,1854.1,1854.71,0.12562085,3
1688951700,1855.33,1856.84,1855.33,1856.84,0.07956708,2
1688953500,1854.56,1854.56,1853.0,1853.0,0.08103253,2
1688954400,1854.83,1855.86,1854.62,1855.86,1.68528183,4
1688956200,1861.66,1861.66,1861.66,1861.66,0.00529333,1
1688957100,1862.08,1863.83,1862.08,1863.83,0.05365107,3
1688958000,1865.06,1867.03,1865.06,1867.03,0.20195154,5
1688958900,1864.04,1864.57,1863.69,1864.57,0.79405061,8
1688959800,1863.76,1863.76,1863.76,1863.76,0.04520118,1
1688961600,1859.85,1859.85,1859.85,1859.85,0.93488278,1
1688962500,1860.73,1860.85,1860.73,1860.85,0.05526096,2
1688963400,1862.69,1862.69,1861.47,1861.47,0.89708044,3
1688964300,1861.27,1861.85,1861.27,1861.85,1.65774027,4
1688967900,1858.1,1858.1,1855.73,1855.73,0.47497271,4
1688968800,1854.75,1855.42,1854.74,1855.04,6.45945541,9
1688969700,1855.9,1855.9,1854.64,1854.64,4.28175856,8
1688970600,1854.64,1854.64,1853.67,1853.82,31.4372357,16
1688971500,1855.09,1855.21,1854.15,1854.68,1.3829433,10
1688973300,1858.03,1858.03,1858.03,1858.03,0.01613849,1
1688974200,1856.45,1857.41,1856.45,1856.92,0.43929076,3
1688975100,1856.69,1857.12,1854.95,1856.1,23.38476833,24
1688976000,1855.66,1855.66,1854.29,1854.77,40.0467339,13
1688976900,1854.81,1854.81,1851.15,1851.15,0.80077167,4
1688977800,1856.23,1856.49,1854.51,1856.07,4.4344089,12
1688978700,1855.1,1855.1,1855.03,1855.1,0.19426255,3
1688979600,1854.26,1854.26,1854.26,1854.26,0.01190437,1
1688980500,1860.45,1861.2,1860.45,1861.2,0.44635912,3
1688981400,1863.39,1863.39,1859.39,1861.71,24.26679949,13
1688982300,1861.97,1861.97,1860.53,1861.73,0.9153737,8
1688983200,1861.44,1861.97,1861.44,1861.97,1.82167207,4
1688984100,1861.93,1862.48,1861.93,1862.48,1.11329136,4
1688985000,1862.02,1863.1,1862.02,1862.92,0.96418464,9
1688985900,1864.16,1864.16,1862.65,1862.68,7.96396804,7
1688986800,1863.11,1863.11,1862.06,1862.06,1.96555721,7
1688987700,1863.16,1863.49,1863.16,1863.49,0.33802908,3
1688988600,1863.94,1864.27,1863.44,1863.57,2.50870637,12
1688990400,1865.0,1866.04,1865.0,1866.04,0.07476859,4
1688991300,1866.26,1866.29,1866.04,1866.04,0.92116283,6
1688992200,1866.52,1866.52,1860.98,1860.98,2.11182372,10
1688993100,1861.81,1862.04,1860.69,1861.79,16.92929563,16
1688994000,1862.49,1863.51,1862.49,1863.51,8.38208566,9
1688994900,1863.47,1864.22,1863.25,1863.25,16.36379275,6
1688995800,1869.12,1869.13,1869.12,1869.13,0.17091,2
1688996700,1865.68,1865.68,1863.25,1863.88,3.96391311,7
1688997600,1865.19,1866.35,1864.83,1865.87,0.56718437,5
1688998500,1867.22,1869.41,1866.21,1868.53,5.68453409,7
1688999400,1867.03,1867.03,1867.03,1867.03,0.13695031,1
1689000300,1865.29,1871.18,1865.29,1870.32,2.56876401,10
1689001200,1868.61,1869.84,1867.98,1868.41,12.91528902,14
1689003000,1871.61,1872.59,1871.61,1872.05,9.94740112,8
1689003900,1869.75,1869.75,1869.63,1869.63,0.11032148,2
1689004800,1871.89,1871.89,1868.15,1868.15,11.32974705,16
1689005700,1868.79,1868.79,1867.47,1867.65,2.7618221,7
1689006600,1866.48,1869.73,1866.43,1869.47,16.70688114,8
1689007500,1870.37,1872.72,1869.33,1871.29,1.15625858,10
1689008400,1872.75,1872.75,1871.41,1871.73,10.42485238,17
1689009300,1871.97,1871.97,1869.88,1871.33,22.34498566,6
1689010200,1869.15,1869.15,1868.72,1869.12,0.16568,4
1689011100,1868.51,1868.51,1868.51,1868.51,0.12538,1
1689012000,1868.47,1869.19,1864.53,1869.19,178.36185798,40
1689012900,1870.79,1872.04,1870.79,1872.04,0.12546823,4
1689013800,1872.75,1887.37,1872.75,1886.69,7.25747707,41
1689014700,1887.37,1889.55,1886.25,1888.52,31.51984371,43
1689015600,1889.33,1890.73,1887.36,1889.94,21.17487293,24
1689016500,1890.77,1893.1,1889.06,1889.52,4.88185891,21
1689017400,1892.28,1892.48,1892.21,1892.41,1.4089345,5
1689018300,1893.36,1899.99,1893.36,1898.53,11.86030575,34
1689019200,1900.0,1903.88,1897.93,1897.98,78.4831693,54
1689020100,1897.69,1898.55,1892.57,1896.61,3.94111986,11
1689021000,1896.16,1896.99,1891.88,1893.76,42.12967783,19
1689021900,1892.68,1892.68,1892.17,1892.29,2.79432966,6
1689022800,1891.98,1892.4,1889.83,1890.62,9.48119884,16
1689023700,1889.71,1889.71,1889.71,1889.71,0.58935,1
1689024600,1893.08,1893.08,1890.63,1892.5,10.66052317,11
1689025500,1892.53,1892.53,1877.97,1877.97,4.27406679,28
1689026400,1877.53,1878.59,1867.95,1874.72,8.1862279,29
1689027300,1870.19,1870.19,1870.19,1870.19,0.69510167,1
1689028200,1876.3,1876.3,1875.22,1876.17,21.47583091,14
1689029100,1874.03,1874.4,1874.03,1874.4,0.00234832,2
1689030000,1876.72,1879.27,1876.72,1879.27,0.67118145,3
1689030900,1879.55,1879.55,1879.55,1879.55,0.0143092,1
1689031800,1880.58,1880.58,1879.59,1880.23,1.2127732,3
1689032700,1879.55,1880.46,1879.49,1880.46,2.68226435,4
1689033600,1880.58,1881.16,1878.34,1880.75,46.08807301,23
1689034500,1882.16,1882.16,1878.12,1878.12,39.48879683,16
1689035400,1877.99,1877.99,1877.99,1877.99,0.0320976,1
1689036300,1878.2,1878.2,1875.98,1875.98,0.448,2
1689037200,1879.39,1880.71,1879.25,1879.82,2.38990153,8
1689038100,1879.76,1881.51,1879.47,1881.51,2.71726184,5
1689039000,1882.16,1882.9,1882.16,1882.9,2.50039237,2
1689039900,1882.39,1882.94,1882.39,1882.94,4.59115005,3
1689040800,1882.56,1882.56,1882.56,1882.56,0.0233742,1
1689041700,1882.41,1882.41,1882.4,1882.4,4.76525629,3
1689042600,1880.48,1881.15,1879.32,1881.15,100.01063688,27
1689043500,1880.02,1880.02,1877.44,1877.44,4.78586667,5
1689045300,1877.01,1877.01,1877.01,1877.01,0.07456962,1
1689046200,1877.34,1878.09,1877.09,1877.94,5.46293505,6
1689047100,1878.36,1878.36,1878.36,1878.36,0.53494491,1
1689048000,1880.13,1880.13,1880.13,1880.13,1.6690372,5
1689048900,1880.13,1880.13,1880.13,1880.13,5.14910037,3
1689049800,1880.13,1880.13,1878.13,1878.13,22.27589963,2
1689052500,1877.83,1877.83,1877.8,1877.8,2.992534,2
1689053400,1877.73,1878.17,1877.73,1878.17,0.42663215,2
1689054300,1878.03,1878.03,1878.03,1878.03,0.23557018,1
1689055200,1878.29,1879.51,1878.29,1879.51,1.00576001,6
1689056100,1880.96,1881.95,1880.22,1881.95,100.0758365,34
1689057000,1883.52,1888.89,1883.52,1886.48,1.54723106,16
1689057900,1885.89,1886.74,1885.86,1886.3,4.95100564,7
1689058800,1885.89,1885.89,1883.66,1884.71,30.76469707,10
1689059700,1884.67,1884.67,1883.64,1884.35,1.26812795,5
1689060600,1885.02,1885.03,1885.02,1885.03,0.10964924,2
1689061500,1884.82,1884.82,1882.8,1882.8,5.95277331,4
1689062400,1882.7,1883.06,1882.7,1883.06,2.25484973,2
1689063300,1882.56,1883.78,1882.56,1883.78,1.60613665,5
1689064200,1883.28,1883.55,1882.25,1882.25,1.42155508,3
1689065100,1880.46,1880.47,1879.4,1879.52,5.66675252,10
1689066000,1879.23,1879.23,1877.0,1878.65,19.03426753,11
1689066900,1877.59,1877.59,1868.6,1868.6,2.23493559,22
1689067800,1869.96,1869.96,1869.96,1869.96,0.08744745,4
1689068700,1867.95,1869.36,1867.95,1869.36,2.99710644,6
1689069600,1870.06,1870.14,1868.6,1869.47,0.7480068,6
1689070500,1869.25,1869.29,1866.06,1866.06,5.5108022,16
1689071400,1865.69,1867.15,1865.69,1866.44,13.00563056,14
1689072300,1867.26,1867.26,1866.96,1867.11,1.99925318,5
1689073200,1868.59,1869.44,1868.2,1868.2,1.87030969,4
1689074100,1868.89,1868.89,1868.89,1868.89,0.032282,1
1689075000,1869.11,1869.11,1868.34,1868.34,1.92319929,4
1689076800,1868.2,1868.2,1865.99,1865.99,0.67554295,4
1689077700,1869.53,1869.54,1868.15,1868.2,1.38119847,9
1689078600,1870.99,1871.34,1870.04,1870.3,5.729,20
1689079500,1870.17,1870.98,1869.89,1870.98,2.26994743,9
1689080400,1870.37,1870.37,1869.34,1869.38,1.67714252,7
1689081300,1869.09,1869.09,1867.47,1868.24,2.47034431,5
1689082200,1868.63,1871.53,1867.79,1867.8,1.19534064,4
1689083100,1868.1,1868.9,1867.01,1868.9,0.91074955,9
1689084000,1868.18,1868.29,1865.69,1865.8,2.11553896,11
1689084900,1865.68,1871.68,1862.76,1871.68,2.20719484,16
1689085800,1872.74,1873.21,1871.22,1873.21,7.26600439,16
1689086700,1873.9,1875.07,1872.56,1872.56,1.10866154,13
1689087600,1873.81,1886.6,1873.77,1878.83,466.85310978,100
1689088500,1879.69,1879.69,1870.99,1870.99,6.313578,16
1689089400,1870.76,1872.78,1867.01,1872.78,2.21400466,11
1689090300,1872.65,1872.65,1871.44,1872.05,0.48684867,4
1689091200,1872.05,1872.05,1871.1,1871.1,0.54445698,4
1689092100,1869.27,1869.27,1867.29,1867.55,0.64476402,5
1689093000,1867.56,1872.0,1867.56,1872.0,2.11618564,6
1689093900,1875.06,1875.13,1875.06,1875.13,0.387691,2
1689094800,1872.36,1872.54,1870.77,1872.37,0.74591745,6
1689095700,1872.83,1873.92,1872.16,1873.92,1.25879328,7
1689096600,1874.15,1875.22,1873.32,1873.86,48.05600879,15
1689097500,1875.14,1875.14,1871.64,1872.6,1.93116685,7
1689098400,1872.83,1873.29,1871.89,1873.29,14.24334022,9
1689099300,1873.42,1873.42,1870.55,1870.55,0.63620029,7
1689100200,1870.55,1871.25,1870.55,1871.25,0.06724449,3
1689101100,1871.18,1871.18,1870.91,1870.91,0.22466307,2
1689102000,1870.56,1871.14,1870.14,1871.11,2.89268451,8
1689102900,1870.54,1874.32,1870.54,1874.32,1.39429486,4
1689103800,1873.36,1873.36,1873.36,1873.36,0.03681381,1
1689104700,1873.11,1875.19,1873.11,1875.19,0.60833764,6
1689105600,1875.75,1877.57,1875.6,1876.28,4.36436205,7
1689106500,1876.68,1876.92,1876.65,1876.82,1.90910648,9
1689107400,1875.01,1875.01,1875.0,1875.0,0.28674652,4
1689108300,1875.18,1876.51,1874.02,1874.02,1.92022273,5
1689109200,1874.52,1874.56,1873.1,1873.11,2.0387478,10
1689110100,1872.7,1872.88,1872.69,1872.87,2.5347713,6
1689111000,1872.87,1873.51,1872.11,1873.51,0.65004212,7
1689111900,1873.98,1875.0,1873.98,1875.0,5.06517352,7
1689112800,1875.0,1877.85,1875.0,1877.85,4.435248,5
1689113700,1876.27,1877.37,1876.27,1876.67,1.4980268,5
1689114600,1876.58,1876.59,1876.58,1876.59,5.33,2
1689115500,1876.85,1877.09,1876.68,1876.68,40.03996057,13
1689116400,1879.22,1879.22,1879.0,1879.0,0.3845399,3
1689117300,1879.0,1879.0,1877.47,1877.47,22.3150586,5
1689118200,1879.38,1879.38,1879.38,1879.38,0.80296066,1
1689119100,1878.83,1878.93,1878.35,1878.35,0.82619277,3
1689120000,1878.66,1878.96,1878.34,1878.34,0.31335241,3
1689120900,1876.95,1876.95,1876.66,1876.66,39.371434,11
1689122700,1879.07,1879.07,1879.07,1879.07,0.01132982,1
1689123600,1878.73,1885.44,1878.72,1885.44,0.90095237,12
1689124500,1884.85,1884.85,1883.26,1883.26,0.33825189,2
1689125400,1882.5,1882.53,1880.11,1882.28,0.15350208,6
1689126300,1881.97,1881.97,1881.39,1881.39,37.15534918,9
1689127200,1882.28,1882.58,1881.41,1881.41,52.98052534,11
1689128100,1882.22,1882.22,1882.22,1882.22,0.013283,1
1689129000,1881.96,1882.51,1881.96,1882.51,0.04264528,2
1689129900,1882.51,1884.17,1882.51,1883.66,0.77248826,6
1689130800,1882.97,1882.97,1882.97,1882.97,0.0193251,1
1689131700,1881.85,1882.1,1881.54,1881.89,4.17713354,6
1689132600,1882.32,1882.32,1881.53,1881.53,0.40708706,3
1689133500,1881.53,1881.53,1881.53,1881.53,0.957,1
1689134400,1880.56,1880.56,1880.56,1880.56,0.22,2
1689135300,1880.84,1880.86,1880.76,1880.86,6.73901321,4
1689136200,1880.83,1881.36,1880.83,1881.36,0.57862538,3
1689137100,1881.29,1882.64,1881.19,1882.64,3.1259513,5
1689138000,1882.02,1882.02,1882.02,1882.02,0.05102013,1
1689139800,1884.04,1884.04,1883.93,1884.02,0.51013,3
1689140700,1884.21,1885.15,1884.21,1885.15,0.60795819,4
1689141600,1884.01,1890.91,1883.37,1890.91,230.0663792,55
1689142500,1883.37,1892.76,1882.9,1889.01,4.80187376,11
1689143400,1890.98,1893.72,1889.32,1892.51,0.3211,8
1689144300,1891.56,1892.17,1889.09,1889.89,2.13365195,7
1689145200,1890.9,1891.29,1890.11,1890.11,9.18293891,8
1689146100,1891.09,1892.89,1891.09,1892.89,0.51809899,6
1689147000,1892.01,1893.97,1892.01,1893.33,9.98129876,6
1689147900,1894.32,1894.32,1891.01,1891.01,0.68714966,4
1689148800,1889.9,1890.2,1889.69,1889.69,2.31561926,6
1689153300,1888.18,1888.18,1888.17,1888.17,1.5,2
1689154200,1887.75,1888.97,1887.75,1888.97,0.65562851,4
1689155100,1889.55,1889.55,1889.55,1889.55,0.01198,1
1689156000,1890.06,1890.07,1889.12,1889.27,16.31724115,10
1689156900,1887.54,1887.54,1887.54,1887.54,0.08,1
1689157800,1887.18,1888.05,1887.05,1887.57,0.6843204,7
1689158700,1887.24,1887.51,1887.13,1887.14,3.31363198,5
1689159600,1886.51,1886.98,1886.33,1886.92,24.22053757,15
1689160500,1886.92,1888.83,1886.92,1888.83,0.65542848,6
1689161400,1889.72,1889.72,1888.99,1888.99,0.70563602,3
1689162300,1888.42,1890.43,1888.23,1890.03,21.02346651,15
1689163200,1890.26,1890.26,1888.15,1888.88,2.16994272,6
1689164100,1888.57,1888.57,1888.57,1888.57,0.01717062,1
1689165000,1889.82,1898.27,1888.08,1891.7,14.42033123,37
1689165900,1891.42,1892.35,1881.89,1886.68,4.56206595,32
1689166800,1888.19,1890.25,1888.12,1890.25,0.81874138,5
1689167700,1891.12,1892.7,1886.43,1886.43,21.04350758,15
1689168600,1885.48,1888.82,1881.28,1883.62,7.76655843,22
1689169500,1881.43,1887.9,1881.43,1887.9,4.28560109,7
1689170400,1887.58,1892.64,1887.58,1891.82,2.38902626,8
1689171300,1892.72,1893.86,1891.84,1891.91,6.63673581,12
1689172200,1894.15,1897.01,1894.15,1895.24,24.36933878,14
1689173100,1894.84,1898.0,1892.95,1892.95,8.55869824,17
1689174000,1892.95,1900.36,1892.95,1899.56,39.3660075,16
1689174900,1897.71,1897.71,1894.26,1895.04,2.45383111,10
1689175800,1895.41,1895.41,1885.88,1885.88,4.07153402,9
1689176700,1885.96,1885.96,1882.22,1883.83,1.78754581,10
1689177600,1883.4,1883.55,1882.21,1883.53,0.84070802,5
1689178500,1882.87,1884.06,1881.09,1881.55,7.51204878,11
1689179400,1880.45,1883.4,1880.2,1883.4,44.86051274,10
1689180300,1883.0,1883.49,1883.0,1883.49,0.79862951,2
1689181200,1885.94,1886.18,1885.94,1886.18,0.24582875,2
1689182100,1886.41,1887.34,1886.41,1887.34,0.75927128,2
1689183000,1889.69,1891.0,1887.64,1887.64,10.81798868,19
1689183900,1888.4,1888.4,1886.84,1887.29,0.90069268,6
1689184800,1887.14,1887.65,1886.96,1887.39,6.02793087,13
1689185700,1887.61,1890.53,1887.61,1890.02,19.01538763,6
1689186600,1889.0,1889.0,1886.06,1886.58,6.65876245,7
1689187500,1887.57,1887.57,1887.15,1887.51,1.2224402,5
1689188400,1887.23,1887.23,1883.95,1883.95,1.51115819,5
1689189300,1883.05,1883.05,1874.9,1876.27,57.23780803,36
1689190200,1876.13,1876.13,1868.6,1869.72,20.75140591,29
1689191100,1868.68,1873.0,1868.68,1871.11,52.31708527,19
1689192000,1868.67,1870.23,1868.18,1869.14,2.53815484,15
1689192900,1870.74,1871.55,1870.74,1870.74,0.61191586,4
1689193800,1870.22,1872.53,1870.22,1872.49,0.28719072,7
1689194700,1872.61,1872.61,1872.59,1872.59,1.1105161,3
1689195600,1871.51,1871.87,1869.27,1870.55,9.29988999,15
1689196500,1870.02,1870.02,1867.32,1867.46,1.43392554,8
1689197400,1866.8,1869.72,1865.69,1869.72,8.22263751,6
1689198300,1871.78,1871.94,1871.69,1871.69,9.60116383,9
1689199200,1871.22,1871.45,1871.18,1871.18,0.11410198,4
1689200100,1870.3,1870.3,1870.3,1870.3,2.5,1
1689201000,1869.81,1869.81,1869.81,1869.81,1,1
1689201900,1870.58,1870.58,1870.58,1870.58,0.7446,1
1689202800,1870.35,1870.35,1870.35,1870.35,0.04439489,1
1689203700,1869.92,1869.92,1869.92,1869.92,0.1008,1
1689204600,1872.07,1872.07,1872.06,1872.06,6.50665264,2
1689206400,1872.55,1874.96,1872.55,1874.96,0.20285137,5
1689207300,1876.07,1876.07,1873.27,1873.27,0.19683906,2
1689208200,1873.14,1873.16,1872.86,1873.16,0.31745512,4
1689209100,1872.55,1872.55,1870.57,1870.57,0.23642058,2
1689210000,1871.88,1873.09,1871.03,1871.05,1.04779285,6
1689210900,1869.82,1869.82,1869.82,1869.82,0.3095,1
1689211800,1868.07,1869.04,1868.07,1869.04,0.14875,2
1689212700,1873.07,1873.1,1872.8,1872.8,5.81248691,4
1689213600,1871.07,1871.07,1871.07,1871.07,0.18789078,1
1689214500,1871.48,1871.48,1871.48,1871.48,0.05059858,1
1689215400,1871.97,1871.97,1871.97,1871.97,0.05636815,1
1689216300,1871.11,1871.11,1871.08,1871.08,0.1498646,2
1689217200,1870.0,1870.01,1870.0,1870.01,0.03749752,2
1689218100,1870.0,1870.01,1870.0,1870.0,0.12775014,3
1689219000,1866.3,1866.3,1865.62,1866.04,0.40122,6
1689221700,1865.45,1867.71,1865.45,1866.95,0.27911618,3
1689223500,1867.47,1867.47,1865.24,1866.2,1.36209846,11
1689224400,1865.87,1865.87,1864.61,1864.61,0.07695231,4
1689225300,1867.04,1867.04,1867.01,1867.01,0.02142953,2
1689226200,1866.11,1866.28,1866.01,1866.28,1.38299426,11
1689227100,1867.16,1868.48,1867.16,1868.48,0.52580561,3
1689228900,1870.79,1870.85,1870.79,1870.85,0.68094896,2
1689230700,1869.58,1873.66,1869.58,1872.78,8.87472648,10
1689231600,1872.66,1874.13,1872.66,1874.13,0.1044454,5
1689232500,1873.1,1873.15,1873.1,1873.15,1.90430814,2
1689233400,1873.12,1873.12,1873.12,1873.12,0.01963186,2
1689234300,1872.09,1872.1,1870.46,1870.68,4.64115832,13
1689235200,1870.07,1870.07,1870.07,1870.07,0.03319072,1
1689236100,1871.64,1872.98,1871.64,1872.98,4.14923054,10
1689237000,1871.97,1871.97,1871.68,1871.68,0.09058412,4
1689237900,1872.59,1873.68,1872.47,1873.68,0.78900886,5
1689238800,1873.9,1877.89,1873.9,1877.61,1.75347973,10
1689239700,1877.86,1877.86,1876.89,1876.89,0.38968125,4
1689240600,1878.81,1883.96,1878.81,1883.38,8.23072573,16
1689241500,1883.9,1884.18,1882.25,1882.81,6.46262521,5
1689242400,1883.62,1883.62,1881.21,1882.01,11.78166557,9
1689243300,1882.0,1882.0,1880.72,1880.81,1.13849047,8
1689244200,1883.2,1883.2,1882.93,1882.93,0.27436562,2
1689245100,1883.01,1883.01,1883.01,1883.01,0.02440683,1
1689246000,1883.25,1883.33,1883.08,1883.08,8.37335398,4
1689246900,1884.36,1884.36,1884.17,1884.17,0.24608361,3
1689247800,1883.28,1884.17,1883.14,1884.17,7.87032259,6
1689248700,1885.13,1885.13,1883.82,1883.82,1.97041178,8
1689249600,1885.16,1885.16,1883.53,1883.53,0.07430282,3
1689251400,1881.95,1882.8,1878.24,1882.23,50.60732367,30
1689252300,1883.05,1883.05,1879.6,1880.82,0.69347729,4
1689253200,1881.1,1881.72,1881.1,1881.72,0.24405217,2
1689254100,1880.77,1881.86,1879.99,1881.86,13.38164507,27
1689255000,1882.73,1887.48,1882.73,1887.48,3.80679819,12
1689255900,1886.22,1887.39,1885.37,1887.39,8.54351695,16
1689256800,1884.35,1884.44,1877.93,1880.95,48.94933517,24
1689257700,1880.79,1881.61,1880.79,1881.51,20.60319412,6
1689258600,1884.41,1884.41,1883.63,1883.8,0.68934387,5
1689259500,1883.85,1883.85,1882.27,1882.27,0.380545,5
1689260400,1882.44,1882.44,1881.66,1881.82,0.17934954,4
1689261300,1882.11,1898.65,1882.11,1898.65,23.50181422,37
1689262200,1900.0,1932.97,1900.0,1931.39,136.08960177,207
1689263100,1933.77,1942.64,1922.15,1931.41,168.90157949,158
1689264000,1933.49,1949.55,1931.52,1945.3,390.95389167,203
1689264900,1946.93,1963.25,1944.42,1955.72,208.10704261,167
1689265800,1957.06,1957.75,1948.89,1955.91,64.13654049,39
1689266700,1954.97,1965.67,1954.97,1963.1,76.29242928,46
1689267600,1964.58,1968.01,1957.38,1959.5,66.64761685,48
1689268500,1959.5,1966.17,1959.05,1965.7,30.69576645,33
1689269400,1963.5,2001.19,1963.5,1986.42,389.49811885,346
1689270300,1990.78,1994.68,1986.27,1990.17,15.53497994,54
1689271200,1990.17,2011.96,1989.65,2011.36,116.70073369,133
1689272100,2011.69,2012.21,1992.1,1993.79,106.31802446,117
1689273000,1990.22,1991.68,1979.44,1986.58,38.98107909,79
1689273900,1985.96,1988.82,1978.71,1983.96,5.28262883,27
1689274800,1981.43,1987.67,1980.87,1987.67,3.07530917,16
1689275700,1987.66,1999.89,1987.65,1998.62,20.07701956,46
1689276600,1997.44,2001.62,1996.37,1997.05,26.33646077,31
1689277500,1998.64,1998.64,1991.24,1995.15,14.1088903,46
1689278400,1995.31,1998.42,1991.13,1991.65,65.64493644,85
1689279300,1993.91,1994.57,1992.48,1992.5,14.04199234,17
1689280200,1994.93,1994.93,1984.81,1988.66,61.96573473,47
1689281100,1988.21,1988.62,1966.0,1982.32,528.14905394,134
1689282000,1984.47,1984.67,1972.76,1976.99,54.05197403,53
1689282900,1977.42,1977.42,1975.28,1976.99,8.5905123,21
1689283800,1973.58,1983.01,1972.17,1983.01,3.80671452,10
1689284700,1982.77,1984.65,1982.77,1983.57,0.35278897,5
1689285600,1982.72,1986.46,1982.71,1986.46,7.39025561,13
1689286500,1985.16,1987.87,1985.15,1987.87,2.02687266,6
1689287400,1988.83,1988.84,1986.19,1988.84,0.83678387,26
1689288300,1988.84,1991.79,1988.84,1991.28,5.44822284,12
1689289200,1992.38,1994.46,1992.38,1994.46,1.45141781,9
1689290100,1994.46,1995.98,1994.46,1995.98,0.68003625,3
1689291000,1996.25,2008.22,1996.25,2008.22,16.33013733,43
1689291900,2005.08,2005.64,2001.29,2005.27,48.8759431,22
1689292800,2005.54,2008.88,2002.36,2008.88,7.70638177,32
1689293700,2009.94,2013.76,2004.03,2006.5,47.20537348,44
1689294600,2013.76,2022.83,2013.59,2019.86,98.38561285,108
1689295500,2022.09,2022.09,2015.23,2021.33,3.33777581,22
1689296400,2016.3,2027.55,2014.07,2014.07,21.69279351,53
1689297300,2014.69,2015.93,2014.32,2014.93,0.80865707,4
1689298200,2015.47,2015.47,2013.67,2013.88,0.54784745,4
1689299100,2012.16,2012.44,2011.75,2012.29,2.65153617,6
1689300000,2013.73,2015.56,2011.04,2011.76,1.23908002,10
1689300900,2011.22,2011.22,2010.44,2010.44,5E+1,13
1689301800,2010.29,2010.41,2008.96,2010.07,4.80321303,11
1689302700,2010.81,2011.59,2010.81,2011.3,0.0932802,6
1689303600,2010.92,2013.8,2010.01,2013.8,0.6471266,5
1689304500,2013.05,2014.12,2011.26,2012.42,102.78830309,28
1689305400,2011.6,2011.6,2005.36,2006.57,76.07674958,24
1689306300,2007.82,2009.43,2007.82,2008.89,28.22178493,14
1689307200,2009.56,2009.81,2008.9,2009.81,2.00068028,4
1689308100,2010.59,2010.59,2007.93,2009.0,2.59,4
1689309000,2009.64,2009.64,2008.49,2008.49,0.55602365,5
1689309900,2009.01,2010.73,2009.01,2009.22,5.47094659,7
1689310800,2009.21,2009.21,2008.62,2008.62,3.51073769,5
1689311700,2006.59,2006.75,2006.03,2006.75,12.2458798,8
1689312600,2007.07,2008.31,2007.07,2007.2,0.51881767,4
1689313500,2007.52,2010.34,2007.39,2010.34,100.62281534,31
1689314400,2007.52,2009.02,2007.24,2009.02,5.69769941,6
1689315300,2009.04,2009.25,2005.73,2005.73,3.37331285,13
1689316200,2006.48,2006.48,2005.1,2005.1,0.23995241,3
1689317100,2005.11,2005.49,2004.98,2004.98,1.13817398,11
1689318000,2004.44,2005.9,2004.13,2005.22,1.13828022,10
1689318900,2004.13,2005.12,2001.08,2001.31,21.40187425,16
1689319800,2001.0,2002.08,1996.67,1996.67,23.64208257,31
1689320700,1996.64,1997.4,1989.0,1992.51,14.6049712,35
1689321600,1991.67,1997.61,1991.67,1997.39,38.11218385,23
1689322500,1998.04,2000.45,1997.83,1999.57,1.4041118,11
1689323400,2000.34,2004.0,2000.34,2002.25,427.47435721,36
1689324300,2001.3,2001.3,1999.68,2000.13,58.37747306,18
1689325200,2000.44,2000.44,1996.6,1997.05,48.44025275,29
1689326100,1997.82,1997.82,1994.33,1996.56,19.06735069,25
1689327000,1999.2,1999.2,1993.96,1998.57,2.00455142,11
1689327900,1998.65,1999.51,1997.19,1997.19,14.96946559,12
1689328800,1996.37,1996.37,1994.29,1994.37,20.49055911,11
1689329700,1995.06,1995.06,1991.75,1991.75,6.66513049,8
1689330600,1991.52,1991.52,1985.04,1985.42,2.24830263,14
1689331500,1987.7,1989.39,1987.7,1988.58,20.15343058,7
1689332400,1989.01,1989.37,1989.01,1989.37,40.04374228,8
1689333300,1990.33,1992.13,1990.32,1992.13,44.6297,24
1689334200,1991.56,1992.45,1991.56,1991.61,5.45678336,7
1689335100,1993.24,1993.24,1992.53,1992.53,1.12421554,6
1689336000,1992.42,1994.98,1992.42,1994.51,3.47201741,13
1689336900,1993.41,1994.11,1992.65,1994.11,1.95614348,8
1689337800,1991.4,1991.82,1989.37,1991.25,5.72058807,18
1689338700,1990.96,1990.96,1989.67,1989.67,0.53271379,3
1689339600,1987.79,1990.43,1987.79,1990.43,21.19783592,10
1689340500,1991.32,1991.32,1988.06,1989.96,0.53434439,5
1689341400,1991.71,1996.1,1989.04,1995.26,6.21902447,9
1689342300,1995.06,2002.28,1995.06,2001.23,19.24042355,15
1689343200,1996.7,1998.32,1996.15,1997.48,1.89286664,10
1689344100,1995.79,1997.36,1992.75,1995.63,111.72813567,29
1689345000,1995.89,1998.56,1995.23,1997.6,4.11115216,10
1689345900,1995.64,1999.97,1995.22,1999.64,1.65793141,8
1689346800,1997.76,1997.76,1996.11,1996.34,1.07629374,6
1689347700,2002.28,2003.46,2000.93,2002.96,3.25881616,15
1689348600,2004.48,2004.62,2000.46,2000.77,50.23128897,22
1689349500,2000.33,2000.74,1998.29,1999.04,38.46473873,24
1689350400,1998.57,2000.33,1998.31,2000.26,24.59101803,10
1689351300,1999.78,2000.53,1995.6,1995.6,1.98896814,17
1689352200,1993.19,1993.19,1982.59,1993.0,3.12844154,33
1689353100,1992.72,1993.05,1990.28,1991.82,55.66989504,23
1689354000,1990.0,1990.0,1977.2,1979.39,5.51192642,30
1689354900,1978.26,1978.26,1967.89,1967.89,17.5473204,73
1689355800,1968.78,1970.69,1965.45,1965.45,419.7687887,30
1689356700,1968.05,1968.05,1961.81,1961.81,2.92362407,33
1689357600,1962.21,1964.18,1959.34,1964.18,3.44214825,22
1689358500,1964.15,1964.15,1927.76,1929.73,285.55994613,196
1689359400,1929.49,1929.49,1915.62,1918.74,79.46628145,72
1689360300,1918.24,1919.98,1916.28,1916.4,3.77414131,8
1689361200,1915.66,1922.47,1900.0,1922.47,73.94236066,103
1689362100,1922.47,1925.13,1921.52,1921.52,8.07904529,25
1689363000,1919.75,1920.05,1912.26,1912.26,153.96660866,54
1689363900,1911.22,1912.98,1910.62,1912.98,2.00480554,8
1689364800,1912.26,1912.36,1911.27,1911.28,5.24375086,10
1689365700,1911.27,1911.28,1905.01,1905.01,43.5194934,40
1689366600,1905.5,1910.36,1900.51,1910.36,46.00941967,61
1689367500,1910.93,1918.14,1910.93,1914.84,27.71605118,26
1689368400,1914.63,1922.89,1914.63,1920.49,4.72493548,25
1689369300,1922.85,1924.93,1922.04,1922.04,1.50875521,5
1689370200,1921.34,1922.71,1920.62,1921.5,0.48929617,7
1689371100,1920.23,1928.56,1920.06,1928.56,12.35052508,18
1689372000,1928.56,1928.74,1925.67,1925.68,20.04604448,12
1689372900,1926.36,1926.36,1924.73,1924.73,0.33436127,3
1689373800,1925.74,1929.05,1925.74,1927.66,6.2131182,5
1689374700,1928.94,1929.98,1928.84,1929.98,102.65264177,33
1689376500,1930.02,1932.59,1930.02,1932.59,4.0357822,6
1689377400,1932.71,1935.14,1932.71,1934.02,5.96871668,20
1689378300,1937.0,1937.0,1937.0,1937.0,0.01388759,1
1689379200,1938.05,1938.05,1933.61,1933.61,4.84773687,7
1689380100,1932.62,1935.26,1932.62,1935.26,38.01466523,13
1689381000,1931.87,1931.88,1931.0,1931.0,0.99529961,4
1689381900,1931.39,1933.07,1931.39,1933.07,2.0283184,3
1689382800,1930.47,1930.47,1930.07,1930.07,1.04637308,2
1689383700,1930.37,1932.89,1930.23,1932.89,11.3,8
1689386400,1930.39,1930.39,1929.15,1929.15,0.28561397,2
1689387300,1931.25,1931.77,1929.39,1929.39,1.52477782,6
1689388200,1929.83,1930.14,1929.83,1930.14,0.35252765,2
1689390000,1929.38,1929.38,1929.38,1929.38,0.05290419,1
1689390900,1928.0,1928.68,1927.95,1928.6,20.12624332,6
1689392700,1931.88,1932.15,1931.86,1931.86,51.01246722,7
1689393600,1931.59,1931.59,1931.14,1931.14,0.02770912,2
1689394500,1932.6,1932.92,1932.6,1932.92,0.06495013,2
1689395400,1932.66,1932.66,1931.15,1931.44,0.43994114,3
1689396300,1931.61,1932.39,1931.61,1932.39,0.151515,2
1689397200,1933.03,1933.19,1933.03,1933.19,0.06930697,2
1689398100,1933.12,1933.12,1931.72,1931.72,20.16077212,10
1689399000,1927.94,1928.0,1927.71,1928.0,0.13077662,4
1689399900,1929.18,1929.18,1929.05,1929.05,0.07474688,3
1689400800,1928.66,1929.65,1928.63,1929.15,2.74412089,8
1689401700,1929.8,1932.31,1929.54,1930.03,0.26139752,6
1689402600,1931.08,1931.08,1930.3,1930.83,0.50911254,3
1689403500,1931.67,1933.14,1931.67,1933.14,0.09296126,3
1689404400,1932.93,1936.64,1932.93,1936.53,2.5844343,19
1689405300,1936.42,1938.06,1935.48,1938.05,2.71544711,41
1689406200,1938.06,1941.3,1936.22,1941.3,1.87021373,42
1689407100,1942.95,1943.21,1940.03,1941.05,4.51693897,36
1689408000,1941.04,1941.04,1937.83,1938.71,1.50138953,7
1689408900,1938.57,1938.62,1937.65,1937.77,0.91362094,5
1689409800,1940.96,1941.05,1940.94,1941.05,106.09275436,10
1689410700,1943.26,1943.26,1939.64,1939.64,3.09934747,7
1689411600,1939.57,1939.57,1939.1,1939.1,0.12711337,2
1689412500,1939.13,1939.66,1938.94,1939.66,21.75706974,9
1689413400,1939.1,1940.0,1939.1,1940.0,0.03999203,2
1689414300,1940.0,1941.74,1940.0,1941.07,1.17720012,4
1689415200,1942.15,1943.81,1942.15,1943.81,0.17193942,3
1689416100,1943.76,1946.48,1943.76,1946.48,10.30354956,12
1689417000,1944.45,1944.45,1942.52,1943.39,4.59949614,5
1689417900,1942.18,1943.5,1942.18,1943.5,0.22543713,2
1689418800,1939.77,1939.77,1939.73,1939.73,1.52687186,2
1689419700,1939.97,1939.97,1938.54,1938.54,2.3979557,8
1689420600,1939.38,1939.5,1939.38,1939.5,0.307144,2
1689421500,1939.71,1939.71,1939.71,1939.71,0.17577752,2
1689422400,1939.8,1939.8,1939.8,1939.8,0.219,1
1689424200,1940.68,1940.68,1939.18,1939.94,5.130434,16
1689425100,1940.75,1940.76,1940.09,1940.09,1.37145654,4
1689426000,1940.09,1940.09,1938.33,1938.33,0.71294535,5
1689426900,1937.05,1937.05,1935.66,1935.66,0.28840227,5
1689427800,1935.4,1935.4,1934.15,1934.15,0.09019447,3
1689428700,1932.79,1936.5,1932.79,1936.31,1.73467654,4
1689429600,1936.5,1936.5,1936.5,1936.5,0.0317562,1
1689430500,1936.49,1936.5,1935.5,1935.5,4.07042246,7
1689431400,1935.49,1935.5,1933.7,1933.89,4.01074863,11
1689432300,1934.3,1934.3,1932.3,1932.3,4.5657532,9
1689433200,1932.59,1935.49,1931.16,1935.49,1.81348294,13
1689434100,1935.5,1935.5,1935.5,1935.5,0.35233251,1
1689435000,1935.5,1935.5,1935.49,1935.49,0.33518856,3
1689435900,1935.5,1935.5,1935.49,1935.5,0.86941425,6
1689436800,1934.07,1934.07,1931.88,1932.02,1.04770937,10
1689437700,1934.56,1934.56,1934.56,1934.56,0.65395442,1
1689438600,1935.13,1935.13,1933.11,1933.11,3.05162237,5
1689439500,1932.11,1932.23,1931.39,1931.86,0.6480718,7
1689440400,1932.64,1933.6,1931.9,1931.9,2.90640812,5
1689441300,1932.32,1933.29,1932.32,1933.29,1.12054158,7
1689442200,1933.03,1933.03,1933.03,1933.03,0.11379,1
1689443100,1932.0,1932.0,1930.95,1930.95,0.95839711,2
1689444000,1932.07,1932.08,1931.84,1931.85,1.89444505,7
1689444900,1931.99,1932.06,1931.91,1932.06,2.27721176,4
1689445800,1935.5,1936.0,1935.5,1936.0,1.82959628,3
1689446700,1937.57,1937.57,1935.5,1935.5,0.56476524,5
1689447600,1935.5,1936.78,1935.5,1936.78,0.42309369,5
1689448500,1937.73,1937.77,1936.92,1937.77,0.38131237,4
1689450300,1935.38,1935.38,1935.38,1935.38,0.08614278,2
1689451200,1933.59,1933.59,1932.62,1932.63,0.30323817,3
1689452100,1932.63,1932.63,1931.32,1931.35,9.80794647,10
1689453000,1930.85,1930.85,1930.48,1930.48,1.58031088,2
1689453900,1931.69,1931.69,1931.65,1931.65,0.13571694,2
1689454800,1929.52,1930.01,1929.51,1929.51,198.02577974,31
1689455700,1927.95,1928.74,1927.95,1928.74,0.01836531,2
1689456600,1930.49,1930.49,1930.01,1930.01,0.68671042,3
1689458400,1929.59,1929.59,1928.62,1928.62,1.08610284,7
1689459300,1929.78,1929.98,1929.78,1929.98,0.17661253,2
1689460200,1929.6,1929.6,1929.6,1929.6,1.00018138,1
1689461100,1928.7,1928.7,1928.13,1928.13,1.35474526,2
1689462000,1928.39,1928.78,1928.39,1928.78,0.85194835,4
1689462900,1929.33,1929.4,1929.06,1929.4,2.27048432,5
1689463800,1929.66,1929.66,1929.66,1929.66,0.00396269,1
1689464700,1930.52,1930.52,1930.35,1930.35,1.401176,2
1689465600,1932.86,1932.86,1932.86,1932.86,0.02252814,1
1689466500,1932.78,1932.78,1932.78,1932.78,0.01412349,1
1689467400,1930.34,1931.7,1930.34,1931.7,0.21952164,3
1689468300,1933.66,1933.66,1933.66,1933.66,0.09926502,1
1689471900,1934.98,1934.98,1934.98,1934.98,0.18088042,1
1689472800,1934.72,1934.72,1934.32,1934.32,3.06360045,4
1689473700,1934.33,1934.33,1915.92,1921.79,67.73166623,35
1689474600,1922.62,1931.18,1922.61,1931.18,0.11455999,6
1689475500,1932.05,1932.05,1928.51,1929.18,0.35923456,6
1689476400,1925.65,1926.29,1925.65,1926.29,3.49021701,2
1689477300,1925.74,1925.74,1924.38,1924.38,0.09930388,4
1689478200,1926.28,1926.38,1925.2,1925.2,1.3079687,3
1689479100,1926.57,1926.57,1925.19,1925.19,0.66500934,4
1689480000,1923.7,1923.71,1923.7,1923.71,0.3,2
1689480900,1924.66,1924.74,1924.66,1924.74,0.36937423,6
1689481800,1924.81,1925.42,1924.06,1925.42,1.6522472,6
1689482700,1924.67,1925.47,1924.67,1925.47,1.09737677,3
1689483600,1924.91,1927.83,1924.91,1927.25,0.0947419,4
1689484500,1927.14,1927.14,1927.13,1927.13,1.09405,2
1689485400,1924.21,1924.21,1924.21,1924.21,1.00200775,1
1689488100,1924.0,1924.0,1924.0,1924.0,0.99584199,1
1689489000,1923.37,1927.9,1923.37,1927.9,1.31369905,3
1689489900,1926.52,1929.3,1926.52,1927.91,28.50927405,11
1689490800,1927.82,1927.82,1927.67,1927.72,1.04858714,4
1689491700,1931.37,1931.37,1931.37,1931.37,0.07746315,1
1689492600,1929.43,1929.43,1928.82,1928.82,0.01765,2
1689493500,1926.81,1926.81,1926.81,1926.81,0.011,1
1689494400,1926.81,1926.81,1926.22,1926.22,1.03788148,2
1689495300,1927.08,1928.12,1927.08,1928.12,0.2560768,2
1689496200,1927.4,1927.41,1927.4,1927.41,0.58231463,3
1689497100,1927.86,1928.01,1927.68,1927.71,3.18625168,5
1689498000,1928.09,1928.6,1928.09,1928.32,0.80372586,5
1689498900,1929.4,1929.91,1929.4,1929.91,0.1808811,2
1689499800,1929.63,1929.63,1929.63,1929.63,0.00076588,1
1689500700,1929.0,1929.74,1929.0,1929.74,0.39362105,6
1689501600,1930.13,1930.13,1930.1,1930.1,2.74930047,3
1689502500,1933.05,1934.71,1930.96,1931.22,0.18136156,8
1689503400,1931.8,1931.8,1929.48,1929.48,0.45580841,5
1689504300,1928.96,1930.93,1928.96,1929.28,3.56932268,7
1689505200,1929.36,1930.25,1928.76,1930.25,1.18146507,10
1689506100,1930.87,1930.87,1930.05,1930.05,1.07347932,2
1689507000,1932.67,1932.67,1932.67,1932.67,0.53623023,1
1689507900,1932.22,1933.19,1932.22,1933.19,1.67855719,4
1689508800,1933.15,1934.88,1933.15,1934.55,6.1998118,6
1689510600,1932.12,1932.76,1931.39,1931.4,0.27610589,14
1689511500,1931.71,1931.71,1931.16,1931.16,1.0389258,5
1689512400,1930.55,1930.55,1930.55,1930.55,0.01314392,1
1689513300,1929.84,1930.45,1928.96,1930.45,11.02329075,4
1689514200,1930.43,1932.31,1930.43,1932.21,20.55057652,8
1689515100,1930.88,1930.88,1930.51,1930.51,1.40491678,2
1689516000,1930.94,1931.33,1930.75,1931.32,1.66135997,4
1689516900,1931.33,1938.75,1931.33,1938.75,21.37733439,14
1689517800,1939.1,1941.3,1939.1,1941.3,1.04434954,10
1689518700,1940.48,1940.48,1937.03,1937.03,1.16632,2
1689519600,1940.6,1940.6,1939.19,1939.19,0.14578579,4
1689520500,1940.99,1940.99,1938.86,1939.38,53.13402709,28
1689521400,1938.81,1938.97,1937.42,1938.06,2.87111003,7
1689522300,1936.76,1936.76,1936.76,1936.76,0.01032652,1
1689523200,1936.34,1936.44,1936.33,1936.33,14.42751259,5
1689524100,1936.17,1936.17,1935.16,1935.79,10.23707158,8
1689525000,1936.63,1936.75,1936.63,1936.75,2.50331729,2
1689525900,1936.44,1936.71,1936.03,1936.29,0.65889133,5
1689526800,1936.17,1937.22,1936.01,1937.22,5.81063391,7
1689527700,1937.28,1939.06,1937.28,1939.06,0.25042496,2
1689528600,1939.31,1939.32,1936.5,1936.5,2.60185339,6
1689529500,1936.62,1938.23,1936.62,1937.21,39.08238586,25
1689530400,1937.36,1938.39,1936.7,1937.91,1.00663306,7
1689531300,1937.08,1937.08,1935.19,1935.19,3.28703264,10
1689532200,1935.01,1935.01,1931.64,1931.64,0.37780853,6
1689533100,1931.57,1932.04,1929.7,1930.7,4.45082462,50
1689534000,1930.73,1932.03,1930.73,1931.56,4.55323138,7
1689534900,1932.74,1933.04,1930.91,1931.57,1.3868414,8
1689535800,1932.31,1932.31,1926.06,1926.81,14.87511853,24
1689536700,1927.78,1929.56,1927.21,1927.21,3.58199764,6
1689537600,1927.75,1930.33,1927.75,1930.33,0.64307005,5
1689538500,1930.78,1930.78,1928.35,1928.35,0.60753391,10
1689539400,1929.99,1931.13,1929.61,1930.68,4.10598062,16
1689540300,1929.76,1929.77,1928.52,1928.52,0.52783772,5
1689541200,1928.79,1929.15,1928.67,1929.12,0.95854469,10
1689542100,1930.01,1930.99,1930.01,1930.94,1.99465675,8
1689543000,1929.25,1930.06,1929.25,1930.03,0.265,3
1689543900,1930.89,1930.89,1930.16,1930.63,0.37447739,6
1689544800,1929.86,1934.97,1929.72,1933.71,2.7200102,14
1689545700,1933.54,1935.92,1933.1,1933.1,164.98593633,45
1689546600,1933.11,1935.83,1932.57,1935.83,52.06532586,39
1689547500,1935.91,1935.91,1933.32,1933.32,0.41535076,7
1689548400,1933.64,1933.64,1931.62,1932.66,7.440392,21
1689549300,1931.89,1931.89,1923.82,1923.82,61.16887578,22
1689550200,1923.82,1923.82,1918.05,1921.0,7.87484412,19
1689551100,1922.58,1922.63,1922.09,1922.09,0.38204231,3
1689552000,1921.94,1923.44,1917.36,1923.44,10.42961555,24
1689552900,1923.74,1927.26,1923.74,1924.58,9.4164333,19
1689553800,1923.48,1924.75,1921.08,1921.08,1.44570829,13
1689554700,1920.78,1922.77,1917.64,1920.36,3.13884029,8
1689555600,1920.21,1922.17,1919.07,1922.17,3.67181818,12
1689556500,1921.05,1923.26,1920.77,1923.26,3.9334322,12
1689557400,1923.27,1927.74,1923.27,1926.21,51.65461023,26
1689559200,1924.33,1926.76,1924.33,1926.52,0.67455569,3
1689560100,1926.15,1926.17,1926.15,1926.17,0.23294097,3
1689561000,1925.3,1927.61,1925.3,1927.6,0.68693222,6
1689562800,1925.26,1925.26,1925.26,1925.26,0.22281063,1
1689564600,1927.88,1930.27,1927.61,1930.27,4.42971925,9
1689565500,1930.38,1930.38,1930.38,1930.38,0.05283934,1
1689567300,1930.57,1931.18,1930.57,1931.13,0.51278891,4
1689568200,1931.42,1932.02,1931.42,1932.02,0.50033991,2
1689569100,1932.04,1932.04,1932.04,1932.04,0.14233512,1
1689570000,1932.34,1934.08,1932.34,1934.08,0.02703609,4
1689571800,1932.24,1932.24,1932.17,1932.17,0.40701816,2
1689572700,1933.28,1933.28,1930.89,1930.89,0.0227028,2
1689575400,1931.03,1931.03,1930.83,1930.84,8.11326254,9
1689576300,1930.83,1930.83,1927.86,1929.15,10.21214084,9
1689577200,1930.94,1931.12,1930.94,1931.12,0.68422272,3
1689578100,1930.32,1931.19,1930.32,1931.19,0.37,3
1689579000,1930.65,1930.83,1930.65,1930.83,29.63640094,12
1689579900,1930.9,1930.91,1929.08,1929.11,8.91205014,9
1689580800,1928.69,1928.7,1926.51,1926.51,1.47769463,4
1689581700,1929.39,1929.39,1929.39,1929.39,0.05182904,1
1689582600,1931.35,1931.35,1931.11,1931.12,0.58827449,10
1689583500,1931.11,1931.11,1926.86,1926.86,5.78037663,9
1689584400,1925.82,1925.83,1925.0,1925.0,31.24938591,13
1689585300,1923.84,1924.57,1923.08,1923.08,1.67568076,7
1689586200,1924.66,1924.67,1922.49,1922.53,5.27248129,16
1689587100,1922.35,1922.35,1914.2,1915.56,5.61065486,16
1689588000,1913.48,1915.98,1913.03,1915.9,1.33081145,7
1689588900,1915.75,1915.75,1892.4,1902.32,116.54792799,127
1689589800,1901.97,1904.49,1901.97,1904.49,3.42976581,8
1689590700,1905.19,1909.97,1905.19,1909.97,11.2179152,12
1689591600,1909.0,1918.41,1909.0,1917.9,10.65118535,31
1689592500,1917.65,1917.65,1915.72,1916.19,11.31310499,14
1689593400,1915.55,1916.61,1914.26,1916.02,1.21536958,11
1689594300,1916.01,1916.01,1911.89,1911.89,0.69621501,8
1689595200,1910.09,1910.17,1904.86,1906.42,70.56758566,26
1689596100,1906.09,1906.09,1903.22,1903.22,3.64067689,6
1689597000,1903.51,1909.79,1903.51,1909.79,2.66101932,21
1689597900,1910.36,1911.46,1910.36,1911.46,0.39289948,4
1689598800,1912.19,1912.19,1910.38,1910.4,1.14597735,3
1689599700,1909.84,1915.78,1909.84,1915.78,2.02584974,6
1689600600,1914.72,1914.94,1909.36,1911.14,153.5849452,34
1689601500,1915.91,1916.69,1915.66,1916.69,29.33298125,13
1689602400,1916.68,1916.68,1913.18,1913.18,2.25778327,6
1689603300,1913.2,1915.0,1912.29,1912.29,3.64713224,6
1689604200,1911.96,1912.29,1911.96,1912.29,0.60093021,5
1689605100,1912.29,1914.26,1912.29,1912.75,33.89344729,13
1689606000,1913.48,1913.48,1910.45,1910.45,9.10266563,8
1689606900,1911.81,1911.81,1906.05,1906.05,1.48377557,5
1689607800,1905.0,1907.98,1903.67,1907.56,1.52291643,13
1689608700,1908.0,1908.75,1907.41,1908.75,60.85476807,16
1689609600,1908.66,1912.4,1907.64,1912.19,16.58218026,18
1689610500,1912.03,1912.03,1909.45,1911.37,67.3958331,23
1689611400,1909.61,1909.61,1901.03,1901.03,1.59470826,12
1689612300,1902.82,1904.08,1902.38,1902.83,27.97045437,15
1689613200,1905.51,1905.51,1898.83,1898.83,1.78548421,13
1689614100,1899.51,1900.05,1893.43,1899.78,36.85883899,23
1689615000,1902.32,1905.7,1900.16,1900.16,1.68006074,13
1689615900,1899.44,1899.44,1894.89,1896.49,1.60748019,10
1689616800,1895.68,1896.59,1894.58,1895.48,16.67595534,7
1689617700,1895.84,1896.11,1895.5,1895.5,4.4677121,7
1689618600,1895.5,1895.5,1881.18,1888.36,29.76724493,84
1689619500,1881.0,1887.07,1872.53,1884.23,31.49224014,63
1689620400,1882.5,1884.63,1881.81,1884.45,9.50068261,16
1689621300,1886.88,1888.06,1885.54,1887.71,2.37093086,9
1689622200,1885.6,1885.77,1885.6,1885.77,0.22275449,2
1689623100,1886.47,1887.94,1886.25,1887.94,2.99455438,11
1689624000,1886.47,1893.22,1886.47,1893.22,17.17991222,15
1689624900,1893.26,1896.33,1892.19,1892.19,41.78650875,17
1689625800,1892.3,1892.3,1890.09,1890.34,20.92191517,18
1689626700,1891.01,1891.01,1889.68,1889.91,0.3118309,3
1689627600,1889.92,1892.87,1889.91,1892.59,20.28155261,15
1689628500,1893.13,1899.5,1893.13,1899.5,0.1298176,5
1689629400,1900.15,1910.63,1898.4,1910.63,3.24430125,26
1689630300,1910.92,1917.76,1910.92,1917.67,2.48709628,23
1689631200,1918.36,1918.36,1913.96,1913.96,4.77255867,7
1689632100,1913.63,1917.35,1913.63,1917.35,7.02115575,4
1689633000,1918.2,1918.2,1912.7,1912.7,2.39285905,8
1689633900,1912.26,1912.26,1910.4,1911.57,0.29937003,7
1689634800,1908.5,1910.75,1908.5,1910.75,7.09752094,4
1689635700,1912.84,1913.1,1912.68,1912.68,0.7058535,5
1689636600,1912.24,1913.33,1912.24,1913.23,0.9678694,4
1689637500,1912.11,1913.0,1912.11,1913.0,0.0250348,2
1689638400,1911.89,1911.89,1911.89,1911.89,0.01243184,1
1689639300,1914.8,1915.24,1914.68,1915.03,9.2994,4
1689642000,1912.34,1912.34,1911.9,1911.9,0.58506719,2
1689642900,1913.1,1913.1,1913.1,1913.1,0.05098425,1
1689643800,1914.51,1914.51,1914.51,1914.51,0.05223268,1
1689644700,1914.92,1915.85,1914.67,1915.1,3.35117086,10
1689645600,1915.87,1915.87,1915.87,1915.87,0.215,1
1689646500,1911.89,1911.89,1911.37,1911.37,0.97324,2
1689648300,1908.18,1908.18,1908.18,1908.18,1.81719722,7
1689649200,1908.18,1910.62,1907.13,1910.62,0.48686277,6
1689650100,1909.74,1909.98,1909.51,1909.98,6.42387218,3
1689651900,1908.43,1909.71,1908.43,1909.26,1.23971267,5
1689652800,1909.1,1911.73,1908.82,1909.19,10.21500255,14
1689653700,1908.66,1909.69,1906.04,1908.54,13.91163366,13
1689655500,1909.57,1909.57,1908.53,1908.53,0.06752,2
1689656400,1909.13,1909.13,1909.13,1909.13,0.01756764,1
1689657300,1906.42,1906.44,1906.4,1906.4,0.8747963,3
1689658200,1906.5,1906.51,1904.39,1904.39,1.06306324,7
1689659100,1904.63,1904.92,1904.62,1904.92,0.63928,3
1689660000,1907.43,1907.43,1906.53,1906.53,0.08509582,2
1689660900,1904.71,1908.3,1904.71,1907.55,1.42126951,5
1689661800,1903.22,1903.22,1896.85,1897.74,0.66764361,19
1689662700,1896.28,1899.33,1895.1,1898.17,0.65300773,10
1689664500,1901.57,1902.32,1901.57,1902.26,14.52167175,10
1689665400,1900.79,1902.04,1899.66,1899.94,7.25348024,7
1689666300,1899.25,1900.46,1897.33,1899.99,3.81626526,10
1689667200,1899.25,1899.25,1895.57,1895.57,50.29363276,22
1689668100,1897.42,1901.43,1896.86,1901.43,0.20022105,5
1689669000,1905.19,1905.46,1902.29,1902.29,0.17477636,7
1689669900,1901.33,1901.42,1901.32,1901.34,10.6,5
1689670800,1901.39,1903.2,1900.66,1900.66,1.06725044,6
1689671700,1902.24,1902.24,1902.24,1902.24,0.7604666,1
1689672600,1901.69,1901.69,1898.71,1898.71,1.80385979,11
1689673500,1898.57,1899.11,1897.85,1897.85,0.63258646,5
1689674400,1897.7,1899.64,1897.7,1899.64,1.9680588,6
1689675300,1896.88,1899.86,1896.88,1899.55,29.46398225,12
1689676200,1900.38,1902.4,1900.15,1902.38,5.60061819,8
1689677100,1902.75,1905.09,1902.75,1904.91,3.06113481,5
1689678000,1904.79,1905.2,1904.32,1905.15,3.43085928,11
1689678900,1904.79,1907.03,1904.79,1907.03,2.85837248,8
1689679800,1906.76,1908.05,1905.32,1905.32,0.75420662,5
1689680700,1901.63,1901.63,1893.43,1893.43,12.50873049,15
1689681600,1894.59,1894.65,1891.63,1891.63,3.61038995,10
1689682500,1890.39,1893.08,1889.76,1890.66,4.447248,11
1689683400,1891.54,1893.56,1886.79,1889.55,4.11673256,24
1689684300,1889.89,1892.56,1889.88,1892.22,17.42132517,13
1689685200,1891.79,1892.53,1889.72,1889.72,4.60076455,6
1689686100,1892.51,1892.51,1891.43,1891.43,0.25625,2
1689687000,1890.59,1894.39,1890.59,1894.34,2.22842415,3
1689687900,1891.48,1893.45,1891.48,1893.45,0.16740659,4
1689688800,1894.94,1894.94,1894.94,1894.94,0.86364739,1
1689689700,1894.51,1901.7,1894.51,1899.99,0.39891269,7
1689690600,1899.94,1899.94,1896.88,1899.51,16.823267,8
1689691500,1901.6,1901.91,1900.4,1900.4,1.05630005,4
1689692400,1900.02,1900.02,1896.76,1896.76,0.52931046,6
1689693300,1897.83,1897.83,1894.82,1894.82,0.51062815,3
1689694200,1896.04,1896.09,1896.04,1896.09,0.31124314,2
1689695100,1896.02,1896.04,1894.99,1894.99,6.03,4
1689696000,1896.9,1899.8,1895.91,1899.8,4.11799525,9
1689696900,1899.8,1899.8,1897.81,1897.81,0.41845094,7
1689697800,1897.33,1897.33,1892.82,1892.82,6.18995,4
1689698700,1892.19,1892.19,1879.23,1886.82,5.00725008,43
1689699600,1885.44,1888.03,1885.44,1888.03,1.383,3
1689700500,1887.13,1887.13,1884.51,1885.26,0.50470495,7
1689701400,1885.2,1888.06,1885.2,1888.06,1.5142967,9
1689702300,1890.27,1890.27,1889.06,1889.06,3.35735729,6
1689703200,1890.27,1895.08,1890.27,1894.65,2.74438015,19
1689704100,1895.63,1900.37,1895.63,1900.37,21.87797352,14
1689705000,1901.08,1902.14,1898.61,1899.63,5.14106695,12
1689705900,1901.0,1902.05,1900.28,1900.88,0.75957941,8
1689706800,1900.96,1903.16,1900.13,1901.06,4.77591719,12
1689707700,1899.6,1899.6,1898.23,1898.23,0.99071611,6
1689708600,1896.79,1896.79,1893.81,1893.81,0.37940146,4
1689709500,1893.43,1893.61,1892.08,1893.35,0.7291138,7
1689710400,1891.83,1894.99,1891.83,1894.99,4.77927317,15
1689711300,1894.45,1894.45,1894.45,1894.45,0.3968352,1
1689712200,1891.82,1895.8,1891.82,1895.45,13.09485583,10
1689713100,1895.01,1895.01,1893.95,1893.95,0.29844717,6
1689714000,1895.01,1896.67,1892.57,1893.68,7.40780358,10
1689714900,1893.82,1897.52,1893.82,1897.52,0.61159148,3
1689715800,1898.22,1898.64,1896.64,1898.63,64.5862702,19
1689716700,1897.14,1897.19,1896.67,1897.06,9.63516151,18
1689717600,1897.37,1897.37,1896.91,1896.91,1.98946803,3
1689718500,1898.61,1898.61,1898.61,1898.61,0.19505,1
1689719400,1898.87,1900.17,1898.87,1900.17,0.1165099,2
1689720300,1901.05,1901.05,1900.31,1900.31,1.24746267,4
1689721200,1901.54,1902.06,1901.54,1902.06,0.05,3
1689722100,1897.79,1899.37,1897.79,1899.37,0.98877094,6
1689723000,1898.7,1898.7,1894.3,1895.88,3.98873127,8
1689723900,1894.48,1897.37,1894.48,1897.01,1.88631453,3
1689724800,1897.44,1897.44,1895.27,1897.36,2.6739902,6
1689725700,1900.26,1900.37,1900.26,1900.37,1.24664495,3
1689726600,1902.32,1906.8,1902.32,1905.3,3.36133179,11
1689727500,1908.05,1909.82,1907.63,1909.82,3.24965933,14
1689728400,1910.63,1912.4,1910.63,1912.4,0.11416917,5
1689729300,1910.62,1910.62,1907.44,1907.88,0.08367336,3
1689730200,1906.01,1906.01,1905.73,1905.73,0.6627,4
1689731100,1905.93,1909.44,1905.93,1909.18,2.95616595,5
1689732000,1909.45,1910.67,1909.44,1910.31,1.2920211,4
1689732900,1908.56,1910.6,1908.26,1908.26,1.35527975,5
1689733800,1908.4,1910.09,1908.4,1910.09,53.81160321,21
1689734700,1909.43,1910.54,1909.43,1910.54,1.64563625,2
1689735600,1910.91,1913.11,1910.91,1913.11,0.25670814,4
1689736500,1912.45,1913.2,1911.75,1911.75,1.26837197,3
1689737400,1911.94,1911.94,1911.1,1911.34,3.0904,4
1689738300,1912.57,1912.57,1912.53,1912.55,0.652181,3
1689739200,1913.16,1915.0,1913.16,1914.02,9.94067018,12
1689740100,1914.9,1916.68,1914.08,1915.41,56.30927653,59
1689741000,1916.69,1918.09,1914.23,1914.23,10.67156922,32
1689741900,1913.92,1913.92,1912.55,1912.62,0.06906495,3
1689742800,1912.55,1912.87,1912.02,1912.87,1.29424188,3
1689743700,1912.87,1912.87,1912.87,1912.87,0.10381774,6
1689744600,1912.57,1912.87,1912.57,1912.87,0.07282493,2
1689745500,1913.82,1914.61,1913.71,1914.61,5.00793682,16
1689746400,1913.7,1913.7,1912.92,1913.04,4.08529051,5
1689747300,1912.32,1912.36,1910.7,1910.7,5.50798619,5
1689748200,1911.0,1911.0,1910.31,1910.69,0.81152687,6
1689749100,1909.63,1911.0,1909.63,1911.0,2.17359431,3
1689750000,1911.0,1911.0,1909.25,1909.25,8.68193327,4
1689751800,1910.99,1910.99,1910.99,1910.99,0.05346118,1
1689752700,1908.15,1908.93,1908.15,1908.76,0.30641296,5
1689753600,1907.87,1907.87,1907.03,1907.67,1.58806296,6
1689754500,1907.55,1907.74,1907.1,1907.74,6.26696537,6
1689755400,1907.74,1908.64,1907.74,1908.64,0.65502,5
1689756300,1908.73,1908.73,1904.69,1904.69,5.56235853,11
1689757200,1903.93,1906.96,1903.22,1906.96,0.06890591,4
1689758100,1908.75,1908.75,1907.34,1908.02,1.80255388,5
1689759000,1908.54,1908.54,1907.57,1907.57,0.09505995,3
1689759900,1911.47,1912.07,1909.95,1909.95,4.48654249,9
1689760800,1909.84,1910.5,1909.84,1910.5,0.38728509,2
1689761700,1909.14,1909.14,1907.73,1907.73,0.14575851,2
1689762600,1909.37,1909.37,1908.99,1909.12,3.65807817,8
1689763500,1908.23,1909.16,1908.23,1909.16,2.97488422,9
1689764400,1908.29,1908.29,1908.29,1908.29,0.81806,1
1689765300,1909.42,1909.42,1907.66,1907.84,0.85426719,6
1689766200,1908.61,1908.61,1907.83,1908.29,3.61598286,4
1689767100,1909.27,1909.92,1909.17,1909.92,1.48861003,7
1689768000,1909.51,1909.51,1908.81,1908.81,0.67016555,4
1689768900,1908.81,1908.81,1907.4,1907.4,6.4540523,13
1689769800,1905.7,1906.61,1904.39,1905.36,34.62069413,26
1689770700,1907.03,1908.22,1907.03,1908.22,0.53465949,4
1689771600,1907.22,1907.22,1905.26,1905.26,0.33381412,5
1689772500,1904.21,1907.18,1903.32,1907.18,1.93017292,9
1689774300,1913.11,1920.78,1909.69,1910.52,15.74404345,37
1689775200,1911.91,1911.91,1904.62,1904.63,2.73183853,14
1689776100,1904.62,1905.11,1902.0,1904.83,0.44348261,10
1689777000,1904.08,1904.3,1895.43,1898.85,122.46956032,50
1689777900,1898.61,1903.45,1897.8,1898.82,41.07903161,34
1689778800,1897.34,1898.44,1895.18,1898.44,32.83517326,15
1689779700,1900.45,1902.37,1899.82,1900.89,0.07436677,4
1689780600,1902.43,1902.49,1901.14,1901.14,10.04159003,4
1689781500,1901.3,1907.7,1901.3,1906.92,22.75650755,8
1689782400,1906.7,1906.7,1903.59,1903.59,3.7977425,5
1689783300,1904.37,1904.87,1904.37,1904.87,24.08376961,4
1689784200,1903.18,1903.18,1902.06,1902.06,0.24456255,4
1689785100,1902.12,1902.88,1902.12,1902.71,0.20466905,4
1689786000,1902.64,1903.82,1901.68,1903.5,24.62784939,10
1689786900,1907.16,1907.16,1904.84,1906.87,10.65857759,8
1689787800,1908.06,1910.0,1908.06,1910.0,34.94526711,16
1689788700,1910.92,1916.08,1907.95,1908.43,12.45421034,26
1689789600,1909.43,1911.56,1906.31,1907.19,3.23386002,20
1689790500,1907.73,1910.57,1907.73,1910.57,5.57224956,8
1689791400,1910.96,1910.96,1907.45,1907.88,2.25100219,8
1689792300,1910.28,1912.89,1910.1,1912.89,1.57203834,5
1689793200,1912.08,1912.34,1911.36,1912.34,0.40829001,6
1689794100,1912.31,1915.01,1911.68,1913.96,0.68468128,9
1689795000,1910.58,1911.43,1909.84,1911.28,6.01067192,17
1689795900,1910.58,1911.42,1910.26,1911.42,0.69004476,3
1689796800,1908.98,1908.98,1907.72,1907.72,1.79665251,3
1689797700,1904.86,1904.86,1902.0,1902.02,0.3603094,7
1689798600,1903.58,1903.76,1901.6,1901.6,0.62932168,5
1689799500,1904.24,1904.24,1900.07,1900.07,5.15367757,13
1689800400,1899.41,1899.41,1887.01,1888.42,20.03248185,45
1689801300,1886.46,1886.46,1885.0,1885.0,21.66302803,6
1689802200,1891.97,1892.96,1891.87,1892.31,2.93320598,11
1689803100,1891.0,1892.94,1891.0,1892.45,2.31056921,7
1689804000,1894.23,1894.23,1890.17,1890.17,0.32605067,9
1689804900,1890.17,1892.21,1890.14,1892.21,1.47811424,3
1689805800,1890.11,1890.29,1889.4,1889.41,1.80233969,6
1689806700,1888.21,1888.45,1886.48,1888.41,36.36820693,10
1689807600,1889.94,1889.94,1886.1,1887.41,5.58200215,5
1689808500,1886.51,1886.51,1886.48,1886.48,0.39651011,3
1689809400,1889.91,1892.25,1889.91,1890.65,0.44314097,3
1689811200,1888.2,1888.2,1886.51,1888.03,2.23701823,6
1689812100,1887.52,1887.56,1884.92,1885.28,60.20014301,75
1689813000,1888.58,1889.61,1888.58,1889.61,0.41172212,2
1689813900,1890.61,1894.35,1890.6,1894.35,60.38452618,18
1689815700,1893.28,1893.28,1893.28,1893.28,0.13204597,1
1689816600,1893.75,1893.75,1893.37,1893.37,0.81072895,3
1689817500,1893.93,1893.93,1893.93,1893.93,0.26407799,1
1689818400,1895.22,1897.03,1895.22,1897.03,1.39092,2
1689819300,1897.85,1898.04,1897.85,1898.03,1.61645815,3
1689820200,1898.65,1898.65,1896.76,1896.76,0.03889421,2
1689821100,1896.96,1897.83,1896.96,1897.17,1.65271175,4
1689822000,1897.96,1897.96,1896.92,1896.92,0.04495207,3
1689822900,1897.0,1897.0,1897.0,1897.0,5E+1,2
1689823800,1894.24,1894.24,1893.2,1893.2,0.05686795,2
1689824700,1894.16,1894.16,1893.82,1893.82,0.35252807,2
1689825600,1897.41,1897.45,1897.41,1897.45,0.09410092,2
1689826500,1897.42,1897.42,1893.88,1893.88,12.27188454,12
1689828300,1896.78,1896.78,1895.58,1895.62,1.37277688,4
1689829200,1895.33,1895.33,1895.33,1895.33,0.79068,1
1689830100,1900.37,1901.3,1899.89,1899.89,1.08627299,5
1689831000,1901.65,1906.42,1901.65,1906.42,203.27242607,22
1689831900,1906.33,1908.08,1906.25,1908.08,0.55862347,4
1689832800,1907.06,1907.43,1901.45,1904.13,153.76782071,43
1689834600,1907.46,1907.46,1905.2,1905.2,0.90810859,6
1689835500,1905.03,1905.1,1904.52,1905.0,12.81236835,6
1689836400,1906.54,1906.54,1906.45,1906.45,0.4452741,2
1689837300,1909.28,1911.96,1909.28,1911.96,2.92846448,11
1689838200,1912.05,1912.4,1910.98,1910.98,1.23148308,10
1689839100,1910.98,1913.1,1910.98,1913.1,4.89115811,11
1689840000,1913.03,1914.0,1912.85,1913.32,8.28821228,10
1689840900,1913.28,1914.0,1913.11,1914.0,15.64375225,29
1689841800,1914.0,1914.0,1913.45,1914.0,34.67785372,54
1689842700,1914.93,1916.7,1914.93,1915.55,2.53331721,17
1689843600,1916.19,1918.08,1914.46,1917.69,44.09948995,20
1689844500,1917.53,1918.5,1915.73,1915.73,4.79729804,10
1689845400,1918.57,1919.7,1918.57,1919.7,37.81521072,15
1689846300,1918.54,1919.84,1917.89,1919.84,3.61125364,9
1689847200,1919.68,1924.94,1919.68,1923.21,18.03628977,26
1689848100,1924.21,1926.64,1924.21,1926.63,2.72778437,7
1689849000,1926.64,1928.16,1925.68,1925.7,3.22052373,18
1689849900,1924.4,1924.4,1920.67,1920.74,2.87395727,10
1689850800,1920.05,1920.34,1918.86,1920.34,1.81626094,4
1689851700,1920.34,1920.87,1919.94,1919.94,71.19842425,27
1689852600,1920.99,1920.99,1919.49,1920.4,9.17862083,8
1689853500,1919.35,1922.12,1919.34,1921.33,3.68542097,5
1689854400,1922.39,1922.86,1919.93,1920.14,8.21438058,12
1689855300,1921.01,1921.01,1919.68,1919.69,66.1402362,23
1689856200,1919.02,1920.25,1918.05,1918.05,21.25466357,18
1689857100,1918.11,1918.11,1916.65,1916.93,73.30928725,46
1689858000,1916.28,1916.98,1914.08,1914.08,2.74486925,10
1689858900,1913.83,1917.95,1913.11,1917.95,1.76615415,6
1689859800,1919.28,1919.89,1918.18,1918.18,0.87196082,9
1689860700,1918.96,1920.31,1918.44,1920.06,2.05528151,5
1689861600,1916.98,1916.98,1915.49,1916.31,0.60289584,4
1689862500,1913.45,1913.45,1911.63,1911.63,0.25962677,2
1689863400,1910.85,1910.85,1893.44,1893.44,5.02251484,63
1689864300,1893.43,1895.1,1885.82,1890.48,70.47661154,36
1689865200,1887.2,1893.95,1885.19,1893.24,32.36093854,32
1689866100,1892.04,1893.02,1888.83,1892.75,36.60567415,19
1689867000,1890.29,1890.29,1887.82,1887.82,2.88036178,4
1689867900,1888.14,1888.14,1885.37,1887.67,1.09822387,7
1689868800,1887.01,1891.54,1886.99,1891.54,3.94765223,15
1689869700,1890.0,1890.0,1884.28,1884.28,36.437986,9
1689870600,1884.27,1884.27,1882.26,1883.82,31.03177966,12
1689871500,1884.27,1885.81,1880.0,1883.61,5.60145712,27
1689872400,1885.81,1887.52,1885.45,1887.52,3.26185935,11
1689873300,1887.78,1887.8,1885.93,1887.09,26.11310435,8
1689874200,1887.45,1890.27,1882.07,1890.27,316.09857127,65
1689875100,1891.62,1892.15,1891.62,1891.87,0.16763039,3
1689876000,1888.42,1889.37,1888.42,1889.37,1.81387274,3
1689876900,1888.85,1889.23,1886.0,1886.0,0.80669132,5
1689877800,1884.9,1890.45,1884.9,1888.07,2.45307765,6
1689878700,1888.55,1888.65,1886.0,1886.0,3.48691692,9
1689879600,1886.01,1886.01,1883.78,1884.82,52.49384701,15
1689880500,1884.73,1886.71,1883.84,1886.49,25.88932634,19
1689881400,1885.75,1885.75,1884.63,1884.63,2.53193178,6
1689882300,1885.54,1888.09,1884.7,1888.01,10.53783432,12
1689883200,1888.08,1888.08,1885.18,1885.18,10.77107115,10
1689884100,1885.71,1886.21,1883.34,1885.6,88.78644442,86
1689885000,1883.33,1884.91,1883.33,1884.69,1.20313699,5
1689885900,1884.2,1888.09,1883.66,1888.09,1.55682154,8
1689886800,1890.42,1890.55,1890.37,1890.55,0.43802562,3
1689887700,1892.5,1892.5,1892.5,1892.5,0.04323817,1
1689888600,1891.86,1894.61,1891.85,1894.61,1.10575632,4
1689889500,1895.0,1895.42,1894.48,1894.81,0.86334646,5
1689890400,1896.53,1896.91,1895.01,1896.22,8.38700072,11
1689891300,1894.59,1896.97,1894.34,1896.07,3.44122654,7
1689892200,1896.47,1896.47,1894.62,1895.2,1.16531881,6
1689894000,1894.02,1894.07,1893.56,1893.56,0.51225794,4
1689894900,1893.17,1893.17,1893.17,1893.17,0.74458408,1
1689895800,1893.17,1893.17,1892.0,1892.36,0.55295196,4
1689896700,1892.0,1892.0,1890.52,1890.63,10.55460739,8
1689897600,1891.18,1892.07,1891.18,1892.02,2.39450862,6
1689898500,1891.47,1891.47,1889.22,1889.76,3.61428622,11
1689899400,1889.2,1889.2,1888.24,1888.24,0.06905725,2
1689900300,1892.08,1892.08,1890.0,1890.0,1.39337661,6
1689901200,1889.45,1889.45,1889.45,1889.45,0.38240145,1
1689902100,1891.52,1892.7,1891.52,1892.7,0.19798616,3
1689903000,1892.99,1893.63,1892.99,1893.63,1.9958,2
1689903900,1895.9,1896.03,1895.75,1896.03,0.48395443,3
1689904800,1895.0,1897.81,1895.0,1897.81,0.88482529,4
1689905700,1897.09,1901.07,1897.09,1900.42,2.93627566,16
1689906600,1899.8,1899.8,1897.69,1897.83,12.16162601,7
1689907500,1898.12,1898.82,1897.78,1898.66,176.62937733,41
1689909300,1898.56,1898.81,1898.41,1898.81,2.37477633,3
1689910200,1896.31,1896.31,1896.31,1896.31,0.12323971,1
1689911100,1897.14,1897.14,1896.45,1896.45,1.48342,5
1689912000,1896.45,1896.68,1896.44,1896.67,21.16347027,17
1689912900,1896.47,1896.47,1894.42,1894.42,25.64371807,52
1689913800,1894.97,1895.84,1894.97,1895.8,4.91110525,4
1689914700,1896.03,1896.2,1896.03,1896.2,0.18335574,2
1689915600,1895.23,1895.9,1895.18,1895.81,0.34718019,4
1689916500,1895.11,1895.11,1892.27,1892.27,2.13001945,5
1689917400,1892.83,1893.0,1891.57,1891.57,1.65641119,7
1689918300,1891.58,1891.98,1891.11,1891.68,2.98692916,8
1689919200,1892.02,1892.24,1891.77,1892.24,0.84862295,8
1689920100,1892.24,1892.24,1892.24,1892.24,0.44237462,2
1689921000,1893.39,1893.39,1891.49,1891.49,2.51253048,5
1689921900,1893.5,1893.55,1893.35,1893.35,0.8823771,3
1689922800,1892.62,1892.99,1892.62,1892.99,0.66092962,3
1689923700,1892.81,1892.82,1890.5,1890.61,1.50919789,7
1689924600,1890.45,1890.45,1889.29,1889.36,1.19838858,7
1689925500,1889.01,1889.59,1888.85,1889.59,5.11710673,6
1689926400,1889.73,1889.84,1889.73,1889.84,1.15744402,4
1689927300,1890.19,1891.62,1890.19,1891.55,3.95381185,7
1689928200,1891.73,1892.55,1890.78,1892.55,1.30701343,7
1689929100,1892.16,1892.41,1892.16,1892.41,0.91321108,2
1689930000,1891.52,1892.64,1891.52,1892.64,0.80368623,2
1689930900,1892.39,1892.8,1892.39,1892.8,0.36975656,3
1689931800,1892.3,1892.3,1891.01,1891.01,6.34381408,5
1689932700,1891.0,1891.0,1885.12,1885.13,1.43999748,9
1689933600,1886.57,1888.06,1886.57,1887.74,0.71233174,4
1689934500,1887.52,1889.18,1887.52,1889.18,0.04965531,3
1689935400,1889.05,1889.05,1888.02,1888.45,2.2845808,6
1689936300,1888.79,1888.93,1888.78,1888.93,2.05737251,3
1689937200,1889.21,1889.21,1887.21,1887.76,1.95671901,7
1689938100,1889.13,1889.13,1887.0,1887.0,1.05948526,5
1689939000,1885.24,1887.41,1885.24,1887.23,0.11435473,5
1689939900,1887.82,1889.32,1887.82,1889.32,6.98282845,18
1689940800,1889.39,1889.39,1889.38,1889.39,2.08663275,6
1689941700,1889.38,1892.09,1889.38,1892.09,48.55343295,78
1689942600,1892.34,1894.09,1891.99,1893.35,31.39757185,23
1689943500,1894.09,1895.23,1894.09,1894.21,6.64157616,6
1689944400,1894.09,1894.11,1894.09,1894.11,0.12423657,2
1689945300,1895.64,1895.64,1893.65,1893.65,0.08549618,2
1689946200,1893.28,1894.85,1892.32,1893.32,1.20984379,8
1689947100,1892.25,1893.42,1888.42,1889.08,1.74174771,9
1689948000,1888.56,1888.94,1887.0,1888.94,3.82639351,10
1689948900,1889.36,1890.22,1887.63,1887.63,34.76328416,19
1689949800,1889.45,1892.49,1889.45,1892.49,3.59746701,7
1689950700,1893.13,1893.77,1893.1,1893.77,1.10124151,4
1689951600,1894.77,1894.77,1892.45,1892.97,2.32968504,6
1689952500,1892.54,1892.55,1892.54,1892.54,4.39941569,6
1689953400,1892.54,1892.54,1891.7,1891.7,5.0752076,4
1689954300,1891.72,1892.31,1891.01,1891.01,2.45369044,9
1689955200,1890.54,1891.05,1890.54,1891.04,1.21262295,7
1689956100,1891.04,1891.04,1890.99,1890.99,45.89224324,67
1689957000,1890.47,1890.47,1889.64,1890.25,9.09932039,9
1689957900,1889.96,1890.47,1889.49,1889.81,1.56731268,10
1689958800,1890.46,1890.47,1890.46,1890.47,0.66611028,5
1689959700,1890.46,1893.34,1890.46,1893.34,2.19758173,7
1689960600,1895.33,1897.12,1895.26,1897.12,20.02695928,9
1689961500,1896.3,1896.61,1896.3,1896.61,0.0361172,2
1689962400,1897.85,1904.03,1897.85,1902.14,5.92129073,14
1689963300,1900.41,1901.92,1899.76,1901.92,0.2196809,5
1689964200,1900.25,1902.0,1900.25,1901.92,5.52889708,15
1689965100,1900.57,1901.53,1898.86,1899.3,0.62167683,8
1689966000,1897.01,1897.01,1889.49,1889.49,1.45762762,12
1689966900,1888.05,1890.0,1887.39,1890.0,0.25171651,6
1689967800,1893.74,1894.31,1893.54,1894.31,0.46781779,5
1689968700,1894.41,1896.04,1894.41,1896.04,3.09810532,4
1689969600,1893.0,1893.0,1891.94,1892.83,1.19997737,5
1689970500,1892.69,1894.48,1892.69,1894.48,0.61194804,4
1689971400,1894.24,1894.24,1894.24,1894.24,0.01,1
1689972300,1894.53,1895.3,1894.53,1894.73,0.18189966,3
1689973200,1895.82,1895.82,1895.82,1895.82,0.78098617,1
1689975000,1893.98,1893.98,1892.57,1892.57,0.19177507,3
1689975900,1892.2,1894.88,1891.96,1894.88,13.34796881,9
1689976800,1894.06,1894.07,1894.06,1894.07,0.41008426,2
1689977700,1894.71,1894.85,1894.71,1894.85,0.11619724,2
1689978600,1894.59,1894.6,1894.22,1894.41,0.40263599,4
1689979500,1893.7,1893.7,1893.7,1893.7,0.01572,1
1689980400,1893.21,1893.21,1892.27,1892.73,1.01701393,6
1689981300,1892.38,1892.38,1891.91,1891.91,2.72056284,8
1689982200,1892.51,1892.51,1892.26,1892.26,1.31092529,4
1689983100,1891.93,1891.93,1891.7,1891.7,0.42476878,5
1689984000,1891.77,1892.02,1891.57,1892.0,1.81452608,8
1689985800,1893.22,1894.12,1893.22,1894.01,1.75851996,5
1689986700,1894.6,1896.33,1894.6,1896.33,8.66692215,15
1689987600,1896.53,1896.89,1895.17,1895.17,4.30088259,11
1689988500,1895.88,1895.88,1894.69,1894.98,2.29955865,8
1689989400,1894.26,1894.26,1893.94,1893.94,20.7365,9
1689990300,1893.35,1893.35,1892.94,1892.94,0.41982,4
1689991200,1892.15,1892.15,1892.15,1892.15,1.38,2
1689992100,1893.26,1893.26,1893.26,1893.26,0.63171666,1
1689993000,1893.35,1893.96,1893.35,1893.96,0.10033468,2
1689993900,1893.8,1895.1,1893.48,1893.48,0.75983697,4
1689994800,1894.93,1895.17,1892.9,1892.9,0.54932027,5
1689995700,1893.62,1895.23,1893.6,1895.23,2.29726683,7
1689996600,1895.38,1895.38,1894.3,1894.3,2.35989422,2
1689999300,1893.39,1893.75,1893.39,1893.75,0.02528884,2
1690000200,1895.31,1895.31,1895.31,1895.31,0.41105,1
1690001100,1895.52,1895.52,1893.58,1893.58,1.68287478,3
1690002000,1893.74,1893.94,1893.74,1893.94,1.03152,3
1690002900,1893.52,1893.52,1893.43,1893.43,0.56815601,3
1690004700,1893.07,1893.31,1893.07,1893.31,0.29783924,2
1690005600,1892.27,1892.48,1892.27,1892.48,0.02944778,2
1690006500,1891.83,1891.85,1891.6,1891.85,0.58662011,4
1690007400,1891.91,1891.91,1891.91,1891.91,0.06292658,1
1690008300,1891.98,1892.19,1891.98,1892.19,0.2178,2
1690009200,1891.9,1891.9,1891.15,1891.15,0.14961705,2
1690010100,1891.58,1891.77,1891.58,1891.74,0.60092518,6
1690011000,1893.0,1895.06,1893.0,1895.06,10.07,6
1690011900,1893.71,1893.71,1893.7,1893.7,0.5648,9
1690012800,1891.85,1892.81,1891.85,1892.67,6.59292181,7
1690013700,1892.96,1894.12,1892.96,1892.98,3.3626895,7
1690014600,1892.75,1892.75,1892.58,1892.58,4.34875951,4
1690015500,1892.45,1892.45,1891.56,1891.97,1.96026716,5
1690016400,1891.77,1891.77,1891.77,1891.77,0.09645365,1
1690017300,1892.18,1893.1,1892.18,1893.1,1.1451519,5
1690018200,1892.6,1892.6,1892.55,1892.55,0.07558021,3
1690019100,1891.17,1891.19,1889.88,1889.88,4.4788257,12
1690020000,1886.46,1886.46,1885.07,1886.32,0.8723058,10
1690020900,1885.09,1886.65,1885.09,1886.37,2.28644324,6
1690021800,1886.5,1887.3,1886.35,1887.3,7.15680757,16
1690022700,1887.13,1887.14,1887.13,1887.14,1.34110437,2
1690023600,1888.44,1888.45,1888.08,1888.08,1.73228471,3
1690024500,1888.03,1888.03,1887.18,1887.18,1.94419021,5
1690025400,1888.27,1888.27,1888.27,1888.27,0.19666,1
1690026300,1888.55,1888.55,1888.07,1888.55,1.00166547,4
1690027200,1887.24,1887.45,1886.92,1887.3,1.03102216,11
1690028100,1887.04,1887.36,1887.04,1887.36,0.77279349,5
1690029000,1888.57,1888.57,1886.26,1886.26,0.61179791,21
1690029900,1886.59,1886.59,1885.9,1885.9,0.17765348,4
1690030800,1886.38,1887.12,1886.38,1887.12,1.38562686,3
1690031700,1887.44,1887.61,1887.37,1887.61,0.44970182,3
1690032600,1886.84,1886.84,1886.37,1886.37,3.15225785,4
1690033500,1886.33,1886.46,1886.32,1886.45,0.32558214,6
1690034400,1888.53,1889.12,1888.53,1889.12,0.13663134,4
1690035300,1888.44,1889.52,1888.17,1888.17,0.46706083,9
1690036200,1886.4,1889.36,1886.4,1889.36,8.58273956,10
1690037100,1887.53,1887.94,1887.53,1887.94,2.14039133,3
1690038000,1887.82,1887.82,1887.74,1887.74,0.40573,3
1690038900,1887.03,1887.04,1886.27,1886.91,0.46765366,4
1690039800,1887.71,1898.37,1887.71,1889.17,389.73250989,61
1690040700,1889.16,1889.98,1889.16,1889.97,6.11314068,7
1690041600,1889.97,1889.97,1889.49,1889.49,16.06948215,4
1690042500,1887.79,1888.6,1887.32,1887.95,17.6758359,15
1690043400,1888.29,1889.99,1888.29,1889.99,0.48189842,4
1690044300,1889.99,1889.99,1889.39,1889.41,3.94409012,6
1690045200,1889.4,1889.4,1889.4,1889.4,0.03020626,2
1690046100,1889.41,1889.56,1889.25,1889.56,19.44894129,8
1690047000,1887.68,1887.68,1887.47,1887.47,0.79026,2
1690047900,1885.93,1885.93,1885.53,1885.53,1.32213456,3
1690048800,1885.53,1885.53,1882.19,1882.96,8.50253469,12
1690049700,1884.53,1884.53,1882.74,1882.74,0.1128,2
1690050600,1884.42,1884.42,1883.93,1884.4,1.61395093,3
1690051500,1883.79,1883.83,1883.79,1883.83,0.07259,2
1690052400,1883.01,1885.64,1883.01,1885.64,0.26071688,3
1690053300,1885.64,1886.52,1885.64,1886.06,32.34402623,14
1690055100,1886.28,1886.32,1886.1,1886.1,0.40500774,3
1690056000,1886.11,1886.86,1886.11,1886.86,8.62197884,13
1690056900,1886.8,1886.88,1886.74,1886.88,36.34667036,63
1690057800,1886.88,1888.51,1886.87,1888.11,5.15137155,16
1690058700,1888.17,1888.5,1888.16,1888.16,0.38868064,4
1690059600,1888.21,1888.21,1888.02,1888.02,7.29025404,9
1690060500,1886.59,1886.95,1886.59,1886.92,0.04769003,3
1690061400,1886.92,1886.92,1886.92,1886.92,0.027,1
1690062300,1886.36,1887.24,1886.36,1887.24,0.38350334,3
1690063200,1887.5,1887.5,1886.53,1886.53,0.36517916,2
1690064100,1886.44,1886.6,1885.34,1885.34,1.99366251,7
1690065000,1885.34,1885.34,1884.42,1884.42,0.79996056,5
1690065900,1882.78,1882.78,1882.78,1882.78,0.02094847,1
1690066800,1883.15,1883.83,1883.15,1883.29,0.10031667,3
1690067700,1882.06,1882.07,1852.31,1856.91,172.03627573,242
1690068600,1855.63,1856.99,1855.61,1856.99,1.63284271,3
1690069500,1858.51,1865.26,1857.88,1865.26,26.83774867,20
1690070400,1865.45,1866.58,1862.8,1862.9,22.71706375,40
1690071300,1864.42,1866.28,1864.42,1866.28,0.20498422,2
1690072200,1864.35,1864.35,1862.22,1862.22,0.63904315,5
1690073100,1861.5,1861.5,1860.0,1860.0,3.2768335,10
1690074000,1864.76,1864.76,1864.76,1864.76,0.01723602,1
1690074900,1867.72,1870.33,1867.72,1869.05,2.16597344,7
1690075800,1869.98,1869.98,1869.98,1869.98,0.0108727,1
1690076700,1869.92,1869.92,1869.81,1869.81,0.95009811,2
1690077600,1869.89,1869.89,1867.89,1867.89,0.03963572,2
1690079400,1871.17,1871.18,1871.17,1871.18,0.02946834,2
1690080300,1871.46,1872.69,1871.46,1872.69,0.18060884,5
1690081200,1871.56,1871.56,1871.56,1871.56,0.02651525,1
1690082100,1871.51,1871.51,1871.14,1871.14,0.09434847,2
1690083000,1870.2,1870.2,1870.2,1870.2,0.01604106,1
1690083900,1868.97,1868.97,1868.85,1868.85,0.58340747,2
1690084800,1868.85,1868.85,1868.85,1868.85,2.67442208,8
1690085700,1868.85,1868.85,1868.85,1868.85,17.26236659,2
1690086600,1869.94,1870.37,1869.94,1870.37,0.3275541,4
1690087500,1872.0,1872.69,1872.0,1872.32,0.17438066,4
1690088400,1873.9,1873.9,1873.9,1873.9,0.01435518,1
1690089300,1874.52,1876.94,1874.52,1876.94,0.20087036,8
1690090200,1877.82,1877.82,1877.82,1877.82,0.01594167,1
1690091100,1877.81,1877.81,1874.74,1874.74,1.37926871,5
1690092000,1873.98,1874.11,1873.97,1874.0,0.25077516,7
1690092900,1873.74,1873.74,1873.74,1873.74,0.01750038,1
1690093800,1875.11,1875.11,1875.1,1875.1,3.25668279,5
1690094700,1875.75,1875.75,1874.02,1874.02,0.86324674,3
1690095600,1873.26,1873.63,1873.21,1873.63,2.93688853,5
1690096500,1873.13,1874.34,1872.94,1874.08,5.52988534,50
1690097400,1873.76,1873.76,1873.67,1873.67,2.65,4
1690098300,1873.02,1874.88,1873.02,1874.88,7.56030837,7
1690099200,1875.25,1875.54,1874.79,1874.79,14.07637215,9
1690100100,1873.78,1873.87,1873.73,1873.87,27.49357095,12
1690101000,1874.61,1877.81,1874.6,1877.81,0.45596377,3
1690101900,1877.31,1877.82,1876.23,1877.82,2.64571005,5
1690102800,1878.3,1878.3,1876.54,1876.54,21.14719957,5
1690103700,1876.44,1876.6,1875.95,1876.59,3.60231904,12
1690105500,1875.0,1875.5,1874.95,1875.5,16.86397042,6
1690106400,1875.08,1875.49,1875.08,1875.49,6.15642812,3
1690107300,1875.55,1876.61,1875.54,1876.61,16.79623453,6
1690108200,1874.91,1874.91,1874.89,1874.89,0.02304,2
1690109100,1874.84,1874.84,1874.84,1874.84,0.02933519,1
1690110000,1874.14,1874.91,1874.14,1874.2,16.56485164,13
1690110900,1874.58,1874.58,1874.34,1874.57,24.844388,16
1690111800,1874.65,1876.21,1874.65,1876.21,0.510693,2
1690112700,1874.67,1874.67,1874.42,1874.43,1.00353542,5
1690113600,1874.68,1876.2,1874.32,1876.2,5.27015784,14
1690114500,1874.72,1874.72,1874.72,1874.72,0.01397578,2
1690115400,1873.77,1873.86,1872.79,1872.97,0.19445398,14
1690116300,1872.78,1874.71,1872.62,1874.54,16.52751074,11
1690117200,1874.91,1875.18,1873.1,1873.1,18.87583576,17
1690118100,1873.72,1875.25,1873.72,1875.14,20.42696303,10
1690119000,1872.89,1873.34,1872.47,1872.62,4.84473839,9
1690119900,1873.57,1873.57,1873.44,1873.44,2.60993139,3
1690120800,1873.6,1874.96,1873.6,1874.69,0.43717315,4
1690121700,1874.01,1874.01,1874.0,1874.0,0.49292505,2
1690122600,1874.07,1874.48,1874.07,1874.42,3.77853197,7
1690123500,1873.82,1874.48,1873.06,1873.06,3.99042837,9
1690124400,1873.7,1873.7,1872.99,1873.25,0.31991364,3
1690125300,1872.85,1872.88,1872.8,1872.88,0.21397921,4
1690127100,1874.53,1874.53,1873.23,1873.23,0.01189246,2
1690128000,1874.95,1877.98,1874.95,1877.98,33.83925097,17
1690128900,1877.43,1877.43,1876.14,1876.99,0.98460146,7
1690129800,1877.35,1883.2,1877.35,1883.2,1.26257639,18
1690130700,1883.92,1885.2,1883.92,1884.43,2.90869586,6
1690131600,1883.74,1883.74,1883.73,1883.73,0.37519229,3
1690132500,1884.06,1885.2,1884.06,1884.24,3.27896516,11
1690133400,1883.66,1883.66,1883.34,1883.34,4.41574595,14
1690134300,1884.59,1893.36,1884.2,1893.36,8.90377142,41
1690135200,1893.72,1896.41,1892.34,1892.78,6.36171216,16
1690136100,1895.25,1895.25,1893.49,1894.77,5.1347928,5
1690137000,1894.69,1896.39,1894.69,1896.39,0.09900902,3
1690137900,1897.11,1902.63,1896.75,1902.63,2.02328567,18
1690138800,1901.91,1903.5,1898.13,1898.13,5.96835989,15
1690139700,1895.25,1896.93,1894.13,1894.44,4.04991115,12
1690140600,1895.3,1895.3,1889.77,1889.77,30.47485142,17
1690141500,1888.04,1888.04,1885.23,1886.04,1.26475561,8
1690142400,1890.28,1891.69,1890.28,1891.69,1.13177473,6
1690143300,1892.01,1892.01,1891.05,1891.92,1.06119478,4
1690144200,1890.38,1891.87,1890.38,1891.87,1.54993238,3
1690145100,1891.85,1892.76,1891.28,1892.76,1.70851274,4
1690146000,1893.12,1893.53,1890.83,1890.83,1.94158245,10
1690146900,1888.48,1888.73,1885.52,1886.97,1.11746453,38
1690147800,1885.22,1885.24,1878.78,1880.11,2.57894895,21
1690148700,1878.78,1880.53,1876.42,1880.52,0.6036258,11
1690149600,1879.76,1884.6,1879.76,1884.6,0.17959078,4
1690150500,1882.73,1883.8,1882.73,1883.67,0.45172812,4
1690151400,1883.8,1884.39,1883.8,1884.39,0.29030477,2
1690152300,1884.17,1884.17,1883.31,1883.31,0.19436147,3
1690153200,1884.22,1886.11,1884.22,1886.11,15.94373009,3
1690155000,1886.49,1887.61,1886.49,1887.61,10.35044743,7
1690155900,1888.06,1888.81,1888.06,1888.81,0.48295785,7
1690156800,1888.45,1888.58,1887.62,1888.32,5.74683871,18
1690157700,1888.54,1889.0,1887.84,1887.84,0.48317528,6
1690158600,1888.48,1889.78,1888.47,1889.78,0.82904036,6
1690159500,1889.79,1889.79,1886.98,1886.98,5.26878798,8
1690160400,1884.49,1884.49,1882.1,1884.16,0.54774215,3
1690161300,1882.84,1882.98,1880.29,1880.7,0.84833698,5
1690162200,1880.83,1880.83,1878.43,1878.43,0.93139849,4
1690163100,1878.53,1878.87,1877.6,1878.87,0.12232791,4
1690164000,1878.88,1878.88,1878.88,1878.88,0.015,1
1690164900,1876.74,1876.74,1874.28,1874.78,0.67245956,13
1690165800,1875.23,1875.23,1875.23,1875.23,0.0266634,1
1690166700,1875.01,1875.02,1874.88,1875.02,0.54684511,5
1690167600,1874.17,1874.17,1869.96,1870.55,0.51210496,13
1690169400,1869.25,1869.7,1868.61,1868.61,0.6816391,5
1690170300,1868.6,1869.15,1867.95,1869.15,27.95548278,15
1690171200,1869.14,1869.14,1864.34,1865.5,0.6736106,16
1690172100,1865.22,1868.25,1865.22,1867.59,26.70914203,10
1690173000,1870.08,1870.33,1870.08,1870.33,0.05,3
1690173900,1870.59,1870.59,1870.5,1870.5,0.03496422,2
1690174800,1870.5,1870.5,1870.5,1870.5,0.02633663,1
1690175700,1870.33,1871.31,1870.33,1871.31,0.94608077,3
1690176600,1873.1,1873.4,1871.25,1871.26,0.65786695,6
1690177500,1870.8,1871.44,1870.65,1871.44,0.28704527,4
1690178400,1869.35,1869.35,1869.35,1869.35,0.16069452,1
1690179300,1870.29,1870.56,1870.27,1870.56,0.20817871,3
1690180200,1870.47,1870.47,1869.11,1869.67,4.89425451,7
1690181100,1869.59,1870.92,1869.59,1869.85,1.85889505,4
1690182000,1870.78,1870.78,1868.53,1868.75,0.29997201,5
1690183800,1873.12,1875.91,1873.1,1875.86,13.9984407,18
1690184700,1875.91,1876.11,1874.44,1874.44,2.08076665,9
1690185600,1875.01,1875.01,1874.15,1874.34,0.46993278,5
1690186500,1874.1,1874.83,1874.09,1874.77,0.5343909,7
1690187400,1874.1,1874.1,1871.95,1872.06,2.333587,7
1690188300,1870.66,1870.66,1869.58,1869.91,33.85968558,20
1690189200,1869.51,1870.43,1869.31,1869.57,46.83699611,36
1690190100,1870.99,1871.47,1870.27,1870.27,2.28119189,8
1690191000,1870.95,1870.95,1868.42,1868.43,0.62159646,7
1690191900,1867.22,1867.22,1835.0,1844.39,408.3029355,388
1690192800,1840.15,1849.42,1840.15,1848.92,15.55667148,34
1690193700,1849.66,1852.5,1848.52,1848.52,4.15455959,14
1690194600,1849.28,1849.28,1848.29,1848.5,9.54670144,12
1690195500,1848.56,1852.82,1848.56,1852.81,6.95839343,15
1690196400,1852.36,1853.53,1852.36,1852.68,11.96691969,17
1690197300,1853.02,1854.36,1852.14,1854.36,69.3470899,36
1690198200,1855.32,1855.32,1850.74,1851.87,3.42355467,9
1690199100,1853.3,1853.81,1851.8,1853.13,0.4662493,4
1690200000,1852.69,1853.32,1850.63,1850.88,108.65226659,31
1690200900,1850.85,1853.21,1848.34,1848.34,10.84613188,11
1690201800,1848.08,1851.4,1848.08,1849.96,18.88319256,30
1690202700,1850.49,1852.29,1850.49,1852.26,6.72849314,15
1690203600,1852.9,1852.9,1851.22,1852.86,1.01213638,8
1690204500,1853.07,1854.17,1853.01,1853.67,5.70547001,14
1690205400,1853.67,1854.14,1851.37,1851.37,6.22425571,13
1690206300,1849.27,1850.76,1847.13,1850.75,5.60155889,16
1690207200,1848.44,1849.05,1847.02,1848.55,4.96717428,20
1690208100,1847.04,1848.64,1845.7,1847.74,37.13823339,27
1690209000,1845.0,1845.14,1842.3,1845.14,9.02663835,20
1690209900,1847.65,1848.31,1843.45,1843.45,26.12401159,15
1690210800,1843.88,1844.27,1836.09,1837.8,32.5132589,26
1690211700,1836.78,1844.81,1836.78,1844.81,38.74987095,16
1690212600,1843.68,1843.68,1840.02,1840.02,18.00261521,19
1690213500,1841.42,1841.43,1838.85,1841.43,0.7492087,6
1690214400,1843.77,1844.69,1842.22,1842.22,2.80142199,8
1690215300,1841.3,1842.32,1840.01,1842.32,1.17143058,6
1690216200,1844.9,1847.84,1843.94,1843.95,4.30633914,18
1690217100,1845.56,1846.17,1845.01,1845.01,7.7554085,5
1690218000,1844.05,1844.05,1843.2,1843.37,1.5516442,9
1690218900,1844.76,1844.76,1843.51,1843.96,8.72226641,11
1690219800,1844.78,1844.78,1841.93,1842.17,6.71042356,11
1690220700,1844.47,1844.74,1842.72,1842.72,0.05706082,3
1690221600,1843.63,1844.99,1843.11,1844.67,34.45649508,20
1690222500,1845.01,1847.38,1844.48,1847.38,19.32887299,11
1690223400,1847.89,1848.86,1847.89,1848.86,0.27556945,7
1690224300,1849.16,1850.14,1848.85,1849.61,1.15342731,9
1690225200,1850.06,1850.67,1850.01,1850.01,5.60555767,12
1690226100,1850.01,1850.63,1850.0,1850.44,31.3779601,12
1690227000,1850.02,1850.02,1848.84,1849.36,0.3602966,4
1690227900,1849.71,1849.71,1848.85,1849.09,19.38548431,12
1690228800,1849.28,1849.28,1849.16,1849.2,0.47421952,5
1690229700,1849.16,1849.16,1848.37,1848.37,27.09103712,12
1690230600,1848.46,1848.46,1848.07,1848.07,0.4404289,6
1690231500,1848.46,1849.7,1848.46,1849.7,15.39765797,22
1690232400,1849.7,1850.78,1848.54,1848.54,2.60143454,13
1690234200,1849.41,1849.41,1849.41,1849.41,0.5,1
1690235100,1848.5,1848.5,1848.03,1848.03,0.3646,3
1690236000,1849.48,1850.11,1849.48,1849.9,1.03503468,8
1690236900,1849.98,1850.02,1847.44,1847.44,0.79063227,4
1690237800,1846.38,1846.76,1845.98,1845.98,6.40009682,8
1690238700,1845.73,1846.96,1845.62,1846.96,1.88142985,7
1690239600,1848.8,1848.82,1848.8,1848.82,0.5192969,2
1690240500,1850.56,1850.74,1850.52,1850.52,0.49230849,3
1690241400,1850.82,1850.85,1849.87,1850.02,3.51908238,9
1690242300,1850.08,1850.46,1849.92,1849.93,2.23016662,9
1690243200,1849.78,1851.0,1849.78,1850.1,9.31645739,25
1690244100,1850.79,1851.82,1850.79,1851.48,0.70463212,3
1690245900,1849.31,1849.96,1849.1,1849.39,13.76666945,41
1690246800,1849.96,1849.96,1847.06,1847.06,3.59468031,9
1690247700,1846.59,1846.59,1846.0,1846.0,10.65972668,20
1690248600,1847.77,1847.77,1847.76,1847.76,0.26375632,2
1690249500,1847.48,1849.02,1847.46,1849.02,3.31680758,8
1690250400,1849.02,1849.3,1848.95,1849.29,2.02903456,5
1690251300,1849.79,1849.79,1849.79,1849.79,0.57574414,1
1690252200,1852.83,1853.99,1852.83,1853.99,0.6048735,5
1690253100,1854.29,1854.29,1852.25,1853.32,1.07603473,7
1690254000,1852.63,1852.63,1852.44,1852.44,4.93876071,2
1690254900,1852.03,1852.03,1852.03,1852.03,0.00200933,1
1690255800,1851.62,1851.81,1851.2,1851.2,0.767315,3
1690257600,1851.79,1851.82,1851.68,1851.68,5.82657,4
1690258500,1852.23,1852.23,1850.92,1850.92,1.235,4
1690259400,1847.99,1847.99,1847.99,1847.99,0.95139,1
1690260300,1847.6,1847.91,1847.6,1847.91,0.44385,3
1690261200,1848.55,1848.55,1848.55,1848.55,0.216,1
1690262100,1850.63,1851.02,1850.43,1850.71,0.24606474,17
1690263000,1851.03,1852.3,1851.03,1852.13,1.22581336,11
1690263900,1851.53,1851.92,1851.53,1851.92,0.92715756,3
1690264800,1851.56,1852.39,1851.48,1852.39,3.64501777,7
1690265700,1852.4,1852.4,1852.36,1852.36,0.65818895,4
1690266600,1852.3,1852.3,1850.65,1850.65,0.52676593,4
1690267500,1850.01,1852.39,1850.01,1852.39,1.89481865,6
1690268400,1852.4,1852.95,1852.4,1852.95,0.25586364,4
1690269300,1852.4,1852.57,1850.78,1852.52,35.23542441,23
1690270200,1851.85,1851.85,1850.77,1850.77,0.59693223,4
1690271100,1849.57,1850.92,1849.16,1850.92,37.17753641,13
1690272000,1851.21,1851.21,1849.31,1849.31,30.79583586,14
1690272900,1849.96,1852.05,1849.96,1852.05,2.09083611,32
1690273800,1851.36,1852.97,1851.36,1852.97,0.83598658,2
1690274700,1853.82,1854.76,1853.82,1854.34,2.96505148,6
1690275600,1854.31,1854.31,1853.71,1853.71,0.5079997,2
1690276500,1854.74,1855.09,1854.74,1855.09,0.07494481,2
1690277400,1855.85,1861.29,1855.85,1861.29,3.43872341,19
1690278300,1860.13,1860.13,1856.65,1856.65,2.34573153,8
1690279200,1856.25,1856.36,1855.37,1855.89,1.70419955,4
1690280100,1856.06,1857.39,1856.06,1857.17,0.31614043,5
1690281000,1855.24,1855.24,1854.55,1854.97,2.29651322,6
1690281900,1854.77,1855.74,1854.57,1854.71,16.69987773,9
1690282800,1854.03,1854.16,1853.69,1853.69,6.19711758,9
1690283700,1853.37,1853.37,1853.25,1853.25,0.02174126,2
1690284600,1852.93,1854.3,1852.93,1854.3,0.60144984,4
1690285500,1853.11,1853.3,1852.84,1853.3,6.6472041,16
1690286400,1854.6,1855.12,1853.84,1853.84,1.97651628,8
1690287300,1854.98,1854.98,1854.98,1854.98,0.00629162,1
1690288200,1855.1,1855.1,1852.83,1853.0,0.37060787,15
1690289100,1853.04,1853.91,1852.7,1853.32,4.43422391,15
1690290000,1855.53,1855.53,1854.01,1854.01,4.3493812,5
1690290900,1854.95,1854.95,1854.0,1854.01,9.57440119,5
1690291800,1855.43,1867.4,1855.43,1867.4,19.39357311,59
1690292700,1867.47,1867.47,1862.51,1864.55,3.83612256,12
1690293600,1866.1,1866.38,1865.5,1866.38,0.08343952,3
1690294500,1864.14,1864.71,1864.14,1864.71,1.67881,4
1690295400,1859.09,1859.09,1856.76,1856.76,0.22847494,5
1690296300,1856.73,1856.73,1854.99,1855.16,0.22022945,7
1690297200,1854.35,1857.02,1854.35,1856.07,3.2884213,7
1690298100,1856.71,1858.0,1856.21,1856.21,26.73881268,19
1690299000,1855.51,1858.19,1855.51,1858.19,0.80881326,6
1690299900,1858.05,1859.67,1858.05,1858.95,0.89030895,4
1690300800,1858.03,1860.95,1857.49,1860.95,5.31842484,16
1690301700,1861.25,1863.38,1859.41,1859.41,25.98787359,13
1690302600,1859.64,1860.44,1859.13,1859.54,3.44176725,12
1690303500,1856.81,1857.19,1855.66,1856.64,10.50018389,14
1690304400,1856.27,1856.27,1854.62,1854.62,2.74973984,5
1690305300,1854.7,1859.98,1854.5,1859.98,10.80192369,10
1690306200,1859.49,1860.07,1859.38,1860.05,0.71002,7
1690307100,1859.58,1859.58,1859.07,1859.52,7.49390721,6
1690308000,1860.85,1861.82,1860.85,1861.22,9.63183662,6
1690308900,1861.16,1862.29,1860.79,1862.29,1.12947379,11
1690309800,1862.82,1864.84,1862.82,1862.97,3.4996239,20
1690310700,1862.23,1862.23,1860.03,1860.03,0.61516551,5
1690311600,1860.46,1861.36,1859.65,1859.65,102.43755344,30
1690312500,1859.91,1860.41,1859.89,1859.91,1.45064219,5
1690313400,1859.05,1859.37,1857.91,1858.77,19.99464557,14
1690314300,1858.7,1858.7,1857.01,1857.01,8.48776578,8
1690315200,1859.65,1859.76,1857.94,1857.94,1.32808402,8
1690316100,1858.2,1858.2,1857.71,1857.71,1.28864757,5
1690317000,1859.83,1859.83,1859.53,1859.67,2.34581338,10
1690317900,1861.08,1862.55,1861.08,1862.38,3.38866826,6
1690318800,1862.36,1862.69,1862.36,1862.69,0.09718672,2
1690320600,1864.12,1864.14,1862.75,1863.15,3.09223539,9
1690321500,1863.06,1863.07,1862.66,1862.66,0.20008247,5
1690322400,1862.67,1862.84,1862.66,1862.66,1.02739397,8
1690323300,1862.66,1862.66,1860.86,1860.86,6.45653966,9
1690324200,1860.79,1860.79,1860.63,1860.63,0.09327821,2
1690325100,1860.93,1860.93,1860.93,1860.93,0.02158114,1
1690326000,1859.27,1859.27,1858.54,1858.54,0.06162067,2
1690326900,1858.29,1858.29,1857.83,1857.91,2.24744466,6
1690327800,1857.24,1857.24,1856.92,1856.92,0.23760377,3
1690328700,1857.43,1858.08,1857.42,1858.08,0.33649559,3
1690329600,1857.35,1858.02,1857.35,1858.02,2.91086758,2
1690330500,1857.96,1857.96,1855.18,1857.27,0.89235945,11
1690331400,1857.13,1857.14,1855.0,1856.52,12.94928043,15
1690332300,1856.71,1856.73,1855.23,1855.23,3.71685458,6
1690333200,1855.2,1855.2,1854.91,1854.91,0.82253572,4
1690334100,1854.9,1854.92,1854.71,1854.92,0.97176176,3
1690335000,1855.03,1855.03,1853.94,1854.52,8.61860405,8
1690335900,1854.38,1854.38,1854.04,1854.08,0.60339924,4
1690336800,1854.68,1854.68,1854.07,1854.45,0.77712657,5
1690337700,1855.14,1856.37,1855.14,1856.36,4.13689811,5
1690338600,1854.3,1855.07,1854.29,1854.73,1.89440208,6
1690339500,1854.58,1856.39,1854.58,1856.39,2.22062157,4
1690340400,1860.22,1865.45,1860.22,1864.54,0.64600779,11
1690341300,1862.65,1862.65,1860.41,1860.41,0.07360365,2
1690342200,1859.34,1860.08,1859.13,1859.87,7.29389928,11
1690343100,1859.36,1859.4,1858.61,1858.86,29.3499718,19
1690344000,1858.45,1858.45,1858.45,1858.45,0.216,1
1690344900,1858.01,1858.01,1856.45,1856.45,8.62903592,9
1690345800,1856.96,1856.96,1855.95,1855.95,11.14976099,5
1690347600,1855.94,1855.94,1855.92,1855.92,0.25272948,2
1690348500,1857.33,1857.38,1855.95,1855.95,2.09847207,5
1690349400,1855.74,1855.89,1855.74,1855.89,0.0807332,2
1690350300,1858.33,1859.57,1858.33,1859.57,19.45204762,10
1690351200,1859.5,1859.5,1857.63,1857.63,0.48897311,3
1690352100,1857.74,1858.03,1857.69,1858.03,0.74843639,3
1690353000,1858.14,1859.4,1858.14,1858.53,9.22820292,6
1690353900,1857.55,1857.55,1855.37,1855.37,42.7564608,11
1690354800,1854.77,1856.2,1854.77,1856.2,0.71055593,3
1690355700,1855.59,1855.59,1853.01,1853.38,8.71040201,9
1690356600,1853.64,1854.0,1853.64,1854.0,0.38523298,2
1690357500,1852.7,1853.71,1852.7,1853.4,21.11200006,14
1690358400,1853.33,1854.79,1853.12,1854.79,10.60579761,12
1690359300,1854.97,1854.97,1853.97,1853.97,0.70095603,3
1690360200,1854.11,1856.08,1854.11,1856.08,0.84008828,5
1690361100,1854.83,1854.9,1854.69,1854.69,0.63788559,5
1690362000,1854.7,1855.45,1854.7,1855.03,2.2867236,7
1690362900,1855.43,1855.43,1853.27,1853.27,4.34861127,5
1690363800,1853.01,1853.01,1850.01,1850.01,3.04211539,14
1690364700,1850.09,1850.5,1849.87,1850.5,7.22341523,11
1690365600,1850.97,1850.98,1850.01,1850.01,5.57398997,5
1690366500,1850.72,1852.39,1850.72,1852.38,1.41095257,9
1690367400,1851.32,1852.77,1851.32,1852.41,3.49204837,8
1690368300,1852.16,1852.22,1851.96,1852.22,0.29125647,3
1690369200,1852.13,1853.04,1852.13,1852.87,1.67691379,4
1690370100,1852.9,1852.9,1851.94,1851.94,1.04939354,4
1690371000,1852.54,1852.54,1852.24,1852.24,3.63265,3
1690371900,1851.5,1851.5,1850.82,1850.9,4.71675168,10
1690372800,1851.9,1852.4,1851.89,1852.4,0.15279995,4
1690373700,1854.95,1854.95,1854.95,1854.95,0.020528,1
1690374600,1855.2,1855.44,1854.08,1854.2,17.54761907,16
1690375500,1854.39,1855.63,1854.39,1855.63,0.33078515,2
1690376400,1855.89,1857.74,1855.89,1857.59,1.19761881,6
1690377300,1856.72,1857.38,1856.4,1856.58,2.61168558,10
1690378200,1857.65,1858.15,1855.04,1858.12,2.01382898,51
1690379100,1858.28,1858.28,1856.82,1858.1,8.03790006,54
1690380000,1858.69,1858.69,1855.08,1856.12,7.26771149,61
1690380900,1856.28,1859.04,1856.17,1859.04,2.21083609,45
1690381800,1858.99,1859.05,1857.93,1858.48,3.27030101,16
1690382700,1858.09,1858.51,1856.75,1857.81,7.16326721,46
1690383600,1858.01,1860.26,1858.01,1860.26,0.18527121,14
1690384500,1861.02,1861.07,1859.25,1859.25,17.48954348,60
1690385400,1859.32,1861.25,1859.23,1860.72,0.95361508,51
1690386300,1860.79,1861.2,1860.13,1860.74,6.89503115,57
1690387200,1860.78,1862.18,1860.78,1861.39,53.33479996,71
1690388100,1861.85,1863.96,1858.51,1859.0,3.16997928,37
1690389000,1858.78,1859.35,1858.21,1859.0,0.65827673,15
1690389900,1860.9,1860.9,1858.97,1859.44,5.42739923,42
1690390800,1859.56,1860.38,1857.52,1858.28,2.91234482,30
1690391700,1858.56,1859.92,1858.56,1858.56,2.16763891,22
1690392600,1859.59,1859.6,1858.44,1859.06,4.09595379,7
1690393500,1859.56,1860.13,1856.34,1856.34,0.83759304,11
1690394400,1857.21,1873.58,1857.05,1870.43,34.17173082,52
1690395300,1867.48,1868.68,1864.23,1864.23,1.34329052,14
1690396200,1864.68,1881.09,1864.63,1878.33,75.04163434,70
1690397100,1875.22,1875.74,1870.95,1871.94,47.52801752,33
1690398000,1872.18,1872.42,1859.15,1863.24,43.96837874,54
1690398900,1863.71,1871.33,1860.8,1871.24,7.42408722,21
1690399800,1871.11,1872.91,1871.11,1872.81,3.81449573,8
1690400700,1873.0,1873.9,1872.34,1872.34,1.33577639,5
1690401600,1873.9,1878.74,1873.9,1878.74,0.42412317,13
1690402500,1878.97,1883.39,1877.82,1877.82,44.81400824,57
1690403400,1878.79,1885.87,1878.79,1885.86,6.45899161,21
1690404300,1883.59,1884.84,1880.81,1880.81,21.32709376,10
1690405200,1881.38,1881.39,1881.08,1881.39,6.304,7
1690406100,1882.44,1882.92,1874.87,1874.87,3.82795654,15
1690407000,1874.87,1877.02,1874.87,1876.95,0.05107287,4
1690407900,1875.34,1875.34,1872.78,1872.78,0.60442058,8
1690408800,1870.96,1871.64,1870.48,1870.63,2.25563503,9
1690409700,1869.97,1869.97,1869.96,1869.96,0.13297278,2
1690410600,1869.5,1869.5,1868.59,1868.59,0.19007523,5
1690411500,1870.89,1870.89,1870.89,1870.89,0.38216,2
1690412400,1875.78,1875.78,1875.49,1875.49,0.17510974,3
1690413300,1871.2,1871.2,1871.2,1871.2,0.02578204,1
1690415100,1868.41,1868.41,1868.41,1868.41,0.33988886,3
1690416000,1871.96,1872.16,1870.66,1870.83,10.9382074,25
1690416900,1870.28,1872.23,1870.28,1872.23,2.98886961,6
1690417800,1871.63,1871.63,1868.09,1868.67,12.46272318,13
1690418700,1868.75,1869.92,1868.75,1869.92,1.17339352,4
1690419600,1870.04,1870.25,1870.04,1870.25,0.37694,2
1690421400,1873.8,1873.8,1872.79,1872.95,2.50555884,5
1690422300,1873.56,1873.56,1873.56,1873.56,0.06555025,1
1690423200,1873.62,1873.62,1873.59,1873.6,0.68705755,9
1690424100,1872.77,1872.93,1872.75,1872.75,1.81289495,3
1690425000,1873.11,1874.06,1873.1,1874.06,0.65177095,4
1690425900,1875.52,1876.8,1875.52,1876.8,1.48177264,3
1690426800,1876.72,1877.24,1876.72,1877.24,0.38875,2
1690427700,1876.8,1876.98,1876.8,1876.98,0.06605216,2
1690428600,1878.29,1878.67,1878.29,1878.67,1.43170068,4
1690429500,1877.59,1877.59,1876.19,1876.19,0.42901446,2
1690430400,1876.17,1876.97,1876.17,1876.97,0.31777819,3
1690431300,1878.51,1879.14,1878.51,1878.85,8.39099831,10
1690432200,1879.27,1879.31,1879.22,1879.23,5.47228943,7
1690433100,1879.54,1880.01,1879.54,1880.01,0.10054003,3
1690434900,1879.92,1880.11,1879.91,1880.03,1.08526882,7
1690435800,1880.52,1880.52,1879.92,1879.92,0.40642546,2
1690436700,1879.91,1879.91,1879.91,1879.91,10.01025824,19
1690437600,1877.96,1877.96,1877.88,1877.93,1.0798719,3
1690438500,1877.66,1877.89,1877.07,1877.89,5.24401841,3
1690439400,1876.0,1876.0,1876.0,1876.0,0.1,1
1690440300,1875.01,1875.01,1873.91,1874.09,2.20204992,6
1690441200,1874.79,1875.47,1873.22,1875.47,68.70477746,21
1690442100,1875.4,1876.31,1875.31,1876.17,3.35998617,5
1690443000,1876.03,1876.03,1876.03,1876.03,4.9988,2
1690443900,1877.42,1877.48,1870.15,1871.9,105.68306663,47
1690444800,1871.86,1871.86,1870.76,1870.77,7.28527933,13
1690445700,1872.15,1873.46,1871.6,1873.46,16.97141114,10
1690446600,1872.82,1873.32,1872.41,1872.8,1.34257861,6
1690447500,1873.46,1878.35,1873.46,1875.98,2.0028584,8
1690448400,1878.46,1879.39,1878.37,1879.3,8.89736722,7
1690449300,1879.55,1882.38,1879.55,1882.38,3.50921054,15
1690450200,1882.37,1884.79,1882.3,1884.79,1.32384873,13
1690451100,1884.38,1885.54,1884.38,1884.75,1.1420511,8
1690452000,1883.79,1884.18,1882.91,1882.91,0.42042677,3
1690452900,1882.63,1882.63,1880.01,1880.91,6.46998458,7
1690453800,1880.68,1880.68,1880.68,1880.68,0.29999999,1
1690454700,1879.66,1879.66,1878.07,1878.07,0.34921216,4
1690455600,1877.6,1877.61,1876.61,1876.61,1.80500908,4
1690456500,1876.88,1876.9,1876.69,1876.9,0.7319959,4
1690457400,1877.26,1877.56,1877.09,1877.09,1.69536126,4
1690458300,1876.75,1877.05,1876.75,1877.05,0.83592783,2
1690459200,1876.4,1876.4,1875.99,1875.99,0.33828206,4
1690460100,1876.01,1876.62,1874.82,1874.82,7.71871315,14
1690461000,1874.79,1876.85,1873.99,1873.99,4.86267836,15
1690461900,1876.59,1878.01,1876.49,1878.0,0.90812386,7
1690462800,1876.62,1876.64,1876.44,1876.44,1.01919139,6
1690463700,1875.95,1876.02,1875.42,1875.79,7.96844155,9
1690464600,1875.14,1875.76,1874.71,1875.69,8.47635441,13
1690465500,1874.64,1875.07,1873.74,1873.91,11.04899233,12
1690466400,1874.49,1874.7,1873.58,1873.65,2.34740151,8
1690467300,1873.87,1874.54,1870.98,1870.98,0.90609821,10
1690468200,1872.26,1872.26,1869.77,1869.77,2.262964,11
1690469100,1870.0,1871.31,1869.28,1869.84,1.4723053,7
1690470000,1869.25,1869.38,1865.14,1865.14,5.67415893,25
1690470900,1865.01,1869.19,1865.01,1869.19,3.06621137,13
1690471800,1869.19,1870.6,1869.19,1870.58,1.57131919,6
1690472700,1871.86,1871.9,1868.87,1868.97,0.72943599,8
1690473600,1868.87,1868.95,1867.98,1868.29,4.72165042,7
1690474500,1868.66,1868.66,1866.44,1867.11,1.72104827,10
1690475400,1869.0,1869.14,1868.12,1868.12,0.46622151,5
1690476300,1868.4,1868.4,1866.56,1866.87,6.95118057,10
1690477200,1867.27,1867.27,1865.6,1865.82,0.78791472,9
1690478100,1865.59,1868.53,1863.63,1868.53,1.75130332,11
1690479000,1866.41,1866.41,1864.87,1865.02,1.01569742,4
1690479900,1865.01,1866.25,1865.01,1865.2,0.6395919,4
1690480800,1865.19,1866.76,1863.7,1863.99,3.28758784,11
1690481700,1864.75,1865.6,1860.39,1862.66,9.54191415,22
1690482600,1860.81,1860.91,1857.32,1860.66,7.13815117,29
1690483500,1860.11,1863.12,1859.54,1859.55,0.97756424,13
1690484400,1859.19,1859.34,1859.19,1859.23,0.05882003,3
1690485300,1861.76,1862.34,1861.52,1861.52,7.02440944,8
1690486200,1859.34,1859.34,1859.34,1859.34,0.03974057,1
1690487100,1859.73,1860.12,1859.73,1860.12,0.2466419,3
1690488000,1861.33,1862.08,1861.33,1862.08,0.18591167,5
1690488900,1861.1,1861.1,1860.25,1860.29,2.61469217,10
1690489800,1860.25,1860.79,1859.62,1859.62,1.0765675,6
1690490700,1858.85,1859.68,1858.5,1858.57,2.44589926,8
1690491600,1858.6,1858.71,1858.6,1858.71,0.58709324,3
1690492500,1858.25,1858.25,1857.63,1857.63,0.16333406,4
1690493400,1859.54,1860.02,1859.28,1859.48,0.6258874,8
1690494300,1861.8,1861.8,1860.38,1860.38,8.87233771,2
1690495200,1860.38,1860.75,1860.38,1860.75,1.67225471,9
1690496100,1861.01,1861.02,1860.41,1860.41,1.6495847,5
1690497000,1860.4,1860.4,1860.39,1860.39,0.91611573,4
1690497900,1860.39,1860.39,1857.13,1857.13,4.27642445,5
1690498800,1857.0,1857.0,1855.56,1855.56,3.65824583,8
1690499700,1857.93,1857.93,1857.4,1857.4,1.06689049,2
1690500600,1859.12,1859.12,1858.95,1858.95,0.04,2
1690501500,1860.44,1860.63,1860.44,1860.63,0.03095118,3
1690502400,1861.1,1861.89,1861.1,1861.89,0.42851914,5
1690503300,1861.88,1861.88,1861.88,1861.88,0.01001233,1
1690504200,1862.42,1862.42,1861.92,1861.98,4.95681695,5
1690505100,1863.56,1863.56,1861.96,1861.96,0.16647795,2
1690506000,1861.84,1861.84,1861.1,1861.2,3.01248677,7
1690506900,1861.26,1862.29,1861.26,1862.06,2.41437326,8
1690508700,1863.93,1864.48,1863.92,1864.48,0.45118001,6
1690509600,1863.43,1863.43,1863.43,1863.43,0.01512469,1
1690510500,1862.18,1862.63,1861.89,1861.89,1.03793045,4
1690511400,1861.05,1861.05,1860.22,1860.22,0.17823689,2
1690513200,1862.31,1862.31,1862.31,1862.31,0.01546209,1
1690514100,1862.45,1862.45,1862.1,1862.1,0.76896939,3
1690515000,1863.84,1864.8,1862.63,1862.66,1.77117849,8
1690516800,1861.15,1861.15,1861.15,1861.15,0.09310502,1
1690517700,1862.84,1863.21,1862.84,1863.21,1.20362927,4
1690518600,1863.74,1863.74,1863.74,1863.74,0.13367478,1
1690519500,1864.2,1864.5,1864.2,1864.23,0.103,4
1690520400,1862.92,1863.25,1862.79,1863.25,3.16499908,3
1690521300,1863.9,1863.9,1862.84,1862.84,0.26321445,2
1690522200,1862.85,1862.85,1860.0,1860.0,1.83616296,7
1690523100,1860.0,1860.0,1860.0,1860.0,19.84939907,2
1690524000,1858.0,1859.77,1858.0,1859.77,1.06799371,3
1690524900,1859.63,1859.63,1859.63,1859.63,0.13487,1
1690525800,1859.56,1861.07,1859.56,1861.07,1.25104778,3
1690526700,1860.72,1860.73,1860.72,1860.73,0.884955,2
1690528500,1861.82,1863.21,1861.82,1863.21,2.07727948,6
1690529400,1862.64,1862.64,1861.08,1861.08,0.03654833,3
1690530300,1860.83,1860.83,1859.97,1860.04,2.68903901,4
1690531200,1859.48,1859.63,1859.09,1859.09,0.46945242,3
1690532100,1860.53,1862.24,1860.53,1862.06,42.58132,13
1690533000,1862.99,1862.99,1862.99,1862.99,1.02927531,1
1690533900,1862.57,1862.64,1861.29,1862.51,7.25286353,6
1690534800,1863.0,1863.0,1863.0,1863.0,4.41617368,6
1690535700,1863.0,1863.0,1862.69,1863.0,7.01227649,19
1690536600,1863.0,1864.62,1862.99,1864.6,23.57893139,26
1690537500,1865.45,1867.72,1865.45,1867.72,3.19793334,9
1690538400,1868.25,1868.25,1867.11,1867.11,0.97359333,5
1690539300,1867.64,1867.64,1867.64,1867.64,0.20002165,1
1690540200,1866.79,1867.07,1866.24,1867.07,0.35269968,5
1690541100,1867.24,1867.25,1867.24,1867.25,0.40491026,2
1690542000,1866.9,1866.9,1865.33,1866.69,1.06204837,10
1690542900,1866.74,1866.94,1866.48,1866.93,9.28314044,12
1690543800,1867.64,1868.27,1867.43,1868.26,0.37499546,8
1690544700,1868.3,1868.3,1866.75,1866.99,1.48165275,10
1690545600,1867.51,1868.3,1867.44,1868.3,10.983637,58
1690546500,1868.3,1870.28,1868.3,1870.28,63.26886321,26
1690547400,1871.46,1872.59,1870.75,1871.1,0.3742938,16
1690548300,1871.11,1872.78,1871.1,1872.52,5.79148282,21
1690549200,1872.27,1873.0,1872.27,1872.52,0.69015463,8
1690550100,1871.88,1871.89,1871.1,1871.1,17.81077413,23
1690551000,1869.79,1872.3,1869.79,1869.79,4.75902963,9
1690551900,1869.8,1871.66,1869.79,1871.66,0.34217131,8
1690552800,1871.78,1875.84,1870.85,1875.84,75.32648583,42
1690553700,1875.91,1878.93,1875.91,1877.51,14.77726158,21
1690554600,1878.97,1881.57,1876.57,1876.57,37.4193232,28
1690555500,1877.46,1878.6,1877.09,1878.55,0.52908477,8
1690556400,1879.07,1880.12,1877.81,1880.09,3.40872498,9
1690557300,1879.04,1880.44,1878.75,1879.27,30.53767842,22
1690558200,1878.97,1878.97,1875.3,1876.37,0.14834044,7
1690559100,1876.77,1876.77,1875.03,1875.03,6.15616037,11
1690560000,1875.46,1875.46,1873.6,1874.6,0.82557705,11
1690560900,1875.17,1877.33,1875.17,1877.33,0.08420365,6
1690561800,1877.45,1878.97,1877.45,1878.37,14.69039532,15
1690562700,1877.83,1877.84,1876.76,1877.38,11.89311419,21
1690563600,1877.21,1877.35,1872.11,1873.86,2.32044601,14
1690564500,1872.53,1872.53,1872.46,1872.46,0.08536963,2
1690565400,1872.37,1872.47,1868.49,1868.49,2.18493164,15
1690566300,1867.95,1870.44,1865.82,1870.44,53.46385519,25
1690567200,1871.77,1871.77,1871.77,1871.77,2.49067732,1
1690568100,1872.76,1873.04,1872.75,1872.77,5.97772329,4
1690569000,1874.91,1875.23,1874.91,1875.23,0.26462535,2
1690569900,1875.92,1876.27,1874.97,1875.29,3.6752,9
1690570800,1875.65,1876.47,1875.64,1876.47,0.93819,4
1690571700,1876.36,1876.67,1874.81,1874.81,9.6720829,12
1690572600,1874.32,1874.32,1873.71,1873.71,0.41284899,4
1690573500,1874.09,1874.09,1874.05,1874.05,0.64694057,3
1690574400,1873.36,1873.36,1873.36,1873.36,0.0917387,2
1690575300,1872.97,1875.45,1872.76,1875.45,0.57411433,4
1690576200,1875.43,1876.0,1875.43,1876.0,6.41360991,8
1690577100,1876.53,1876.53,1876.27,1876.39,0.59737646,3
1690578000,1875.82,1875.98,1874.81,1875.7,27.92148396,10
1690578900,1876.59,1876.65,1876.59,1876.65,1.07462285,2
1690579800,1876.69,1876.69,1876.69,1876.69,0.13525351,1
1690580700,1875.61,1876.42,1875.58,1876.42,1.70713513,10
1690581600,1876.32,1876.32,1876.3,1876.3,0.26253929,3
1690582500,1876.01,1876.01,1876.01,1876.01,0.02468061,1
1690583400,1876.0,1876.02,1875.39,1875.48,1.4733418,7
1690584300,1876.72,1876.72,1876.7,1876.7,0.5386945,2
1690585200,1876.23,1876.23,1875.94,1875.94,0.10909487,2
1690586100,1875.81,1875.97,1875.49,1875.49,0.32169256,5
1690587000,1875.73,1875.73,1875.49,1875.49,0.30777312,3
1690587900,1875.48,1875.48,1874.3,1874.3,0.07986739,2
1690588800,1873.77,1873.77,1873.12,1873.12,0.21649869,2
1690589700,1875.27,1875.27,1875.27,1875.27,0.0109,1
1690590600,1876.39,1876.39,1876.39,1876.39,0.024409,2
1690592400,1874.81,1874.81,1874.2,1874.2,0.34628678,4
1690593300,1874.12,1874.12,1873.84,1873.98,0.09870411,3
1690594200,1874.49,1874.49,1874.49,1874.49,0.09578669,1
1690596000,1876.16,1876.16,1876.16,1876.16,2.6650179,2
1690597800,1873.97,1874.46,1873.97,1874.46,1.09520829,4
1690600500,1874.14,1874.14,1874.07,1874.07,0.55,3
1690601400,1873.63,1873.63,1873.63,1873.63,0.01,1
1690604100,1874.37,1876.58,1874.37,1876.58,0.61185738,5
1690605000,1876.72,1877.12,1876.72,1877.12,0.62660014,10
1690605900,1877.08,1877.09,1876.85,1876.85,0.11884757,5
1690606800,1876.63,1876.63,1876.35,1876.35,0.33608592,2
1690607700,1875.01,1875.01,1875.0,1875.0,0.93507568,3
1690608600,1875.0,1875.0,1873.97,1873.97,7.78478653,17
1690609500,1873.89,1873.89,1873.89,1873.89,0.13494929,1
1690610400,1873.13,1873.18,1873.04,1873.04,0.94550684,5
1690611300,1873.32,1873.32,1873.25,1873.25,0.23338315,2
1690612200,1873.56,1873.56,1872.96,1872.96,3.17122801,9
1690613100,1873.51,1873.51,1873.51,1873.51,0.05689468,1
1690614000,1873.72,1873.72,1873.72,1873.72,0.03752,1
1690614900,1873.72,1873.72,1873.72,1873.72,0.02545632,2
1690615800,1873.55,1873.55,1873.55,1873.55,0.18681113,1
1690616700,1872.17,1872.17,1872.17,1872.17,0.13670609,1
1690617600,1872.12,1872.12,1871.85,1871.85,0.96856358,4
1690618500,1873.37,1873.37,1873.37,1873.37,0.1,1
1690619400,1872.41,1872.41,1872.41,1872.41,0.08390256,1
1690620300,1871.68,1871.68,1871.14,1871.14,0.11739705,2
1690621200,1871.72,1871.85,1871.49,1871.85,3.07427007,12
1690622100,1872.58,1872.81,1872.32,1872.32,1.22509328,7
1690623000,1872.63,1872.63,1871.47,1871.47,0.79602395,5
1690623900,1871.36,1871.36,1870.74,1870.87,0.69519754,7
1690624800,1870.76,1870.79,1870.23,1870.32,2.36770968,5
1690625700,1870.12,1871.39,1870.12,1871.39,0.39606803,3
1690626600,1871.31,1871.31,1870.58,1870.91,2.27747754,8
1690627500,1870.33,1870.58,1870.28,1870.58,0.33697537,6
1690628400,1870.58,1870.97,1870.58,1870.94,0.20080805,3
1690629300,1872.95,1873.16,1872.95,1872.99,0.58373288,4
1690630200,1872.39,1872.39,1871.45,1871.45,0.28892306,4
1690631100,1871.62,1871.62,1871.14,1871.14,0.70097166,3
1690632000,1870.56,1871.06,1870.5,1870.92,17.00856201,13
1690632900,1871.09,1873.65,1871.0,1873.65,14.44921594,19
1690633800,1873.79,1874.35,1872.39,1872.54,16.48548539,44
1690634700,1872.06,1872.32,1871.27,1872.32,21.30769482,35
1690635600,1872.32,1874.81,1872.26,1874.81,54.35278744,31
1690636500,1874.26,1874.26,1874.16,1874.16,0.63329159,2
1690637400,1873.67,1873.67,1873.22,1873.22,0.06443934,3
1690638300,1873.16,1873.16,1873.09,1873.09,0.39615521,4
1690639200,1873.08,1873.48,1873.08,1873.48,0.19484153,2
1690641000,1873.61,1873.93,1873.35,1873.93,44.5491438,32
1690641900,1873.17,1873.2,1872.94,1872.94,0.10286281,3
1690642800,1873.07,1873.08,1873.07,1873.08,0.02319577,2
1690643700,1873.23,1873.23,1871.81,1872.69,3.26481902,10
1690645500,1872.31,1872.81,1872.31,1872.81,0.40731261,6
1690646400,1872.76,1872.76,1872.76,1872.76,0.09833,1
1690647300,1871.62,1871.91,1871.62,1871.91,0.07978,2
1690648200,1871.71,1871.93,1871.7,1871.93,0.05919427,4
1690649100,1873.04,1873.62,1873.01,1873.62,0.81313,8
1690651800,1875.34,1875.35,1875.34,1875.34,2.10458061,4
1690652700,1876.95,1877.46,1876.4,1876.82,3.64347791,14
1690653600,1877.36,1877.66,1875.6,1875.65,2.3906467,9
1690654500,1873.64,1873.86,1873.64,1873.86,4.01142151,4
1690655400,1874.8,1875.22,1874.8,1875.05,9.46473508,6
1690656300,1874.9,1874.9,1874.9,1874.9,1.5,2
1690657200,1875.63,1878.74,1875.63,1878.4,1.02269575,8
1690658100,1878.96,1878.97,1878.78,1878.97,1.87929412,7
1690659000,1877.92,1878.17,1876.66,1876.66,11.59898097,8
1690659900,1876.94,1877.76,1876.94,1877.76,1.70440958,5
1690660800,1878.97,1880.0,1878.97,1880.0,5.06679551,8
1690661700,1880.6,1884.78,1880.6,1884.78,1.06686939,15
1690662600,1883.38,1884.43,1883.35,1883.35,0.37263084,4
1690663500,1883.94,1884.54,1883.94,1884.07,0.17280896,5
1690664400,1885.06,1885.41,1885.06,1885.32,0.92899855,7
1690665300,1885.2,1885.2,1882.44,1882.44,0.36457271,2
1690667100,1881.76,1881.76,1881.38,1881.38,0.0971678,2
1690668000,1882.13,1882.85,1881.97,1882.61,0.29258212,4
1690668900,1882.07,1882.07,1881.95,1881.95,0.1570133,2
1690669800,1881.08,1881.08,1880.02,1880.12,0.24897032,4
1690670700,1880.02,1880.02,1880.02,1880.02,0.1918,1
1690672500,1880.08,1880.76,1880.08,1880.76,0.19813638,3
1690673400,1881.54,1881.54,1881.54,1881.54,0.06874996,1
1690674300,1881.14,1881.14,1881.14,1881.14,0.00735337,1
1690675200,1881.09,1881.09,1881.09,1881.09,0.0150606,1
1690676100,1879.82,1879.83,1879.82,1879.82,0.08532314,3
1690677000,1879.83,1880.14,1879.82,1880.14,0.66648311,8
1690677900,1879.86,1880.03,1879.82,1880.03,0.70028939,5
1690678800,1881.56,1881.56,1880.75,1880.75,0.08435383,3
1690679700,1879.82,1879.82,1879.34,1879.34,0.72619011,2
1690680600,1879.41,1879.5,1879.27,1879.27,0.10157112,3
1690681500,1879.09,1879.09,1877.92,1877.92,0.61754319,2
1690682400,1877.74,1878.98,1877.74,1878.98,0.03628473,2
1690690500,1878.79,1878.79,1878.56,1878.68,0.48104262,5
1690691400,1879.19,1879.19,1879.19,1879.19,0.01084859,1
1690692300,1879.32,1879.33,1879.09,1879.09,5.21301534,13
1690693200,1878.9,1878.9,1878.12,1878.12,0.1418657,4
1690694100,1878.12,1878.12,1876.56,1876.97,1.96504558,10
1690695900,1876.78,1876.78,1876.71,1876.71,3.31276705,6
1690696800,1876.52,1876.52,1876.25,1876.25,38.41433768,11
1690697700,1876.24,1876.24,1876.24,1876.24,93.93143268,10
1690698600,1875.6,1875.6,1873.77,1873.78,18.35639204,17
1690699500,1873.78,1873.78,1873.78,1873.78,0.7017796,3
1690700400,1873.78,1875.39,1873.78,1875.2,71.69010736,18
1690701300,1875.36,1875.36,1874.0,1874.0,4.36721467,9
1690702200,1874.38,1874.38,1874.38,1874.38,0.00105125,1
1690703100,1875.17,1875.17,1874.97,1874.97,1.27491525,2
1690704000,1874.63,1874.63,1874.63,1874.63,0.07433489,1
1690704900,1874.67,1874.67,1874.62,1874.62,0.94772,2
1690705800,1874.59,1874.59,1874.59,1874.59,0.03345655,1
1690706700,1874.78,1874.78,1874.61,1874.61,6.88964538,10
1690707600,1874.38,1874.38,1874.22,1874.26,3.76874609,3
1690708500,1873.66,1873.97,1872.78,1873.97,24.14061891,15
1690709400,1873.37,1873.62,1873.37,1873.62,1.09582027,4
1690710300,1873.25,1873.6,1873.25,1873.6,0.91227727,4
1690711200,1874.44,1875.12,1874.44,1875.12,0.19144573,4
1690712100,1875.12,1875.36,1875.03,1875.36,0.46992946,7
1690713000,1875.12,1875.16,1875.11,1875.11,0.11789334,3
1690713900,1874.46,1874.46,1873.09,1873.09,0.40816537,6
1690714800,1874.86,1875.4,1874.82,1875.4,10.14632398,6
1690716600,1875.26,1875.26,1874.08,1874.2,8.31280977,16
1690717500,1875.15,1876.03,1875.15,1876.03,5.21472052,3
1690718400,1875.89,1875.89,1875.45,1875.45,3.37526537,5
1690719300,1876.71,1877.16,1876.71,1877.0,0.4405927,5
1690720200,1876.71,1877.44,1876.48,1877.44,3.20916005,17
1690721100,1877.25,1877.25,1876.96,1877.12,2.42960864,6
1690722000,1877.14,1877.14,1877.14,1877.14,0.1,1
1690722900,1876.97,1876.97,1875.18,1875.19,2.1205153,9
1690723800,1875.0,1875.0,1874.51,1874.51,2.03508394,5
1690724700,1874.86,1874.86,1874.86,1874.86,0.02667278,1
1690725600,1873.34,1874.81,1873.34,1874.81,2.19026046,10
1690726500,1874.86,1875.74,1874.86,1875.73,1.27365447,7
1690727400,1875.23,1875.52,1874.72,1875.52,0.38368694,3
1690728300,1880.0,1880.82,1880.0,1880.19,3.56750544,9
1690729200,1880.97,1883.68,1880.97,1881.22,0.97473835,8
1690730100,1880.57,1881.97,1880.57,1881.97,1.27578048,3
1690731900,1880.01,1880.01,1876.5,1876.74,64.94985699,27
1690732800,1877.06,1878.21,1877.06,1878.21,1.9841539,6
1690734600,1877.56,1877.56,1874.98,1876.41,0.27487554,5
1690735500,1876.8,1876.99,1876.54,1876.99,1.08614154,5
1690736400,1876.93,1876.93,1876.93,1876.93,0.13319623,1
1690737300,1875.76,1875.97,1875.76,1875.97,0.14254624,2
1690738200,1875.91,1876.83,1875.91,1876.66,2.74715665,7
1690739100,1876.14,1878.37,1876.14,1878.33,1.2459774,10
1690740000,1878.55,1878.55,1877.89,1877.98,0.41663345,7
1690740900,1877.98,1877.98,1877.98,1877.98,0.06421495,1
1690741800,1876.22,1876.54,1876.22,1876.54,0.582887,4
1690742700,1876.63,1877.42,1875.98,1877.19,4.93161297,9
1690743600,1877.71,1878.33,1877.56,1878.28,3.19924531,8
1690744500,1878.31,1878.34,1878.12,1878.12,0.7215065,6
1690745400,1877.67,1878.29,1877.35,1877.63,0.77691144,5
1690746300,1874.38,1874.38,1860.0,1862.54,43.66015076,80
1690747200,1859.53,1859.53,1850.58,1852.94,12.84926047,55
1690748100,1857.12,1858.81,1855.4,1858.81,3.28986908,8
1690749000,1854.96,1859.67,1854.96,1859.22,0.73392032,10
1690749900,1860.26,1865.01,1859.68,1864.66,8.10715069,20
1690750800,1864.77,1864.77,1861.57,1861.57,0.21366692,3
1690751700,1862.01,1862.01,1858.75,1858.75,1.13268143,8
1690752600,1858.35,1858.57,1858.01,1858.05,0.29651998,6
1690753500,1860.33,1862.0,1860.33,1861.58,5.95492014,9
1690754400,1860.69,1860.69,1858.01,1858.01,28.62011833,13
1690755300,1858.18,1858.19,1858.18,1858.19,0.02651003,2
1690756200,1858.01,1858.01,1857.16,1857.16,0.38122667,4
1690758000,1857.77,1857.77,1857.77,1857.77,0.52179131,1
1690758900,1861.79,1861.81,1861.79,1861.81,0.2135759,2
1690759800,1862.88,1863.29,1862.88,1863.29,0.06321222,3
1690760700,1862.63,1862.63,1862.63,1862.63,0.10725951,2
1690761600,1862.0,1862.0,1862.0,1862.0,0.00817669,2
1690762500,1863.76,1863.77,1862.92,1862.92,0.32572182,4
1690763400,1863.56,1870.62,1863.56,1870.62,1.68081783,14
1690764300,1868.21,1875.91,1868.21,1875.91,22.02873698,17
1690765200,1873.01,1873.01,1873.0,1873.0,0.015977,2
1690766100,1868.68,1869.63,1868.68,1869.63,0.09216472,3
1690767000,1870.94,1870.94,1870.37,1870.37,0.1061168,2
1690767900,1870.06,1870.06,1870.06,1870.06,0.01657226,1
1690768800,1872.04,1872.04,1870.32,1870.32,0.16730522,4
1690769700,1873.41,1873.41,1873.41,1873.41,0.03587038,1
1690770600,1872.88,1872.88,1872.11,1872.11,1.38727217,5
1690771500,1872.32,1872.32,1872.32,1872.32,0.01254228,1
1690772400,1870.12,1870.12,1870.08,1870.08,0.1824919,2
1690773300,1870.01,1870.52,1870.01,1870.16,0.35928743,6
1690774200,1870.13,1870.27,1869.67,1870.27,1.59000584,12
1690775100,1868.97,1868.97,1868.97,1868.97,0.0049,1
1690776000,1869.9,1869.9,1869.47,1869.47,8.71772937,17
1690776900,1869.47,1869.48,1867.71,1867.71,44.62960867,81
1690777800,1865.86,1865.86,1865.31,1865.31,0.11471921,3
1690778700,1865.64,1865.64,1865.4,1865.4,2.79457297,5
1690779600,1865.14,1865.15,1864.19,1864.19,1.06200498,6
1690780500,1863.97,1865.66,1863.97,1865.66,0.06679273,3
1690781400,1865.36,1865.8,1865.36,1865.59,0.4307911,4
1690784100,1866.64,1866.64,1866.03,1866.03,12.5531,8
1690785900,1866.92,1866.92,1866.92,1866.92,0.00116634,1
1690786800,1866.82,1866.83,1866.56,1866.56,0.97633692,3
1690788600,1867.55,1867.73,1867.4,1867.73,11.19110069,7
1690789500,1866.39,1866.39,1866.39,1866.39,0.86547363,1
1690790400,1865.24,1865.31,1865.17,1865.31,2.44833661,9
1690791300,1865.28,1867.74,1865.28,1867.74,23.79376121,6
1690792200,1868.73,1868.73,1867.37,1867.66,1.63644065,7
1690793100,1867.71,1868.46,1867.36,1868.19,11.89268731,10
1690794000,1869.06,1869.06,1867.49,1867.49,0.35963051,8
1690794900,1867.33,1867.39,1867.33,1867.39,1.36581151,6
1690795800,1867.25,1867.26,1866.3,1866.3,4.97249952,10
1690796700,1866.86,1868.27,1866.86,1868.27,2.74180888,12
1690797600,1868.56,1868.98,1868.5,1868.98,3.36774014,6
1690798500,1869.82,1869.82,1869.37,1869.37,0.76499624,5
1690799400,1868.81,1868.81,1868.44,1868.67,1.2617027,4
1690800300,1867.98,1867.99,1867.48,1867.82,17.54726811,11
1690801200,1868.97,1869.69,1868.97,1869.64,0.82729666,5
1690802100,1869.26,1869.26,1868.46,1868.46,0.77805506,4
1690803000,1868.54,1868.72,1868.54,1868.68,0.96316702,3
1690803900,1867.58,1867.58,1867.58,1867.58,0.25,1
1690804800,1867.99,1867.99,1867.09,1867.09,24.33572646,13
1690805700,1867.41,1868.75,1867.41,1868.75,3.48727411,4
1690806600,1869.68,1871.3,1869.68,1871.02,0.31306779,16
1690807500,1871.71,1873.1,1871.71,1873.1,23.42129236,9
1690808400,1872.55,1872.55,1871.72,1871.81,3.19688834,6
1690810200,1871.6,1871.6,1867.38,1867.38,0.72690274,4
1690811100,1868.17,1868.25,1863.7,1864.16,4.84002821,10
1690812000,1863.3,1865.19,1863.15,1864.34,4.41704241,8
1690812900,1864.04,1864.04,1862.14,1862.6,1.25627088,6
1690813800,1862.87,1863.66,1862.0,1863.65,14.36479196,13
1690814700,1863.35,1863.35,1861.79,1861.79,7.35836362,6
1690815600,1861.78,1861.8,1860.29,1860.89,2.19089111,12
1690816500,1860.88,1860.88,1859.15,1859.5,8.52289905,15
1690817400,1859.09,1860.21,1858.74,1858.74,11.2133518,10
1690818300,1858.06,1859.14,1858.06,1858.38,2.12234811,10
1690819200,1858.07,1858.07,1856.19,1856.19,7.63633816,17
1690820100,1857.36,1859.82,1857.36,1859.82,46.25829193,66
1690821000,1860.16,1860.8,1860.16,1860.51,0.48422526,5
1690821900,1861.54,1861.68,1860.37,1860.37,12.89536924,8
1690822800,1859.82,1859.89,1859.53,1859.88,13.00927578,9
1690823700,1857.2,1857.2,1857.2,1857.2,0.01122633,1
1690824600,1860.03,1860.03,1860.03,1860.03,0.053422,1
1690825500,1862.19,1862.83,1862.19,1862.83,0.35396077,3
1690826400,1862.23,1862.23,1861.75,1861.75,1.44615016,9
1690827300,1860.25,1860.4,1857.59,1860.07,1.84403857,10
1690828200,1859.75,1860.74,1859.74,1860.73,0.22935921,7
1690829100,1859.77,1862.34,1859.74,1860.78,18.15468896,15
1690830000,1860.14,1860.21,1858.72,1859.42,7.37155533,4
1690830900,1859.17,1860.89,1858.23,1859.68,23.30340908,16
1690831800,1860.78,1861.38,1860.78,1861.38,0.40134721,7
1690832700,1860.38,1860.62,1858.59,1858.59,6.55013923,14
1690833600,1856.49,1857.93,1854.34,1857.48,0.78339261,19
1690834500,1856.24,1859.07,1856.24,1859.07,7.94324191,8
1690835400,1859.97,1859.97,1859.57,1859.57,0.14585123,2
1690836300,1854.76,1854.76,1853.35,1853.35,0.61128185,7
1690837200,1853.15,1855.48,1851.37,1855.48,6.48566874,12
1690838100,1855.51,1856.07,1855.51,1855.86,6.1034,5
1690839000,1854.92,1856.97,1854.92,1855.82,1.72171787,8
1690839900,1855.1,1855.11,1855.1,1855.11,2.05229332,2
1690840800,1856.91,1856.92,1855.17,1855.8,0.91535997,7
1690841700,1856.41,1856.41,1856.41,1856.41,0.07488553,1
1690842600,1856.3,1856.3,1854.69,1854.69,0.77514315,5
1690844400,1855.54,1855.54,1855.54,1855.54,0.01524048,1
1690846200,1855.92,1856.94,1855.92,1856.93,0.70763,3
1690847100,1856.18,1856.26,1856.14,1856.14,0.65965124,4
1690848000,1855.84,1856.13,1854.78,1855.07,8.9889674,28
1690848900,1856.03,1856.03,1856.03,1856.03,0.01132786,1
1690849800,1858.52,1860.7,1858.52,1860.7,1.87174308,7
1690850700,1860.34,1860.34,1860.34,1860.34,0.50641,1
1690851600,1860.86,1863.25,1860.85,1862.65,6.49681639,9
1690852500,1860.62,1860.62,1860.09,1860.09,0.30843142,4
1690853400,1857.51,1857.51,1857.51,1857.51,0.30360231,2
1690854300,1856.81,1856.81,1853.15,1853.16,0.35170138,7
1690855200,1853.16,1853.16,1815.63,1826.03,89.3419026,334
1690856100,1825.04,1827.7,1825.04,1827.17,0.1586972,8
1690857000,1828.12,1829.84,1826.42,1829.84,6.96668057,10
1690859700,1827.69,1828.06,1826.31,1827.28,12.11510374,19
1690860600,1826.08,1826.7,1825.5,1825.5,0.55759251,3
1690861500,1825.82,1825.87,1825.82,1825.87,0.54907073,3
1690862400,1825.9,1825.99,1824.57,1824.57,4.35307701,12
1690863300,1824.34,1824.36,1821.98,1823.3,14.86233926,30
1690864200,1823.69,1827.24,1823.25,1827.24,1.08577078,5
1690865100,1826.32,1826.32,1825.87,1825.87,0.48839697,4
1690866900,1825.26,1826.8,1825.26,1826.25,1.83993743,8
1690867800,1827.36,1827.36,1827.36,1827.36,0.0145,1
1690868700,1828.16,1830.06,1828.16,1830.06,15.15229,6
1690869600,1829.03,1831.07,1829.03,1831.07,8.55459943,7
1690870500,1831.26,1831.26,1831.26,1831.26,0.00538011,1
1690871400,1831.27,1834.82,1831.27,1833.48,1.0506719,14
1690872300,1833.29,1833.29,1832.65,1832.65,0.85585732,4
1690873200,1831.7,1832.02,1831.62,1832.02,1.53605407,7
1690874100,1831.5,1832.14,1830.14,1832.14,3.06214,3
1690875000,1832.22,1833.94,1832.18,1833.94,2.51825654,7
1690875900,1833.57,1834.22,1833.09,1833.58,89.27816964,34
1690876800,1834.21,1834.21,1833.23,1833.23,0.72529513,6
1690877700,1833.38,1835.49,1833.38,1835.49,1.12125527,9
1690878600,1836.0,1836.18,1834.81,1834.88,1.32891769,7
1690879500,1834.34,1834.7,1834.2,1834.7,3.04661315,6
1690880400,1836.17,1836.17,1834.92,1834.92,12.00421203,8
1690881300,1834.2,1834.21,1834.2,1834.2,0.57769826,4
1690882200,1834.2,1834.2,1832.67,1833.0,12.40566286,15
1690883100,1832.99,1833.28,1832.99,1833.28,1.18036313,6
1690884000,1832.73,1832.73,1832.69,1832.7,2.64716245,4
1690884900,1832.7,1832.73,1832.13,1832.13,7.96495527,13
1690885800,1833.8,1835.03,1833.8,1835.03,3.55276049,11
1690886700,1834.94,1835.43,1834.56,1834.56,1.3446623,11
1690887600,1834.4,1834.52,1834.31,1834.51,38.39891994,13
1690888500,1834.99,1834.99,1833.59,1833.59,4.10032884,4
1690889400,1833.11,1833.11,1831.01,1831.3,3.43586899,13
1690890300,1831.12,1831.91,1831.11,1831.11,4.14386071,8
1690891200,1831.11,1831.11,1831.01,1831.01,0.20188181,3
1690892100,1831.01,1831.01,1829.04,1829.04,4.89648006,12
1690893000,1829.51,1835.76,1829.51,1833.6,13.10862925,20
1690893900,1833.69,1833.69,1830.83,1830.83,11.91360407,5
1690894800,1831.97,1833.14,1831.97,1832.91,1.43556076,7
1690895700,1833.79,1833.79,1833.73,1833.73,0.27890662,2
1690896600,1833.53,1833.53,1833.08,1833.29,17.45686209,9
1690897500,1833.6,1835.57,1833.6,1835.36,2.44449886,8
1690898400,1833.87,1835.13,1833.06,1833.06,4.98795235,4
1690899300,1833.05,1835.75,1833.03,1834.12,8.60771829,8
1690900200,1833.83,1833.83,1832.16,1833.55,3.0337995,4
1690901100,1831.01,1831.11,1828.67,1828.83,56.23932111,32
1690902000,1826.24,1826.24,1826.24,1826.24,0.01468152,1
1690903800,1832.79,1832.79,1831.15,1832.11,2.5134617,6
1690904700,1833.95,1834.82,1831.45,1834.03,4.43277001,19
1690905600,1834.35,1840.37,1834.35,1838.52,40.27626723,43
1690906500,1837.96,1837.96,1831.45,1831.45,32.47114034,24
1690907400,1832.64,1832.94,1830.39,1830.39,21.79585807,11
1690908300,1831.05,1832.01,1831.03,1831.82,2.43001706,5
1690909200,1835.36,1836.95,1835.36,1836.84,0.08397259,4
1690910100,1836.34,1837.11,1835.93,1836.36,24.66954215,15
1690911000,1836.03,1836.47,1835.21,1836.47,1.82911602,7
1690911900,1836.27,1837.47,1836.27,1836.46,1.55754065,5
1690912800,1839.01,1840.34,1839.01,1840.34,1.90906049,7
1690913700,1841.54,1844.72,1841.54,1843.65,20.31999873,16
1690914600,1844.84,1846.59,1844.84,1846.13,2.27204508,16
1690915500,1846.6,1851.88,1846.6,1851.87,1.60427535,15
1690916400,1852.12,1855.85,1850.93,1851.87,16.59620895,25
1690917300,1852.05,1852.15,1850.46,1851.43,0.82451106,5
1690918200,1850.24,1850.24,1849.76,1849.76,13.59697165,12
1690919100,1850.08,1851.44,1850.08,1851.2,20.81475335,9
1690920000,1851.2,1852.74,1851.2,1852.26,60.5849063,74
1690920900,1851.34,1851.92,1851.26,1851.92,12.87772693,7
1690921800,1849.22,1850.57,1849.2,1849.2,0.25052361,5
1690922700,1850.48,1850.48,1850.33,1850.45,0.26983764,4
1690923600,1850.25,1850.4,1850.25,1850.4,0.10465715,3
1690924500,1851.72,1851.83,1851.31,1851.31,4.49827131,6
1690925400,1852.09,1852.35,1848.94,1848.94,2.210039,7
1690926300,1847.94,1849.82,1847.94,1849.81,0.28673345,7
1690927200,1847.66,1848.67,1847.66,1848.67,0.24451984,5
1690928100,1849.11,1849.14,1849.11,1849.14,4.36493074,4
1690929000,1848.82,1849.68,1848.78,1849.68,0.14077782,4
1690930800,1852.81,1861.16,1852.81,1861.16,6.68529668,29
1690931700,1860.65,1867.47,1859.47,1867.38,1.01647644,27
1690932600,1867.72,1869.87,1867.72,1868.65,1.87496172,12
1690933500,1868.92,1873.03,1868.92,1872.49,20.668434,26
1690934400,1873.9,1877.29,1872.17,1876.03,12.38732152,40
1690935300,1871.62,1871.75,1869.51,1869.51,4.63752747,5
1690936200,1870.87,1870.87,1868.75,1868.75,0.36805305,3
1690937100,1869.22,1869.22,1868.9,1868.9,0.02,2
1690938900,1873.84,1874.57,1873.3,1874.57,21.01355832,12
1690939800,1877.29,1877.31,1873.9,1874.64,3.65041694,9
1690940700,1873.99,1874.22,1871.14,1871.14,5.73068937,8
1690942500,1868.55,1868.55,1868.55,1868.55,0.389,1
1690943400,1868.2,1869.25,1868.2,1869.25,0.59950324,4
1690944300,1868.2,1868.27,1868.2,1868.27,0.07126612,3
1690945200,1868.13,1868.13,1865.51,1865.53,2.67756877,13
1690947000,1865.31,1865.31,1864.41,1865.02,0.48929117,4
1690947900,1864.86,1864.86,1863.67,1863.67,0.83116201,5
1690948800,1863.18,1863.18,1861.4,1861.4,54.5514902,19
1690949700,1864.23,1864.23,1864.23,1864.23,0.03,1
1690950600,1864.79,1864.79,1864.79,1864.79,0.03318281,1
1690951500,1863.32,1863.69,1863.29,1863.29,0.76880708,5
1690952400,1861.75,1861.75,1861.75,1861.75,0.0322193,1
1690954200,1861.32,1861.32,1861.32,1861.32,0.01266445,1
1690955100,1860.76,1860.76,1860.59,1860.59,0.05283,3
1690956000,1862.08,1863.44,1862.08,1863.44,0.07832382,2
1690956900,1862.13,1862.13,1861.02,1861.79,3.51158981,8
1690957800,1861.19,1861.41,1860.96,1860.96,11.48386256,9
1690958700,1860.78,1860.78,1859.53,1859.53,0.56021545,9
1690959600,1859.28,1860.62,1859.28,1860.62,32.67113227,18
1690960500,1860.77,1861.12,1860.77,1861.12,0.73748125,2
1690961400,1860.75,1860.82,1858.9,1858.9,5.82231539,10
1690962300,1858.75,1858.75,1857.52,1857.52,2.42479778,9
1690963200,1857.51,1858.15,1855.94,1856.37,35.77162119,19
1690964100,1855.89,1855.98,1855.89,1855.98,0.03785368,2
1690965000,1855.54,1856.55,1854.15,1855.69,0.54126806,14
1690965900,1856.3,1856.91,1856.3,1856.91,0.77507927,5
1690966800,1857.8,1858.76,1857.8,1858.76,0.77660081,5
1690967700,1858.06,1860.02,1858.06,1859.31,16.47375322,16
1690968600,1858.0,1858.0,1855.05,1855.05,8.58457599,8
1690969500,1855.01,1855.09,1855.01,1855.01,7.28286563,8
1690970400,1855.0,1855.24,1855.0,1855.24,1.24608742,9
1690971300,1855.42,1855.59,1855.42,1855.59,10.19062697,2
1690972200,1857.86,1858.29,1857.7,1858.05,6.8067293,6
1690973100,1858.07,1858.73,1857.98,1858.73,1.64862099,4
1690974000,1858.99,1859.24,1858.1,1858.1,3.258174,9
1690974900,1858.17,1858.74,1858.04,1858.55,28.99810017,22
1690975800,1858.8,1860.91,1858.55,1860.41,6.44509492,51
1690976700,1860.76,1860.76,1859.71,1859.71,0.13105055,5
1690977600,1860.23,1861.15,1860.14,1860.7,13.60931773,20
1690978500,1857.73,1857.86,1856.65,1856.65,4.36677584,8
1690979400,1856.01,1856.05,1856.0,1856.01,0.14077185,14
1690980300,1856.0,1856.0,1855.0,1855.01,2.35260388,12
1690981200,1855.0,1855.0,1851.89,1851.89,2.40938725,11
1690982100,1853.15,1853.38,1853.15,1853.38,0.02497548,2
1690983000,1853.38,1854.27,1851.5,1854.27,0.34201126,8
1690983900,1853.66,1853.68,1850.58,1852.1,2.44053739,16
1690984800,1852.38,1852.38,1843.72,1845.12,29.36506833,62
1690985700,1846.8,1846.8,1844.79,1846.19,8.23980612,10
1690986600,1843.25,1846.03,1842.14,1844.77,2.13034957,13
1690987500,1843.92,1844.72,1842.57,1842.62,0.3040241,10
1690988400,1842.14,1842.61,1840.77,1840.81,14.72210423,15
1690989300,1840.8,1840.8,1836.1,1839.95,17.58826466,27
1690990200,1840.32,1843.39,1840.32,1841.95,0.19533926,5
1690991100,1843.01,1843.34,1841.93,1841.93,17.42622141,6
1690992000,1842.9,1842.9,1841.63,1841.63,0.22991741,2
1690992900,1840.66,1840.66,1839.72,1839.72,1.40346361,4
1690993800,1839.67,1844.8,1838.54,1844.8,65.96537167,30
1690994700,1842.61,1842.76,1823.21,1827.61,49.91369626,96
1690995600,1826.76,1834.22,1826.76,1834.2,1.48193547,9
1690996500,1833.81,1834.82,1833.39,1833.8,10.06320031,10
1690997400,1833.88,1837.68,1833.33,1836.01,0.84704336,9
1690998300,1836.0,1836.0,1830.74,1831.92,11.96472095,14
1690999200,1833.69,1833.69,1833.69,1833.69,0.07617,1
1691000100,1833.61,1833.61,1831.9,1831.9,0.15043238,2
1691001000,1832.52,1832.71,1832.52,1832.71,0.91031402,2
1691001900,1832.29,1832.29,1832.29,1832.29,0.00981503,1
1691002800,1836.46,1836.46,1836.33,1836.33,0.04006085,2
1691003700,1837.64,1838.79,1837.64,1838.37,0.6776086,11
1691004600,1839.46,1841.59,1838.89,1841.59,6.41449674,10
1691005500,1841.95,1843.6,1841.5,1841.5,4.67022049,14
1691006400,1841.15,1842.46,1841.15,1842.46,0.51218125,4
1691007300,1842.32,1843.32,1841.5,1843.32,0.60832408,5
1691008200,1842.71,1844.01,1842.71,1844.01,0.43435363,2
1691009100,1844.14,1844.14,1842.1,1842.54,1.52940334,6
1691010000,1842.03,1842.31,1842.03,1842.14,0.4506754,3
1691010900,1840.88,1840.88,1840.88,1840.88,0.43915715,1
1691012700,1844.01,1844.01,1844.0,1844.0,0.06902228,2
1691013600,1843.56,1845.75,1843.56,1845.75,10.83322726,9
1691014500,1845.29,1845.29,1844.62,1845.23,12.54557,6
1691015400,1845.24,1845.25,1845.24,1845.25,7.74146021,7
1691016300,1844.36,1844.36,1842.61,1842.61,0.51883617,3
1691017200,1842.78,1842.78,1840.82,1840.82,0.32113633,4
1691019000,1839.55,1839.55,1838.41,1838.47,4.07847974,6
1691019900,1839.42,1840.26,1838.3,1840.26,6.10232571,8
1691020800,1840.0,1840.04,1839.07,1840.04,9.14811318,22
1691022600,1843.13,1843.13,1841.28,1841.28,0.08259527,2
1691023500,1841.78,1841.78,1841.78,1841.78,0.04011816,1
1691024400,1839.38,1839.88,1839.38,1839.88,0.03630979,3
1691025300,1840.53,1840.53,1839.58,1839.58,0.03109037,2
1691026200,1840.91,1842.85,1840.91,1842.19,1.18023428,6
1691027100,1845.22,1845.22,1843.29,1843.29,1.10852345,3
1691028000,1845.8,1845.99,1844.64,1844.64,1.77,6
1691028900,1840.94,1840.95,1840.94,1840.95,0.05628963,2
1691029800,1838.27,1838.75,1838.27,1838.75,0.28542165,2
1691032500,1840.36,1841.43,1840.35,1841.41,13.44859068,8
1691033400,1839.77,1839.77,1839.77,1839.77,0.03896921,1
1691035200,1840.1,1840.1,1840.1,1840.1,0.122,1
1691037000,1838.28,1838.28,1837.27,1837.56,3.17008968,8
1691037900,1837.76,1837.76,1837.76,1837.76,0.16082626,1
1691039700,1836.1,1836.1,1835.11,1835.39,47.51997592,29
1691040600,1835.79,1837.75,1835.79,1837.71,0.06523779,4
1691041500,1839.16,1839.16,1839.16,1839.16,0.01071382,1
1691042400,1838.6,1838.6,1838.59,1838.59,3.5,3
1691043300,1838.97,1838.99,1838.65,1838.65,0.31461765,4
1691044200,1838.3,1838.3,1837.62,1837.62,2.00408596,7
1691045100,1837.76,1837.76,1833.9,1833.9,1.81975171,6
1691046900,1834.82,1834.82,1832.98,1833.02,2.04818049,6
1691047800,1834.59,1834.89,1832.98,1833.14,2.24238331,8
1691048700,1833.42,1833.42,1833.42,1833.42,1.58341774,4
1691049600,1832.97,1833.58,1832.95,1833.34,1.23414267,6
1691050500,1832.26,1832.26,1827.7,1830.54,3.39778053,20
1691051400,1832.34,1832.75,1832.34,1832.75,0.4661005,2
1691052300,1830.4,1830.63,1830.13,1830.63,0.11365033,4
1691053200,1833.62,1834.58,1832.02,1834.58,1.65045604,4
1691054100,1833.75,1834.58,1833.29,1833.29,1.45316226,12
1691055000,1833.66,1833.66,1832.85,1833.24,0.76080621,4
1691055900,1832.58,1834.77,1832.58,1834.77,0.78266237,12
1691056800,1835.81,1835.83,1835.27,1835.27,0.89274013,5
1691057700,1835.72,1836.36,1835.13,1836.36,2.69906567,7
1691058600,1836.71,1837.01,1836.54,1837.01,0.76284368,7
1691059500,1836.71,1837.25,1836.7,1837.25,0.22278592,4
1691060400,1837.5,1837.58,1836.79,1836.98,1.55999734,8
1691061300,1836.97,1836.97,1836.97,1836.97,2.55780695,1
1691062200,1836.83,1836.83,1836.83,1836.83,0.02739464,1
1691063100,1837.29,1837.59,1837.16,1837.35,1.36954511,7
1691064000,1837.68,1837.68,1837.14,1837.2,1.0101014,4
1691064900,1836.74,1836.74,1836.54,1836.54,2.64639527,10
1691065800,1836.54,1836.54,1834.82,1835.97,3.31805424,16
1691066700,1834.93,1835.62,1834.91,1834.91,4.76938308,19
1691067600,1835.6,1836.28,1835.51,1836.26,0.60429077,7
1691068500,1837.78,1837.78,1836.48,1836.48,10.25801559,9
1691069400,1836.39,1838.9,1836.3,1837.92,12.64797028,20
1691070300,1836.95,1838.88,1835.43,1838.88,5.90632325,8
1691071200,1839.06,1840.34,1838.22,1838.22,2.63108397,10
1691072100,1838.24,1839.08,1837.3,1837.3,4.11957524,10
1691073000,1837.81,1842.05,1837.81,1840.97,0.63550191,5
1691073900,1840.48,1848.65,1840.48,1848.23,1.78892833,24
1691074800,1848.66,1848.67,1844.3,1844.3,14.25273041,16
1691075700,1843.38,1844.23,1841.45,1841.45,4.14716317,8
1691076600,1840.82,1843.08,1840.73,1841.2,4.87753244,8
1691077500,1841.24,1842.29,1840.68,1840.76,3.41236924,12
1691078400,1840.15,1841.12,1840.15,1841.07,0.79490317,6
1691079300,1843.39,1843.39,1843.39,1843.39,0.09683147,2
1691080200,1847.61,1847.65,1845.05,1846.16,1.56224546,9
1691081100,1846.16,1847.68,1846.16,1847.67,0.10472598,4
1691082000,1849.29,1856.54,1849.29,1856.54,18.33055645,39
1691082900,1856.54,1857.47,1856.02,1856.02,0.43232438,9
1691083800,1851.27,1851.27,1850.35,1850.35,0.18580893,3
1691084700,1849.45,1849.45,1847.64,1847.64,8.43521573,9
1691085600,1847.59,1847.59,1843.25,1843.25,65.99156188,24
1691086500,1842.54,1844.42,1842.14,1844.42,16.37688297,7
1691087400,1844.27,1844.95,1844.27,1844.46,103.62906169,12
1691088300,1845.64,1846.86,1845.64,1846.22,0.30506514,8
1691089200,1846.65,1846.65,1845.0,1845.0,0.19872142,4
1691090100,1843.34,1843.34,1842.46,1842.46,1.52054542,8
1691091000,1843.56,1844.51,1843.55,1844.51,5.21595931,6
1691091900,1844.25,1845.64,1844.25,1845.64,0.65245509,4
1691092800,1845.94,1847.95,1845.94,1847.77,0.08632885,3
1691093700,1848.76,1851.03,1848.76,1851.03,2.29753947,8
1691094600,1852.83,1853.21,1849.07,1849.23,2.28576322,7
1691095500,1848.94,1848.94,1844.84,1844.84,0.12249028,3
1691096400,1844.74,1847.25,1844.74,1844.76,0.53700575,8
1691097300,1845.21,1845.21,1845.21,1845.21,0.01601804,1
1691099100,1843.25,1843.25,1838.92,1839.65,3.405858,13
1691100000,1839.65,1839.66,1832.55,1835.13,34.29926835,66
1691100900,1834.13,1834.58,1832.27,1832.73,6.90365013,13
1691101800,1832.67,1835.75,1832.67,1835.54,0.80829821,9
1691102700,1836.24,1836.92,1836.24,1836.91,0.67506733,3
1691103600,1837.78,1837.78,1837.78,1837.78,0.040811,1
1691104500,1837.23,1837.23,1837.23,1837.23,0.00574,1
1691106300,1837.99,1837.99,1837.99,1837.99,1.58138603,1
1691107200,1835.35,1835.35,1835.35,1835.35,0.14993615,2
1691108100,1837.54,1838.54,1837.54,1838.52,0.12890126,4
1691109000,1834.92,1835.05,1833.86,1835.04,1.11009886,6
1691110800,1835.57,1836.0,1835.57,1835.81,0.57149814,5
1691111700,1836.72,1837.02,1836.72,1837.02,27.76357166,14
1691112600,1835.37,1837.57,1835.37,1836.85,0.96357394,6
1691113500,1835.72,1835.72,1835.72,1835.72,0.05366423,1
1691115300,1834.64,1834.64,1830.01,1830.49,1.9564543,19
1691117100,1834.85,1835.46,1834.85,1835.46,0.01073712,2
1691118000,1833.64,1833.64,1833.14,1833.14,1.44421548,5
1691118900,1835.34,1835.34,1835.34,1835.34,0.03912484,1
1691119800,1834.18,1834.18,1833.49,1833.49,16.34288169,7
1691120700,1833.9,1834.06,1833.9,1834.06,0.21757152,2
1691121600,1834.99,1834.99,1834.77,1834.77,0.41753387,2
1691122500,1832.39,1832.39,1832.39,1832.39,0.27286916,1
1691124300,1834.23,1834.61,1834.23,1834.61,1.08968408,2
1691125200,1835.59,1835.59,1834.57,1834.57,0.33860887,3
1691126100,1835.56,1835.56,1835.51,1835.51,0.03031003,2
1691127000,1836.54,1836.54,1836.54,1836.54,0.01171084,1
1691127900,1837.17,1837.17,1837.17,1837.17,11.53670888,1
1691128800,1836.61,1837.4,1836.32,1837.4,2.94269357,7
1691129700,1836.46,1836.46,1836.46,1836.46,0.56551828,1
1691130600,1836.01,1836.01,1834.66,1834.75,10.32777232,13
1691131500,1834.64,1834.64,1834.59,1834.59,2.02604421,8
1691132400,1832.05,1832.16,1832.05,1832.16,0.13058127,3
1691133300,1833.0,1833.0,1832.37,1832.37,0.49234544,2
1691134200,1832.05,1833.11,1832.02,1833.11,0.7121099,6
1691136000,1837.69,1839.43,1837.69,1839.43,0.46990572,6
1691136900,1839.08,1839.08,1838.27,1838.27,40.69866532,26
1691137800,1837.59,1837.59,1837.12,1837.33,0.50401332,5
1691138700,1836.66,1836.66,1835.86,1835.86,0.01053641,2
1691139600,1836.28,1836.29,1835.84,1836.15,3.35882972,5
1691140500,1836.3,1838.15,1836.3,1838.15,0.78329062,5
1691142300,1837.16,1838.49,1837.16,1838.49,5.006622,6
1691143200,1837.69,1837.81,1837.69,1837.81,1.74506978,4
1691144100,1837.44,1837.44,1836.21,1836.21,6.59631329,4
1691145000,1836.2,1836.2,1835.62,1836.16,3.0510692,9
1691145900,1835.12,1835.35,1834.44,1835.35,11.49,8
1691146800,1834.82,1834.92,1834.52,1834.71,14.80912688,18
1691147700,1834.74,1835.04,1834.74,1834.94,0.6184194,4
1691148600,1834.79,1835.65,1834.12,1834.12,2.14087518,7
1691149500,1834.05,1836.08,1834.05,1834.76,0.45133567,6
1691150400,1834.25,1835.16,1834.01,1835.05,13.6318231,13
1691151300,1835.01,1835.07,1835.01,1835.07,0.61681059,3
1691152200,1839.56,1842.03,1833.27,1839.35,6.76025412,27
1691153100,1839.54,1839.71,1838.6,1839.46,0.53372028,4
1691154000,1840.05,1840.36,1839.84,1840.03,27.69729229,20
1691154900,1842.04,1842.04,1839.22,1839.22,73.97604802,24
1691155800,1840.77,1845.21,1840.77,1845.21,1.90456072,13
1691156700,1844.26,1849.76,1843.35,1843.35,2.58980028,18
1691157600,1840.03,1840.03,1839.2,1839.35,0.53202019,6
1691158500,1843.98,1843.98,1843.98,1843.98,0.0565769,1
1691159400,1844.63,1847.07,1844.63,1844.79,0.52050232,9
1691160300,1842.23,1847.88,1842.05,1846.3,317.59047687,102
1691161200,1846.61,1846.61,1846.6,1846.6,0.11715,3
1691162100,1846.15,1846.15,1845.44,1846.13,15.87277313,11
1691163000,1847.89,1847.89,1845.57,1847.36,0.62376228,10
1691163900,1848.45,1848.45,1846.98,1846.98,20.47023786,11
1691164800,1847.37,1847.45,1845.65,1847.45,0.99325907,6
1691165700,1846.06,1847.54,1846.06,1847.54,0.09999253,2
1691166600,1846.84,1846.84,1845.05,1846.27,27.98263212,18
1691167500,1846.44,1847.55,1845.39,1847.29,29.59978678,21
1691168400,1847.09,1847.11,1845.82,1845.82,23.04297114,8
1691169300,1845.91,1845.91,1845.91,1845.91,0.018,1
1691170200,1844.08,1844.56,1842.45,1842.45,54.76578282,24
1691171100,1842.38,1843.11,1841.56,1841.56,0.86460995,8
1691172000,1841.42,1841.42,1838.64,1838.64,22.54049397,11
1691172900,1837.54,1837.54,1833.11,1834.71,3.05487749,16
1691173800,1833.82,1834.24,1832.26,1832.26,3.31177422,18
1691174700,1831.74,1833.51,1828.67,1832.64,5.41267932,28
1691175600,1833.09,1833.09,1830.99,1832.15,2.80567293,8
1691176500,1832.94,1834.03,1831.22,1831.22,12.64623068,11
1691177400,1832.14,1832.97,1829.76,1830.58,4.25860299,11
1691178300,1830.64,1830.64,1829.0,1829.24,10.60967033,23
1691179200,1831.13,1833.77,1830.34,1833.77,0.85302597,4
1691180100,1833.49,1833.65,1833.49,1833.53,0.57889851,6
1691181000,1832.84,1832.84,1828.67,1828.67,0.5626786,4
1691181900,1828.43,1828.43,1817.05,1823.13,27.80823831,67
1691182800,1824.16,1831.27,1824.16,1831.27,1.41159594,12
1691183700,1829.46,1829.46,1829.44,1829.44,0.05,3
1691185500,1830.93,1831.33,1829.73,1829.74,0.30769178,4
1691186400,1829.51,1831.39,1829.51,1831.39,3.86871285,8
1691187300,1831.43,1831.43,1831.14,1831.14,0.10808196,3
1691188200,1830.58,1830.58,1830.58,1830.58,1.03177,1
1691190900,1826.97,1826.97,1826.97,1826.97,0.03937,1
1691191800,1827.95,1829.68,1827.95,1829.68,1.99494091,6
1691192700,1830.57,1830.78,1830.52,1830.52,2.73923295,4
1691195400,1832.04,1832.04,1832.04,1832.04,0.01075546,1
1691196300,1832.06,1833.26,1832.06,1832.63,0.59139916,4
1691197200,1832.09,1832.09,1831.67,1831.67,0.33665178,2
1691198100,1830.11,1830.17,1830.1,1830.17,0.14776537,3
1691199000,1830.36,1830.36,1829.14,1829.26,0.5468063,6
1691199900,1828.32,1828.32,1827.62,1827.62,0.23628913,2
1691200800,1828.8,1829.18,1828.8,1829.18,0.13042356,2
1691201700,1829.27,1829.27,1829.27,1829.27,0.06072088,1
1691202600,1828.65,1828.65,1828.47,1828.47,0.6,3
1691203500,1831.04,1831.04,1831.04,1831.04,0.01118037,1
1691204400,1830.57,1830.6,1830.57,1830.6,0.05651059,2
1691205300,1831.74,1831.86,1831.72,1831.86,1.03150195,5
1691206200,1831.2,1831.2,1831.2,1831.2,1.26583661,2
1691208000,1832.03,1832.03,1832.03,1832.03,0.0380377,1
1691209800,1830.7,1830.7,1829.77,1829.77,2.53973,6
1691210700,1829.84,1829.84,1829.84,1829.84,0.01431923,1
1691212500,1831.31,1831.31,1831.29,1831.29,0.1745,2
1691213400,1832.14,1832.33,1832.14,1832.33,1.10548788,3
1691214300,1833.31,1833.4,1833.31,1833.4,0.33247863,3
1691215200,1832.16,1832.43,1832.16,1832.43,0.09338099,3
1691217900,1832.34,1832.34,1832.34,1832.34,1,1
1691218800,1831.96,1831.96,1831.96,1831.96,0.03166008,1
1691219700,1831.49,1831.49,1831.31,1831.31,0.47224268,4
1691220600,1831.2,1831.2,1831.2,1831.2,0.00118902,1
1691221500,1831.3,1831.3,1831.19,1831.27,0.26836691,3
1691222400,1831.19,1831.19,1831.19,1831.19,0.1785,1
1691223300,1830.27,1830.41,1830.26,1830.41,1.80871082,5
1691224200,1831.29,1831.89,1831.29,1831.88,1.25537982,7
1691225100,1833.07,1833.35,1833.07,1833.27,0.60704001,6
1691226000,1833.11,1833.11,1833.11,1833.11,0.90283725,1
1691226900,1833.12,1833.12,1833.12,1833.12,0.02406184,2
1691227800,1833.11,1833.11,1831.68,1831.68,1.04512357,8
1691228700,1831.68,1831.68,1831.67,1831.67,1.0527193,7
1691229600,1831.67,1832.19,1831.67,1832.19,8.79702106,5
1691230500,1832.45,1833.06,1832.45,1832.72,5.68862546,11
1691231400,1832.79,1832.8,1832.79,1832.8,5.87,2
1691232300,1832.64,1832.64,1832.35,1832.35,0.05289294,4
1691233200,1832.5,1834.02,1832.5,1834.02,1.67668156,2
1691234100,1834.03,1834.38,1834.03,1834.11,0.62732866,6
1691235000,1834.09,1834.09,1834.09,1834.09,0.01498642,1
1691235900,1834.03,1834.03,1834.03,1834.03,0.20634126,4
1691236800,1834.03,1834.04,1832.19,1832.19,15.48922535,12
1691237700,1832.28,1832.7,1832.28,1832.69,3.218098,6
1691238600,1832.29,1832.29,1831.12,1831.12,5.11053184,14
1691239500,1831.0,1831.01,1831.0,1831.0,2.94886593,7
1691240400,1831.01,1831.74,1831.01,1831.57,2.18007697,8
1691241300,1832.1,1832.11,1832.1,1832.1,0.07871605,4
1691242200,1831.67,1831.67,1831.61,1831.61,2.4,4
1691243100,1832.02,1832.11,1832.02,1832.11,0.69236274,2
1691244000,1833.56,1833.7,1833.56,1833.7,0.43642889,5
1691244900,1834.59,1835.0,1834.59,1834.83,0.37351452,8
1691245800,1834.92,1834.92,1834.03,1834.03,1.40782035,6
1691246700,1834.62,1835.0,1834.61,1834.99,4.70763017,10
1691247600,1835.0,1835.49,1834.52,1834.52,2.1111687,6
1691248500,1833.65,1833.65,1832.77,1832.77,0.02181503,2
1691249400,1831.79,1834.2,1831.38,1833.8,0.75663986,7
1691250300,1833.48,1833.56,1833.41,1833.41,0.04713446,4
1691251200,1833.61,1833.62,1833.07,1833.07,0.58316517,4
1691252100,1833.17,1833.17,1833.0,1833.0,1.11326888,4
1691253000,1831.5,1831.5,1831.5,1831.5,0.14825275,3
1691253900,1831.76,1831.76,1831.5,1831.5,0.48853352,6
1691254800,1832.13,1832.13,1832.05,1832.05,0.54811976,2
1691255700,1833.94,1833.94,1833.94,1833.94,0.49073064,1
1691256600,1834.09,1834.09,1833.13,1833.52,12.87562081,8
1691257500,1833.56,1834.04,1833.56,1834.04,0.10787973,2
1691258400,1833.83,1835.1,1833.83,1835.1,0.31093382,8
1691259300,1836.18,1837.17,1836.18,1837.07,0.46954314,12
1691260200,1835.88,1836.07,1835.88,1836.07,0.48695867,2
1691261100,1835.97,1837.77,1835.97,1837.77,1.64877671,6
1691262000,1837.57,1837.81,1837.57,1837.81,0.47518294,2
1691262900,1837.67,1837.67,1836.96,1836.96,0.13655552,4
1691263800,1836.63,1836.63,1836.04,1836.04,0.1950506,2
1691264700,1836.72,1836.72,1836.72,1836.72,0.0163331,1
1691265600,1834.98,1835.19,1834.96,1835.18,2.0186,5
1691268300,1835.17,1835.18,1834.35,1834.44,0.16500652,5
1691269200,1834.44,1835.03,1834.43,1835.03,0.60828245,4
1691270100,1836.2,1836.21,1836.2,1836.21,0.05459082,2
1691271000,1836.21,1836.67,1836.21,1836.67,0.05512,2
1691271900,1836.75,1836.75,1836.02,1836.02,2.44203788,3
1691272800,1836.0,1836.0,1834.92,1834.92,0.78576389,6
1691273700,1834.82,1834.82,1834.82,1834.82,0.01228,1
1691274600,1836.55,1836.55,1836.54,1836.54,2.18,2
1691275500,1837.83,1838.29,1837.83,1838.29,0.12181218,4
1691276400,1838.12,1838.12,1838.12,1838.12,0.24449,1
1691277300,1837.64,1838.74,1837.64,1838.74,55.70230499,19
1691278200,1837.16,1837.36,1837.16,1837.29,0.13340747,4
1691279100,1837.02,1837.31,1837.02,1837.31,0.45163526,2
1691280000,1837.0,1837.01,1837.0,1837.01,0.10785007,2
1691280900,1837.0,1837.0,1836.62,1836.68,0.1517349,4
1691281800,1836.83,1836.83,1836.18,1836.18,1.12440767,5
1691283600,1837.28,1837.28,1836.3,1836.31,0.3753121,28
1691284500,1836.58,1836.63,1836.15,1836.15,3.13920962,4
1691285400,1835.81,1836.03,1835.81,1836.03,1.7855652,6
1691286300,1835.6,1835.6,1834.82,1834.82,0.29944123,8
1691287200,1834.82,1834.83,1834.82,1834.82,0.10352994,7
1691288100,1836.09,1837.97,1836.09,1837.97,0.10053604,2
1691289000,1837.77,1837.77,1837.77,1837.77,0.02720689,1
1691290800,1836.42,1836.42,1835.5,1835.5,0.11205293,2
1691292600,1835.03,1835.09,1835.03,1835.09,0.10897697,2
1691293500,1834.82,1834.96,1834.82,1834.96,0.51184776,4
1691294400,1835.38,1835.41,1835.3,1835.3,0.69211647,4
1691295300,1835.27,1835.43,1835.27,1835.43,0.0693,2
1691296200,1835.39,1835.82,1835.39,1835.49,0.26640607,13
1691297100,1836.03,1836.03,1835.94,1835.94,0.0679806,5
1691298900,1836.12,1836.12,1836.12,1836.12,0.00268293,1
1691299800,1836.07,1836.07,1835.58,1835.58,0.11032965,4
1691300700,1835.96,1836.09,1835.96,1836.01,1.63075978,11
1691301600,1835.96,1835.96,1835.79,1835.79,0.15444616,5
1691302500,1835.0,1835.0,1834.82,1834.82,0.54682663,15
1691303400,1834.82,1834.82,1833.31,1833.32,0.8918626,7
1691304300,1833.59,1834.77,1833.59,1834.77,0.51,2
1691305200,1834.58,1834.62,1834.42,1834.42,0.71822749,12
1691306100,1834.03,1834.09,1834.03,1834.09,0.03642693,2
1691307900,1834.98,1835.32,1834.87,1835.24,30.8483545,21
1691309700,1835.15,1836.3,1835.15,1836.3,0.67295037,3
1691310600,1835.9,1835.9,1834.95,1834.95,0.78327332,3
1691311500,1836.67,1837.0,1836.67,1836.85,2.41028823,16
1691312400,1834.92,1834.92,1834.41,1834.41,0.03626364,2
1691313300,1832.53,1832.53,1831.2,1831.2,0.45261701,2
1691314200,1831.65,1831.65,1831.01,1831.01,1.06493581,6
1691315100,1831.5,1831.5,1830.83,1830.83,0.21006702,4
1691316000,1831.18,1831.18,1830.77,1830.77,1.1477179,4
1691316900,1830.5,1830.9,1830.44,1830.85,0.36765354,6
1691317800,1830.28,1831.3,1830.0,1830.0,112.04936594,38
1691318700,1830.55,1831.43,1830.55,1831.33,1.27035368,8
1691319600,1831.06,1831.66,1831.05,1831.66,0.99108489,3
1691320500,1831.78,1831.99,1831.78,1831.99,1.08015096,5
1691321400,1832.0,1832.0,1832.0,1832.0,0.51145442,6
1691322300,1832.0,1832.88,1832.0,1832.78,1.49598392,11
1691323200,1832.42,1832.92,1832.36,1832.92,0.6815878,6
1691324100,1832.66,1832.66,1832.66,1832.66,0.35001582,1
1691325000,1831.99,1832.0,1830.01,1830.01,0.83704376,21
1691325900,1830.05,1830.05,1830.0,1830.0,0.07464422,3
1691326800,1830.0,1830.01,1830.0,1830.0,0.94447814,6
1691327700,1830.01,1830.01,1828.99,1828.99,23.90118162,8
1691328600,1829.0,1829.0,1828.72,1828.81,12.05328,6
1691329500,1830.14,1830.14,1829.17,1829.17,0.31994838,4
1691330400,1829.18,1829.2,1826.82,1826.82,11.23540748,15
1691331300,1828.2,1830.46,1828.2,1830.45,0.84201745,11
1691332200,1830.42,1830.42,1828.43,1828.81,1.15395198,12
1691333100,1828.91,1829.82,1828.77,1829.7,2.77252576,13
1691334000,1830.03,1830.03,1829.96,1829.96,0.18609,2
1691334900,1830.29,1830.32,1830.08,1830.18,11.99699492,9
1691335800,1829.72,1830.42,1829.44,1830.15,70.40519078,28
1691336700,1829.03,1829.36,1828.56,1829.36,1.10206747,9
1691337600,1829.01,1829.5,1828.51,1828.51,31.36384608,9
1691338500,1829.49,1830.0,1829.49,1830.0,0.49928319,6
1691339400,1830.99,1832.4,1830.99,1832.4,0.69752418,4
1691340300,1833.48,1834.68,1833.48,1834.68,0.49536741,7
1691341200,1835.72,1835.72,1833.61,1833.94,88.44821423,31
1691342100,1833.74,1833.74,1830.68,1831.03,100.18656748,32
1691343000,1831.45,1833.89,1831.45,1833.34,1.69788447,6
1691344800,1833.39,1833.39,1833.17,1833.17,0.16272578,2
1691346600,1833.93,1833.97,1833.0,1833.29,64.95219853,45
1691347500,1833.28,1833.28,1832.75,1832.99,3.0757228,6
1691348400,1832.68,1833.45,1832.68,1833.45,0.16450181,7
1691349300,1833.5,1833.5,1832.67,1832.67,0.35217,10
1691350200,1832.68,1832.68,1832.68,1832.68,5.02638962,9
1691351100,1832.67,1832.67,1831.69,1831.78,2.46168229,6
1691352000,1832.59,1832.59,1831.54,1831.54,1.12149183,4
1691352900,1831.91,1831.95,1830.83,1831.07,12.88397015,13
1691353800,1831.13,1831.13,1830.94,1830.94,0.08278962,3
1691354700,1830.75,1831.55,1830.75,1831.4,0.88626667,6
1691355600,1831.56,1835.66,1831.56,1835.66,0.82247444,6
1691356500,1835.91,1836.79,1835.3,1835.68,3.24561582,11
1691357400,1834.53,1834.53,1834.23,1834.23,0.65726685,5
1691358300,1834.23,1834.23,1829.48,1830.41,1.71808092,11
1691359200,1829.72,1831.98,1829.48,1831.98,0.70151963,11
1691360100,1833.39,1833.39,1832.85,1832.85,0.08036301,4
1691361000,1832.86,1833.02,1831.79,1831.79,0.07,7
1691361900,1831.74,1832.09,1829.7,1829.94,0.48212105,29
1691362800,1830.12,1830.63,1828.05,1828.05,1.46637025,26
1691363700,1828.15,1829.13,1827.89,1829.13,0.09,9
1691364600,1829.11,1829.12,1829.02,1829.12,0.21410608,9
1691365500,1829.12,1829.12,1829.12,1829.12,0.12887819,6
1691366400,1829.12,1830.87,1829.12,1830.87,18.47085476,11
1691367300,1831.18,1831.18,1831.18,1831.18,0.266,1
1691368200,1828.13,1828.13,1827.65,1827.65,0.0500956,3
1691369100,1829.17,1829.51,1829.17,1829.5,0.16147558,5
1691370000,1830.09,1832.96,1830.09,1832.96,0.40042923,9
1691370900,1836.59,1842.92,1836.59,1842.92,7.26164187,43
1691371800,1842.82,1842.82,1839.37,1839.37,0.196696,7
1691372700,1839.02,1840.98,1839.02,1840.98,0.04,3
1691373600,1841.51,1841.75,1841.36,1841.75,1.13207,4
1691374500,1841.55,1842.59,1841.55,1842.59,0.0813814,6
1691375400,1842.1,1842.84,1842.1,1842.62,4.61340735,11
1691376300,1843.12,1843.71,1843.12,1843.46,8.26264705,9
1691377200,1844.72,1845.8,1842.53,1842.53,0.40061655,16
1691378100,1842.55,1843.01,1842.53,1842.53,0.17732545,5
1691379000,1842.09,1842.09,1839.27,1840.1,263.44033474,77
1691379900,1840.09,1840.09,1838.13,1838.4,68.17045612,23
1691380800,1838.4,1840.13,1838.18,1840.13,0.97043422,4
1691381700,1840.49,1841.18,1840.49,1841.18,1.16135788,3
1691382600,1841.11,1841.32,1841.11,1841.32,0.03015714,3
1691383500,1840.99,1840.99,1840.99,1840.99,0.01,1
1691384400,1840.56,1840.56,1840.56,1840.56,0.05254,1
1691386200,1841.06,1842.17,1841.05,1842.17,77.18859316,20
1691387100,1840.59,1840.59,1840.59,1840.59,0.13582601,1
1691388000,1840.21,1840.21,1837.15,1837.98,1.13425992,10
1691388900,1837.46,1837.46,1836.38,1836.41,0.89291783,7
1691389800,1834.79,1834.79,1833.17,1833.17,0.9240567,5
1691390700,1832.95,1832.95,1832.53,1832.53,0.50009767,3
1691391600,1832.26,1834.35,1832.15,1834.35,0.32592046,3
1691392500,1834.56,1835.78,1834.56,1835.78,7.35702482,8
1691393400,1835.39,1835.91,1835.39,1835.91,1.5942512,4
1691394300,1835.91,1836.28,1835.79,1836.11,2.24601852,7
1691395200,1836.36,1836.37,1836.0,1836.05,1.90628269,7
1691396100,1836.41,1836.41,1835.85,1836.08,1.0253927,6
1691397900,1834.65,1834.65,1833.43,1833.43,0.09767378,4
1691398800,1833.14,1833.14,1832.94,1833.02,0.51823799,4
1691399700,1833.64,1834.48,1833.36,1834.48,1.55404202,5
1691400600,1835.79,1835.83,1835.13,1835.13,0.19179925,6
1691401500,1835.32,1835.72,1835.13,1835.72,0.7279633,3
1691402400,1835.49,1835.58,1834.77,1834.77,3.05531852,10
1691403300,1834.77,1835.29,1834.77,1834.77,17.8568649,14
1691404200,1833.84,1834.0,1833.84,1834.0,0.50248006,3
1691405100,1836.87,1836.94,1836.87,1836.94,0.23554358,2
1691406000,1836.74,1836.92,1836.74,1836.86,3.53833933,8
1691406900,1836.74,1836.75,1835.19,1835.19,11.9128499,12
1691407800,1834.98,1835.29,1834.98,1835.29,3.19562023,3
1691408700,1835.32,1835.33,1834.62,1834.62,6.67401092,14
1691409600,1834.62,1834.62,1833.2,1833.2,0.11940073,5
1691410500,1833.16,1833.17,1833.16,1833.17,0.31763,3
1691411400,1833.17,1833.17,1831.9,1832.1,14.52238753,25
1691412300,1834.62,1837.13,1834.62,1837.13,25.82258562,3
1691413200,1833.12,1833.35,1833.05,1833.05,1.10607464,3
1691414100,1832.51,1832.61,1831.13,1831.63,8.02514782,148
1691415000,1831.24,1832.36,1830.35,1830.35,3.6597047,157
1691415900,1830.54,1832.33,1829.72,1829.72,3.66590114,222
1691416800,1829.72,1830.21,1827.85,1829.48,5.48819936,89
1691417700,1830.97,1830.97,1829.08,1829.08,1.82037621,7
1691418600,1827.19,1831.06,1826.91,1831.01,4.23219856,13
1691419500,1830.82,1831.14,1829.85,1829.85,1.14649277,6
1691420400,1830.26,1830.26,1826.59,1828.93,0.33579239,8
1691421300,1826.24,1826.24,1822.24,1823.72,10.00705834,23
1691422200,1821.39,1821.39,1818.85,1820.71,19.56940873,22
1691423100,1818.4,1818.62,1814.58,1817.81,35.34833177,48
1691424000,1814.5,1817.54,1808.0,1808.48,41.66663226,120
1691424900,1808.06,1818.24,1803.43,1817.22,131.00294774,168
1691425800,1814.0,1814.26,1811.6,1814.26,6.66797876,15
1691426700,1812.62,1815.35,1812.62,1815.35,0.26900243,8
1691427600,1816.11,1818.31,1816.1,1818.22,25.76147855,18
1691428500,1817.72,1818.3,1806.98,1806.98,28.03745903,32
1691429400,1807.96,1812.43,1807.41,1812.43,17.53146876,27
1691430300,1811.54,1814.33,1811.54,1814.33,0.2162694,5
1691431200,1815.43,1823.6,1815.43,1823.2,6.11490147,38
1691432100,1823.8,1829.62,1823.8,1829.62,1.27372243,16
1691433000,1828.0,1828.0,1825.0,1825.0,0.54494847,12
1691433900,1825.0,1825.0,1821.86,1822.46,1.89512418,21
1691434800,1822.12,1822.12,1821.69,1822.01,2.48423,13
1691435700,1821.65,1821.65,1817.85,1818.01,1.13548239,19
1691436600,1818.06,1821.28,1818.06,1820.43,2.12689534,15
1691437500,1822.78,1824.92,1822.78,1824.86,1.30255284,6
1691438400,1826.38,1826.63,1824.88,1824.88,3.23171536,9
1691439300,1823.93,1824.0,1823.93,1824.0,1.01370651,5
1691440200,1826.16,1826.17,1825.79,1825.79,2.46562726,3
1691441100,1826.31,1827.48,1826.26,1827.48,5.3916421,8
1691442000,1828.24,1828.24,1827.77,1827.77,0.1021944,2
1691442900,1826.01,1829.3,1826.0,1829.3,1.21706349,11
1691443800,1829.3,1829.3,1826.53,1826.53,0.45434518,2
1691444700,1826.0,1826.0,1825.11,1825.17,1.38491894,6
1691445600,1825.73,1825.73,1825.65,1825.65,0.12257402,2
1691446500,1826.0,1826.0,1825.37,1825.76,0.8218683,7
1691447400,1825.95,1826.11,1825.95,1825.95,0.17401694,4
1691448300,1828.1,1828.1,1827.36,1827.36,0.03801484,2
1691449200,1827.41,1827.41,1827.41,1827.41,0.07161774,1
1691450100,1827.45,1827.45,1827.45,1827.45,0.10615943,1
1691451900,1828.35,1828.35,1828.35,1828.35,0.05,1
1691452800,1829.62,1830.72,1829.62,1830.72,0.85738164,8
1691453700,1830.94,1830.95,1830.94,1830.94,10.17123904,14
1691454600,1830.72,1830.72,1829.42,1829.95,22.74151105,32
1691455500,1830.96,1833.46,1830.96,1833.46,1.49665846,8
1691456400,1833.81,1834.27,1831.76,1831.78,32.55518389,82
1691457300,1831.78,1831.78,1831.77,1831.77,4.37558777,12
1691459100,1827.98,1827.99,1827.03,1827.03,0.32411558,6
1691460000,1827.76,1827.76,1827.76,1827.76,0.01061648,1
1691461800,1830.2,1830.86,1830.2,1830.86,1.15,4
1691462700,1830.29,1830.37,1830.0,1830.0,2.15777084,4
1691464500,1830.07,1830.5,1830.06,1830.38,6.43374392,8
1691465400,1829.78,1829.78,1829.78,1829.78,0.21,1
1691466300,1829.3,1830.23,1829.28,1829.9,3.83265416,25
1691467200,1830.59,1830.59,1830.17,1830.17,0.56937746,5
1691468100,1830.21,1830.21,1830.21,1830.21,0.10219713,1
1691469000,1832.0,1832.0,1832.0,1832.0,11.16610015,7
1691469900,1832.0,1832.0,1831.99,1832.0,1.42188224,7
1691470800,1832.0,1833.87,1831.99,1833.86,55.62017763,6
1691471700,1834.26,1835.49,1834.26,1835.49,2.77655216,10
1691472600,1836.18,1837.02,1835.76,1837.02,1.08874641,9
1691473500,1837.39,1838.01,1835.67,1835.67,0.21767514,5
1691474400,1835.92,1836.0,1835.66,1835.66,1.21821517,5
1691475300,1835.7,1835.72,1835.4,1835.4,0.15363033,3
1691476200,1835.5,1836.0,1835.5,1836.0,0.62371511,10
1691477100,1836.0,1837.45,1833.38,1833.38,21.60310101,17
1691478000,1833.42,1833.72,1833.33,1833.53,1.91340193,11
1691478900,1833.53,1833.53,1833.52,1833.52,1.40468537,6
1691479800,1831.9,1833.36,1830.86,1833.36,141.16249347,48
1691480700,1830.37,1830.45,1830.22,1830.22,1.1812918,3
1691481600,1830.53,1831.35,1830.53,1830.53,4.68193974,9
1691482500,1830.7,1830.7,1830.7,1830.7,13.53384198,4
1691483400,1830.71,1831.7,1830.7,1831.13,2.51401164,13
1691484300,1831.06,1831.06,1830.46,1830.66,0.41940102,3
1691485200,1830.44,1830.56,1830.44,1830.56,3.4393326,4
1691486100,1831.04,1831.45,1830.93,1831.45,5.66615414,8
1691487000,1831.16,1831.33,1830.87,1831.17,9.97479082,7
1691487900,1831.17,1831.17,1830.57,1830.57,2.10496382,6
1691488800,1830.79,1830.9,1830.79,1830.9,0.09408882,3
1691489700,1830.88,1830.88,1830.5,1830.7,5.28004645,19
1691490600,1830.85,1831.17,1830.75,1830.95,0.47213548,6
1691491500,1831.16,1834.17,1831.16,1834.11,106.93470961,17
1691492400,1835.37,1835.51,1834.74,1835.14,0.44721283,6
1691493300,1833.82,1835.67,1833.82,1835.67,13.46667448,4
1691494200,1835.57,1835.57,1834.54,1834.97,2.71572,4
1691495100,1834.96,1838.08,1834.96,1838.04,6.10115232,16
1691496000,1838.1,1838.73,1836.21,1836.67,34.1573169,20
1691496900,1836.98,1839.02,1835.69,1838.94,93.93753847,93
1691497800,1837.92,1842.57,1837.71,1842.57,17.84368008,41
1691498700,1842.99,1845.03,1842.64,1845.03,2.63019921,21
1691499600,1845.03,1848.57,1842.95,1845.16,20.10406709,32
1691500500,1845.15,1846.91,1842.17,1842.17,22.49633168,29
1691501400,1841.82,1842.34,1835.97,1835.97,4.55382047,22
1691502300,1836.35,1837.59,1836.14,1836.53,0.6773995,7
1691503200,1836.94,1837.99,1836.94,1837.48,5.10784431,18
1691504100,1836.35,1838.0,1836.35,1838.0,6.73493641,11
1691505000,1838.0,1840.82,1838.0,1840.82,1.25640974,7
1691505900,1840.82,1841.68,1840.53,1840.53,1.15437196,11
1691506800,1839.21,1840.92,1839.2,1840.91,101.85662141,49
1691507700,1840.91,1842.75,1840.91,1842.74,2.77172095,11
1691508600,1842.62,1844.43,1842.62,1844.43,21.11844222,14
1691509500,1844.42,1845.0,1843.76,1844.38,46.91331896,14
1691510400,1843.55,1844.61,1843.35,1844.61,46.93305616,22
1691511300,1845.0,1845.9,1844.47,1844.51,102.76660522,48
1691512200,1846.46,1852.71,1846.46,1850.76,312.01275012,117
1691513100,1852.7,1856.54,1852.7,1853.17,33.73180004,42
1691514000,1855.53,1856.98,1851.08,1854.62,89.50967467,55
1691514900,1854.61,1856.85,1853.53,1853.79,113.95767663,75
1691515800,1853.13,1853.63,1853.08,1853.3,12.15845985,11
1691516700,1853.49,1854.64,1853.49,1853.59,14.43268873,20
1691517600,1853.89,1862.13,1853.89,1862.13,54.20565582,29
1691518500,1862.74,1869.81,1862.65,1867.39,37.58282969,54
1691519400,1867.79,1867.79,1863.58,1863.94,4.41974945,17
1691520300,1863.34,1863.34,1855.37,1858.63,10.12980629,48
1691521200,1859.04,1863.57,1859.04,1862.67,2.73989276,18
1691522100,1863.11,1863.11,1860.25,1862.23,21.98600212,14
1691523000,1862.65,1862.77,1859.64,1860.08,2.07653714,9
1691523900,1860.52,1860.52,1858.74,1858.85,4.22743646,7
1691524800,1859.8,1860.08,1856.77,1858.3,20.97432459,32
1691525700,1860.15,1862.52,1860.0,1862.49,81.80957374,16
1691526600,1863.35,1863.42,1861.99,1861.99,0.07578987,5
1691527500,1862.2,1863.4,1861.84,1863.4,7.32480315,7
1691528400,1863.59,1865.19,1863.59,1865.19,55.85704785,22
1691529300,1865.45,1875.0,1865.45,1867.7,52.52019276,50
1691530200,1865.29,1865.29,1863.11,1863.72,0.65672729,11
1691531100,1864.86,1864.86,1861.7,1861.8,2.9949931,11
1691532000,1862.09,1862.09,1858.06,1858.06,1.14560144,23
1691532900,1858.58,1859.05,1858.23,1858.23,0.47419214,6
1691533800,1858.33,1858.33,1855.46,1855.67,1.09590156,14
1691534700,1857.85,1858.02,1857.85,1858.01,2.77389368,3
1691536500,1858.83,1859.67,1858.8,1859.16,0.10594927,9
1691537400,1859.1,1859.1,1856.97,1856.97,0.47735782,3
1691539200,1856.6,1856.6,1856.43,1856.43,0.0206447,2
1691540100,1857.88,1857.88,1857.74,1857.88,0.35053125,30
1691541000,1857.88,1859.43,1856.11,1856.12,2.60382132,13
1691541900,1855.56,1855.56,1855.56,1855.56,0.01,1
1691542800,1855.37,1855.37,1854.76,1854.76,0.10238106,4
1691543700,1857.76,1858.89,1857.76,1858.89,0.22666295,2
1691545500,1859.04,1859.04,1858.98,1858.98,0.27673001,2
1691546400,1858.59,1858.59,1857.71,1857.71,0.1399338,2
1691547300,1857.7,1857.7,1855.36,1855.36,0.12370365,9
1691548200,1854.34,1855.09,1854.0,1855.09,1.5186735,7
1691549100,1854.84,1854.84,1854.84,1854.84,0.04705883,1
1691550900,1854.46,1854.46,1854.46,1854.46,0.45591596,1
1691551800,1854.44,1854.44,1854.35,1854.36,9.47539056,7
1691552700,1854.36,1854.52,1854.36,1854.52,2.03055049,2
1691553600,1854.52,1854.52,1854.48,1854.48,2.41141583,9
1691554500,1854.5,1854.5,1854.5,1854.5,0.01,1
1691555400,1854.5,1856.37,1854.5,1856.37,4.99050976,5
1691556300,1856.37,1857.17,1856.37,1856.93,0.9267033,5
1691558100,1857.58,1858.03,1857.58,1857.9,6.42688598,7
1691559000,1856.44,1856.44,1856.44,1856.44,0.15,1
1691559900,1857.84,1858.07,1857.76,1857.76,0.89215458,5
1691560800,1857.67,1857.67,1856.72,1857.37,1.16869904,5
1691561700,1855.14,1855.14,1854.86,1854.88,2.68886639,4
1691562600,1854.49,1855.25,1854.36,1855.25,0.23018639,3
1691563500,1856.0,1857.76,1855.99,1857.76,2.33433711,13
1691564400,1857.78,1859.08,1857.78,1858.98,1.01376191,7
1691565300,1859.08,1859.75,1858.93,1859.75,13.59912118,16
1691566200,1859.86,1861.39,1859.69,1861.25,2.63814292,13
1691567100,1861.72,1861.81,1861.72,1861.81,0.0838381,2
1691568000,1862.2,1863.97,1862.2,1863.97,1.14485358,8
1691568900,1862.33,1862.34,1861.73,1861.73,0.75991081,7
1691569800,1861.72,1861.72,1860.53,1861.57,21.5578438,15
1691570700,1861.61,1862.78,1861.61,1862.78,18.07527085,15
1691571600,1862.78,1862.95,1861.07,1861.43,313.09401603,108
1691572500,1860.23,1860.9,1860.23,1860.63,51.55118165,20
1691573400,1861.33,1861.37,1860.7,1860.7,1.11420332,7
1691574300,1860.57,1860.57,1860.0,1860.01,1.41544767,8
1691575200,1860.01,1860.01,1859.87,1859.87,1.74189806,5
1691576100,1860.35,1860.51,1860.35,1860.51,1.05693953,3
1691577000,1860.53,1862.65,1859.97,1862.4,17.66300368,17
1691577900,1861.72,1864.66,1861.62,1864.1,8.30398702,13
1691578800,1863.51,1863.61,1863.09,1863.09,1.45691265,7
1691579700,1862.09,1862.23,1860.54,1860.6,12.12558171,19
1691580600,1860.49,1861.0,1860.49,1861.0,0.26951143,3
1691581500,1861.08,1863.68,1861.08,1862.5,61.53154117,23
1691582400,1862.46,1863.85,1861.79,1863.36,100.64984896,40
1691583300,1861.36,1861.84,1860.39,1861.84,2.15304589,11
1691584200,1862.16,1864.56,1862.16,1864.55,1.55014366,13
1691585100,1865.18,1868.26,1865.17,1866.98,23.80287002,25
1691586000,1869.08,1870.27,1865.47,1869.37,2.5258866,23
1691586900,1866.71,1867.26,1865.12,1865.43,1.76016042,29
1691587800,1864.68,1864.68,1863.14,1863.48,16.51819198,19
1691588700,1863.47,1864.03,1860.62,1860.62,4.04231787,12
1691589600,1861.19,1862.77,1858.74,1858.74,54.27787113,34
1691590500,1858.74,1860.58,1858.74,1860.36,13.4014376,12
1691591400,1860.57,1863.99,1860.0,1860.9,383.82076263,143
1691592300,1860.92,1861.22,1853.45,1853.45,44.05258012,68
1691593200,1853.15,1854.83,1852.77,1852.77,14.03255637,27
1691594100,1852.77,1854.84,1852.77,1854.15,1.51529938,13
1691595000,1853.8,1854.82,1852.45,1854.82,3.39491834,8
1691595900,1855.26,1855.27,1852.88,1852.95,10.556043,13
1691596800,1853.16,1853.32,1851.99,1851.99,2.85880692,10
1691597700,1852.83,1853.0,1851.98,1851.98,1.21135233,3
1691598600,1853.02,1854.18,1851.31,1851.31,0.37181023,10
1691599500,1851.0,1851.54,1848.67,1849.03,16.85061353,29
1691600400,1849.01,1850.75,1848.17,1850.18,14.35294519,25
1691601300,1851.75,1852.07,1850.0,1850.0,42.7354334,23
1691602200,1848.19,1850.11,1848.19,1849.16,1.39662539,10
1691603100,1848.79,1849.56,1847.6,1849.56,16.46917686,16
1691604000,1849.49,1850.14,1849.49,1849.5,21.39242871,10
1691604900,1849.51,1851.9,1849.51,1851.9,12.83937916,13
1691605800,1853.95,1853.95,1853.1,1853.48,38.29590462,13
1691606700,1854.79,1855.03,1854.77,1854.78,12.02577603,7
1691607600,1854.52,1854.52,1851.62,1851.74,1.27487679,8
1691608500,1852.07,1852.41,1851.97,1851.97,28.79055671,13
1691609400,1852.44,1852.44,1851.9,1851.9,0.02277287,2
1691610300,1849.5,1849.5,1848.38,1848.38,2.40938906,11
1691611200,1848.85,1851.25,1848.36,1851.25,10.0787254,15
1691612100,1850.89,1852.01,1850.89,1852.01,11.79783159,13
1691613000,1852.08,1852.35,1852.0,1852.35,23.85180816,11
1691613900,1852.61,1852.98,1852.42,1852.45,8.24507783,13
1691614800,1851.99,1851.99,1847.69,1847.69,6.88592175,6
1691615700,1849.18,1853.11,1849.18,1853.11,42.73590442,17
1691617500,1854.04,1854.73,1853.59,1853.59,7.79949454,6
1691618400,1853.82,1854.72,1853.56,1854.71,38.06159502,18
1691619300,1854.67,1854.72,1854.36,1854.37,0.49810669,8
1691620200,1853.64,1854.3,1853.64,1854.3,1.36097503,5
1691621100,1854.26,1855.39,1854.26,1855.39,10.8360412,3
1691622000,1855.41,1857.04,1855.41,1857.04,57.23556404,26
1691622900,1857.4,1858.5,1856.26,1856.35,79.13893835,26
1691623800,1856.89,1857.11,1856.86,1856.86,0.31276762,3
1691624700,1856.29,1856.29,1855.52,1855.52,0.1456682,2
1691625600,1855.8,1856.09,1855.8,1856.09,0.78671984,5
1691626500,1857.39,1857.79,1857.39,1857.79,1.33514107,2
1691627400,1856.9,1856.9,1855.6,1855.6,54.263356,14
1691628300,1854.76,1855.53,1854.57,1855.53,2.5625739,7
1691630100,1855.97,1855.97,1855.97,1855.97,0.0211266,1
1691631000,1855.5,1855.66,1855.5,1855.66,0.34769785,3
1691631900,1857.53,1857.55,1855.15,1855.15,1.64504794,4
1691633700,1856.75,1856.75,1856.75,1856.75,0.06873935,1
1691634600,1856.02,1856.23,1855.89,1856.23,2.98661393,8
1691635500,1854.61,1854.61,1854.26,1854.26,2.02454043,5
1691636400,1854.0,1854.0,1853.09,1853.44,0.34512828,6
1691637300,1853.95,1854.45,1853.83,1853.85,1.23090742,7
1691638200,1853.37,1853.37,1852.99,1852.99,9.39891617,7
1691640000,1853.01,1853.01,1852.47,1852.47,0.31452,2
1691640900,1852.24,1852.24,1851.93,1852.1,1.94898825,4
1691641800,1852.41,1852.42,1852.41,1852.42,0.9,3
1691642700,1852.87,1853.35,1852.85,1852.85,0.730703,3
1691643600,1851.8,1851.8,1851.6,1851.6,0.62064283,3
1691644500,1851.45,1851.45,1850.96,1851.24,0.41277591,3
1691645400,1851.24,1851.58,1851.24,1851.53,0.25177547,8
1691646300,1851.56,1853.13,1851.54,1853.13,1.15611344,13
1691647200,1854.25,1854.53,1854.01,1854.01,0.13876224,3
1691648100,1854.8,1854.82,1852.23,1852.23,23.45945332,7
1691649000,1851.46,1851.46,1851.25,1851.25,0.02,2
1691649900,1850.41,1850.41,1850.41,1850.41,0.056,1
1691651700,1851.57,1853.78,1851.57,1853.78,1.54669673,8
1691652600,1853.76,1853.79,1852.09,1852.09,1.71940265,10
1691653500,1852.08,1852.08,1852.08,1852.08,5.84419836,8
1691654400,1852.08,1852.09,1852.08,1852.08,1.27432906,6
1691655300,1852.08,1852.08,1852.08,1852.08,1.10991481,7
1691656200,1852.09,1852.09,1852.08,1852.08,0.82559607,5
1691657100,1852.08,1852.09,1852.08,1852.08,2.5952098,10
1691658000,1852.09,1852.23,1852.08,1852.08,2.34358293,6
1691658900,1852.08,1852.09,1852.08,1852.08,0.35267621,4
1691659800,1852.08,1852.08,1850.98,1850.98,1.67369133,9
1691660700,1852.88,1852.88,1852.02,1852.26,2.76192534,6
1691661600,1852.56,1852.56,1851.67,1851.67,0.65034142,3
1691662500,1851.29,1851.29,1850.83,1850.83,0.28922096,5
1691663400,1851.01,1852.02,1851.01,1852.02,0.2685197,3
1691664300,1851.95,1854.23,1851.95,1854.23,1.81677688,11
1691665200,1854.87,1854.87,1853.9,1853.9,0.33265214,3
1691666100,1852.62,1852.62,1852.44,1852.45,2.81340825,4
1691667000,1851.59,1852.02,1851.37,1852.02,2.96721818,6
1691667900,1851.29,1851.66,1851.29,1851.66,0.61946,2
1691668800,1850.84,1852.11,1850.23,1852.11,13.06086855,11
1691669700,1853.37,1854.14,1853.2,1854.13,10.35886979,7
1691670600,1854.28,1858.94,1852.08,1854.63,51.6203256,44
1691671500,1854.29,1859.63,1854.28,1856.75,215.24787537,59
1691672400,1855.52,1855.98,1854.85,1855.74,150.65078947,46
1691673300,1854.66,1855.77,1854.66,1855.77,38.05388773,16
1691674200,1859.0,1861.84,1858.99,1861.29,50.95514276,12
1691675100,1861.85,1863.42,1861.85,1863.42,8.68060391,22
1691676000,1863.98,1864.66,1860.49,1861.14,54.769699,44
1691676900,1861.6,1861.6,1857.5,1858.79,180.66194369,66
1691677800,1859.11,1859.15,1850.42,1850.42,0.52325098,14
1691678700,1850.36,1853.21,1848.51,1852.9,7.71299089,42
1691679600,1853.19,1854.03,1853.0,1854.03,7.71548151,9
1691680500,1853.34,1853.8,1852.65,1853.8,7.51949178,13
1691681400,1854.78,1855.78,1854.78,1855.14,3.35002951,7
1691682300,1854.17,1854.17,1852.67,1852.67,5.07657104,8
1691683200,1853.21,1853.24,1850.74,1851.38,0.31312615,7
1691684100,1850.5,1851.64,1850.17,1851.61,1.26904036,13
1691685000,1851.65,1853.47,1851.64,1853.47,2.22748721,5
1691685900,1853.55,1853.95,1852.14,1852.14,0.37858638,4
1691686800,1850.94,1851.74,1849.65,1851.74,3.01566632,9
1691687700,1850.89,1850.89,1848.78,1849.05,6.17991757,14
1691688600,1848.51,1849.09,1848.17,1849.09,2.68946592,7
1691689500,1848.78,1848.78,1848.31,1848.31,0.27341818,3
1691690400,1847.88,1849.27,1847.5,1849.27,8.13879048,10
1691691300,1850.4,1850.54,1849.83,1849.83,0.68732161,10
1691692200,1849.67,1849.67,1849.08,1849.08,0.237605,2
1691694000,1850.47,1850.47,1850.47,1850.47,0.01891871,1
1691694900,1849.99,1850.0,1848.55,1848.55,3.07422285,23
1691695800,1848.92,1849.73,1848.92,1849.73,4.90980001,7
1691696700,1850.0,1850.38,1849.99,1850.2,5.63010184,7
1691697600,1849.92,1850.93,1849.92,1850.93,0.43532356,4
1691698500,1851.11,1851.12,1851.11,1851.12,0.12934072,3
1691699400,1851.05,1851.05,1850.64,1850.64,1.41072,5
1691700300,1850.65,1850.65,1849.72,1850.17,0.68013308,6
1691701200,1851.01,1851.01,1851.0,1851.01,1.72639277,6
1691702100,1851.01,1851.01,1851.0,1851.01,0.32538542,4
1691703000,1851.0,1851.01,1851.0,1851.01,0.18656272,7
1691703900,1851.0,1851.0,1850.43,1850.43,1.26350201,5
1691704800,1850.74,1850.74,1850.74,1850.74,0.01360831,1
1691705700,1851.21,1852.73,1851.21,1852.73,0.46780942,2
1691706600,1853.12,1853.12,1852.78,1852.83,0.70061259,6
1691708400,1851.6,1851.63,1851.6,1851.62,0.6974952,3
1691709300,1852.87,1852.87,1852.87,1852.87,0.00227095,1
1691710200,1853.23,1853.23,1853.22,1853.22,0.09141077,2
1691711100,1853.08,1853.08,1852.59,1852.59,0.34244651,3
1691712000,1852.44,1852.89,1852.29,1852.89,0.22137518,4
1691713800,1852.76,1852.76,1852.76,1852.76,0.04359855,2
1691715600,1854.91,1854.91,1854.91,1854.91,0.26994,1
1691717400,1853.64,1853.64,1852.22,1852.22,0.26469386,2
1691718300,1851.51,1851.51,1851.5,1851.5,0.08188485,2
1691719200,1850.55,1850.55,1850.43,1850.43,0.22692408,2
1691720100,1850.43,1850.43,1850.42,1850.42,0.23148643,4
1691721000,1850.43,1850.43,1850.42,1850.42,3.10619498,8
1691721900,1847.39,1847.39,1845.0,1845.01,1.64592778,18
1691722800,1846.12,1847.38,1845.95,1847.18,3.47468507,6
1691724600,1846.79,1846.79,1846.79,1846.79,0.24975912,1
1691725500,1846.46,1846.53,1845.45,1845.91,1.3645162,10
1691726400,1846.73,1847.09,1846.73,1847.09,1.539044,12
1691727300,1847.58,1847.58,1847.58,1847.58,0.05228057,1
1691728200,1848.51,1848.51,1848.51,1848.51,0.24967453,1
1691729100,1848.47,1848.47,1848.47,1848.47,0.01,1
1691730000,1847.73,1847.73,1847.56,1847.56,0.40941049,3
1691730900,1847.55,1848.57,1847.55,1848.57,2.39097417,8
1691731800,1848.54,1848.54,1848.16,1848.16,55.13947826,11
1691732700,1849.8,1850.01,1849.8,1850.01,0.05668329,2
1691733600,1849.66,1850.2,1849.45,1850.2,1.32554045,4
1691734500,1849.64,1849.64,1849.51,1849.57,0.0675816,3
1691735400,1849.62,1849.62,1849.2,1849.21,0.79146307,6
1691736300,1850.56,1850.73,1850.56,1850.73,0.81068945,2
1691737200,1851.03,1851.03,1851.03,1851.03,0.07023117,1
1691738100,1850.81,1850.81,1850.06,1850.06,1.14698,7
1691739000,1850.32,1850.33,1849.91,1849.91,3.62595,5
1691739900,1849.74,1850.02,1849.73,1849.82,1.58583493,8
1691740800,1849.8,1850.49,1849.8,1850.47,2.52019378,7
1691741700,1851.11,1851.11,1850.94,1850.94,0.0963332,4
1691742600,1850.04,1850.07,1849.85,1849.96,3.5305635,13
1691743500,1849.93,1849.93,1848.73,1848.99,5.40374711,13
1691744400,1848.86,1848.86,1848.24,1848.27,9.20915,9
1691745300,1848.28,1848.43,1848.27,1848.42,14.02555,8
1691746200,1847.96,1848.16,1847.92,1848.16,1.60587863,9
1691747100,1847.95,1847.97,1846.76,1846.76,0.41619373,3
1691748000,1846.71,1846.77,1846.53,1846.77,17.3965955,10
1691748900,1847.31,1849.87,1847.31,1849.43,1.68874902,8
1691749800,1849.33,1849.33,1848.94,1848.94,1.43334594,5
1691750700,1848.69,1848.69,1848.69,1848.69,0.16,1
1691751600,1849.11,1849.11,1848.94,1848.94,1.32559685,4
1691752500,1848.73,1848.73,1848.73,1848.73,3.1911027,2
1691753400,1849.87,1850.27,1849.87,1850.27,0.1637,3
1691754300,1850.17,1851.63,1850.17,1851.63,23.43586396,11
1691755200,1852.24,1852.58,1852.24,1852.53,0.48229782,3
1691756100,1851.98,1851.99,1851.98,1851.99,0.8564078,8
1691757000,1851.98,1851.99,1850.59,1851.24,11.30981871,24
1691757900,1850.57,1850.57,1850.0,1850.0,123.86963242,17
1691758800,1850.0,1850.63,1849.56,1850.63,27.26608324,13
1691759700,1850.63,1850.71,1849.84,1850.05,1.10893879,6
1691760600,1848.69,1849.33,1848.57,1848.9,0.32757727,4
1691761500,1849.21,1850.89,1849.21,1850.89,0.44874331,4
1691762400,1853.68,1854.25,1852.13,1854.25,3.13877097,11
1691763300,1853.1,1853.45,1852.64,1852.64,20.17538216,15
1691764200,1854.04,1855.83,1853.86,1855.83,1.56365002,5
1691765100,1856.26,1856.83,1854.0,1854.0,0.12796955,6
1691766000,1854.0,1854.01,1849.32,1849.32,29.22349321,16
1691766900,1848.89,1848.9,1845.39,1846.8,47.95321625,64
1691767800,1846.53,1846.53,1845.0,1845.28,59.47387878,58
1691768700,1845.19,1846.0,1844.37,1845.93,48.36106545,45
1691769600,1845.39,1848.69,1845.39,1848.69,66.87210546,62
1691770500,1848.69,1849.1,1846.46,1846.69,62.33554772,51
1691771400,1846.6,1847.54,1839.93,1841.23,13.36749336,41
1691772300,1842.09,1844.78,1841.86,1844.28,1.28710353,8
1691773200,1841.9,1842.24,1841.85,1842.24,1.18270381,6
1691774100,1842.4,1845.09,1842.4,1845.09,0.83543465,5
1691775000,1845.48,1845.48,1843.55,1843.65,0.3663704,5
1691775900,1842.52,1842.78,1842.4,1842.78,0.35759741,4
1691776800,1843.13,1843.39,1843.13,1843.39,0.0230752,2
1691777700,1843.99,1844.47,1843.67,1844.26,37.02433042,17
1691778600,1843.71,1843.71,1843.71,1843.71,0.03798,1
1691779500,1843.99,1844.0,1843.99,1843.99,5.38933503,10
1691780400,1844.0,1844.0,1842.68,1842.68,2.24529598,13
1691781300,1843.27,1844.0,1842.71,1843.99,1.50900984,8
1691782200,1844.0,1844.0,1843.99,1843.99,0.26200505,2
1691783100,1843.99,1844.0,1843.99,1844.0,0.66231116,5
1691784000,1843.99,1844.0,1843.98,1843.99,15.62328005,9
1691784900,1844.0,1845.15,1844.0,1845.14,5.1710696,11
1691785800,1844.48,1844.86,1844.48,1844.86,0.47517455,2
1691786700,1845.41,1846.03,1845.26,1846.03,1.86661707,7
1691787600,1845.95,1846.8,1845.7,1846.55,9.0332929,11
1691788500,1846.38,1846.38,1846.11,1846.28,0.96454945,8
1691790300,1845.18,1845.18,1845.14,1845.14,13.70623066,3
1691791200,1845.1,1845.66,1845.1,1845.46,0.09781876,3
1691792100,1845.58,1846.28,1845.57,1846.28,8.684018,6
1691793000,1846.28,1846.32,1846.28,1846.32,0.70680099,4
1691793900,1846.98,1846.98,1846.98,1846.98,0.02653167,2
1691795700,1847.35,1847.66,1847.32,1847.66,1.70947007,4
1691796600,1848.22,1848.22,1848.22,1848.22,0.26444344,1
1691797500,1848.67,1848.67,1848.67,1848.67,0.01455109,1
1691798400,1848.41,1848.41,1848.25,1848.25,0.47309802,2
1691799300,1849.93,1849.93,1849.93,1849.93,0.02642,1
1691800200,1850.41,1850.67,1850.41,1850.67,0.02688816,3
1691801100,1850.67,1852.83,1850.67,1852.82,0.57965352,5
1691802900,1850.88,1850.88,1850.88,1850.88,4.06126,1
1691803800,1849.11,1849.11,1849.11,1849.11,0.10613937,1
1691804700,1849.28,1849.28,1848.94,1848.94,0.2740627,2
1691805600,1849.09,1849.5,1848.86,1849.5,0.68022749,3
1691806500,1849.54,1849.55,1849.52,1849.52,16.60632949,8
1691807400,1849.45,1849.48,1849.45,1849.48,8.11545457,7
1691809200,1848.63,1848.63,1848.63,1848.63,0.01865314,1
1691810100,1848.91,1848.91,1848.91,1848.91,0.034349,1
1691811000,1848.4,1848.45,1847.86,1847.86,1.27029941,8
1691811900,1848.13,1848.55,1847.87,1848.0,2.51321312,7
1691812800,1847.89,1847.92,1847.88,1847.89,13.20257541,5
1691815500,1848.83,1848.83,1848.83,1848.83,0.05408826,1
1691816400,1848.22,1848.22,1848.22,1848.22,0.0408288,1
1691817300,1847.97,1847.97,1847.97,1847.97,0.02705671,2
1691818200,1847.07,1847.31,1847.07,1847.31,2.02165074,11
1691819100,1847.3,1848.14,1847.19,1847.45,271.29315725,69
1691820900,1848.12,1848.35,1848.12,1848.35,0.28212983,4
1691821800,1847.87,1847.9,1847.87,1847.88,0.36768745,3
1691822700,1848.04,1848.04,1848.04,1848.04,0.01,1
1691823600,1849.2,1849.41,1849.2,1849.31,0.61464083,4
1691824500,1849.52,1849.52,1849.43,1849.43,1.13197757,6
1691825400,1849.45,1849.5,1849.45,1849.47,0.22732057,3
1691826300,1849.52,1850.66,1849.52,1850.65,3.32701624,4
1691827200,1850.75,1850.9,1850.57,1850.9,0.33890468,4
1691828100,1849.65,1849.65,1849.65,1849.65,0.19143877,1
1691829900,1848.72,1848.77,1848.71,1848.76,2.15287256,5
1691830800,1849.0,1850.04,1849.0,1850.04,2.01717475,11
1691831700,1850.0,1850.78,1850.0,1850.64,0.43708537,6
1691832600,1850.72,1850.72,1850.69,1850.69,0.30075512,2
1691833500,1850.52,1850.52,1850.09,1850.15,0.58482086,6
1691834400,1850.23,1850.23,1850.23,1850.23,0.24976936,1
1691835300,1850.33,1850.66,1850.33,1850.45,0.56656012,5
1691836200,1850.29,1850.49,1850.2,1850.24,10.69492099,7
1691837100,1851.02,1851.05,1851.02,1851.05,0.30397368,3
1691838000,1851.23,1851.23,1850.67,1850.67,0.21045515,4
1691838900,1850.43,1850.43,1849.97,1849.97,0.36510866,8
1691839800,1850.05,1850.05,1849.82,1849.82,0.47090788,4
1691840700,1850.46,1850.65,1850.46,1850.64,0.15482696,3
1691841600,1850.9,1851.07,1850.88,1851.07,0.7654497,3
1691842500,1850.8,1850.8,1850.8,1850.8,1.45895208,1
1691843400,1850.8,1850.8,1850.8,1850.8,0.03794,1
1691844300,1850.81,1852.0,1850.81,1852.0,3.84220939,9
1691845200,1852.0,1852.0,1851.96,1851.96,0.77396694,7
1691846100,1851.99,1852.0,1851.99,1852.0,0.79760553,3
1691847000,1852.0,1853.0,1852.0,1853.0,1.03060548,6
1691847900,1853.0,1853.0,1853.0,1853.0,2.66653072,5
1691848800,1851.76,1851.76,1851.43,1851.43,9.1427445,5
1691849700,1851.69,1852.81,1851.69,1852.37,2.76746625,7
1691850600,1852.4,1853.13,1852.39,1853.13,10.35834662,17
1691851500,1852.52,1852.71,1852.42,1852.42,4.1937471,6
1691852400,1853.05,1853.11,1852.84,1852.84,0.69104478,4
1691853300,1853.31,1853.31,1853.28,1853.29,0.14062923,5
1691855100,1852.38,1852.39,1851.51,1851.51,1.07520124,7
1691856000,1851.52,1852.21,1851.51,1852.21,0.55558788,7
1691856900,1852.42,1852.42,1852.42,1852.42,0.03164587,1
1691857800,1852.6,1852.6,1852.44,1852.44,0.0742141,2
1691858700,1852.33,1852.33,1851.82,1851.82,0.21909,3
1691859600,1851.7,1851.7,1851.56,1851.56,0.3396816,3
1691860500,1851.52,1851.96,1851.51,1851.79,101.12006605,40
1691861400,1851.52,1851.52,1851.0,1851.0,2.1006936,8
1691862300,1851.0,1851.0,1850.0,1850.0,2.3138431,8
1691863200,1850.0,1850.0,1849.01,1849.02,2.29454503,10
1691864100,1849.01,1849.01,1849.01,1849.01,0.84503757,7
1691865000,1849.02,1849.7,1849.0,1849.7,2.92658416,7
1691865900,1849.22,1849.22,1849.22,1849.22,0.01081081,1
1691866800,1849.02,1849.02,1849.01,1849.01,0.7130312,3
1691867700,1849.0,1849.01,1848.01,1848.01,0.24495746,6
1691868600,1848.02,1848.02,1848.01,1848.01,1.07012256,4
1691869500,1848.0,1848.01,1848.0,1848.01,1.70426249,4
1691870400,1848.0,1848.11,1848.0,1848.1,0.1609703,4
1691871300,1848.01,1848.27,1848.0,1848.18,1.21217981,9
1691872200,1848.0,1848.01,1848.0,1848.0,0.25565482,3
1691873100,1848.0,1848.0,1848.0,1848.0,0.03575102,1
1691874000,1848.0,1848.0,1847.06,1847.19,1.2254338,6
1691874900,1847.19,1848.31,1847.19,1848.31,1.37450238,7
1691876700,1848.38,1849.86,1848.37,1849.66,0.75727269,7
1691877600,1849.23,1849.58,1849.23,1849.58,0.4142404,4
1691878500,1849.99,1849.99,1849.78,1849.78,0.74552378,4
1691879400,1849.24,1849.45,1849.21,1849.27,2.74726593,8
1691880300,1849.88,1849.88,1849.88,1849.88,0.03254021,1
1691881200,1849.82,1849.82,1849.81,1849.81,0.11996,2
1691882100,1849.71,1849.71,1849.71,1849.71,0.02755718,1
1691883900,1849.76,1849.9,1849.76,1849.9,1.0282908,3
1691884800,1850.13,1850.26,1849.61,1849.61,1.29624043,7
1691885700,1849.91,1849.92,1849.91,1849.91,3.53847102,5
1691886600,1849.45,1849.85,1849.45,1849.85,1.25534869,8
1691887500,1850.07,1850.08,1850.07,1850.08,0.79872577,4
1691888400,1851.56,1851.59,1851.54,1851.59,0.5363483,3
1691889300,1851.42,1851.42,1850.52,1850.52,1.21225717,5
1691890200,1851.5,1851.5,1851.5,1851.5,0.05902503,1
1691891100,1851.38,1851.47,1851.37,1851.47,3.27501806,4
1691893800,1851.32,1851.33,1851.32,1851.33,0.14282333,2
1691894700,1850.86,1850.86,1850.6,1850.6,0.0905323,2
1691895600,1850.6,1850.6,1849.42,1849.42,11.92681639,5
1691896500,1849.22,1849.22,1849.22,1849.22,0.32434536,1
1691897400,1849.56,1849.56,1849.51,1849.51,0.14009601,2
1691899200,1849.93,1849.95,1849.93,1849.95,0.02000468,2
1691900100,1849.07,1849.13,1848.79,1848.79,4.67039044,5
1691901000,1848.8,1848.83,1848.8,1848.83,0.35136216,3
1691901900,1849.11,1849.25,1849.06,1849.25,0.49182332,4
1691902800,1848.58,1848.58,1848.58,1848.58,0.22491707,1
1691903700,1848.37,1848.37,1848.37,1848.37,0.81979849,2
1691904600,1848.16,1848.23,1848.16,1848.23,0.81454611,5
1691905500,1848.23,1848.23,1848.23,1848.23,0.22491827,1
1691907300,1849.0,1849.2,1849.0,1849.2,0.08351177,2
1691909100,1849.15,1849.18,1849.15,1849.18,0.065933,2
1691910000,1849.17,1849.17,1849.17,1849.17,0.13666856,1
1691911800,1849.12,1849.27,1849.12,1849.27,1.7434083,5
1691912700,1849.86,1849.86,1849.86,1849.86,0.03788221,1
1691913600,1850.18,1850.39,1850.15,1850.39,0.16746938,3
1691914500,1850.29,1850.29,1850.29,1850.29,0.01618887,1
1691915400,1850.82,1851.47,1850.82,1851.41,1.144831,11
1691916300,1851.3,1851.31,1850.88,1850.88,2.07797076,9
1691917200,1850.94,1851.0,1850.85,1851.0,1.48791994,3
1691919000,1850.3,1850.3,1850.3,1850.3,0.02136361,1
1691919900,1850.99,1850.99,1850.99,1850.99,0.05510624,1
1691920800,1851.15,1851.15,1851.04,1851.11,0.19872863,3
1691921700,1850.7,1850.75,1850.37,1850.48,1.46006632,7
1691922600,1850.63,1850.63,1850.63,1850.63,0.05,1
1691923500,1850.59,1850.59,1850.41,1850.41,1.15131325,5
1691924400,1850.54,1850.55,1849.93,1850.03,6.74237004,13
1691925300,1850.08,1850.28,1850.08,1850.28,0.28497372,2
1691926200,1849.64,1849.64,1849.64,1849.64,0.17984,1
1691927100,1849.47,1849.47,1849.47,1849.47,0.02981,1
1691928000,1849.6,1849.72,1849.6,1849.69,3.55761491,4
1691928900,1849.71,1849.71,1849.37,1849.46,2.67942076,8
1691929800,1849.65,1851.18,1849.64,1851.18,0.71374136,5
1691930700,1851.75,1851.84,1851.59,1851.84,21.52933054,5
1691931600,1850.57,1850.82,1850.56,1850.66,0.34203577,9
1691932500,1850.73,1850.73,1850.72,1850.72,0.19048853,2
1691933400,1849.78,1849.79,1849.63,1849.63,0.92577471,7
1691934300,1849.72,1849.73,1849.71,1849.73,9.23436547,6
1691935200,1849.56,1849.56,1849.35,1849.35,0.08304209,2
1691936100,1849.51,1849.82,1849.5,1849.82,1.08362743,5
1691937000,1850.59,1850.85,1850.59,1850.85,0.05910995,4
1691937900,1850.25,1850.39,1850.22,1850.22,0.14435086,5
1691938800,1849.38,1849.38,1849.05,1849.11,0.55143479,6
1691939700,1849.01,1849.01,1849.0,1849.0,0.74841977,5
1691940600,1849.0,1849.0,1848.28,1848.91,1.8540313,9
1691941500,1848.89,1848.89,1848.27,1848.27,1.15203633,7
1691942400,1848.27,1848.28,1847.3,1847.3,2.16975501,10
1691943300,1847.46,1847.83,1847.33,1847.48,48.19634942,18
1691944200,1847.01,1847.01,1847.01,1847.01,0.2,2
1691945100,1847.01,1847.01,1847.0,1847.0,0.12945755,3
1691946900,1849.78,1851.3,1849.64,1850.93,5.47803653,15
1691947800,1851.35,1851.35,1850.56,1850.56,1.9354296,8
1691948700,1850.68,1850.68,1850.15,1850.29,0.36742081,10
1691949600,1850.32,1851.02,1850.32,1850.86,0.35338465,4
1691950500,1851.1,1851.1,1850.92,1851.03,1.18781558,4
1691951400,1850.96,1852.56,1850.94,1852.56,6.28141995,22
1691952300,1853.52,1855.25,1853.52,1854.09,10.82406221,15
1691953200,1855.78,1855.8,1855.56,1855.56,0.97248,3
1691954100,1855.86,1856.26,1855.86,1856.26,0.79245172,9
1691955000,1856.26,1856.47,1856.26,1856.47,1.75210839,5
1691955900,1857.04,1860.64,1857.04,1857.96,3.05841972,16
1691956800,1858.94,1858.94,1857.71,1858.0,0.05014829,3
1691957700,1857.08,1857.08,1855.5,1855.62,2.03413099,3
1691958600,1855.82,1856.11,1854.97,1855.35,3.81433966,15
1691959500,1854.65,1854.65,1854.44,1854.44,2.81931106,8
1691960400,1854.87,1854.87,1854.55,1854.55,2.51651017,5
1691961300,1852.93,1852.93,1852.93,1852.93,0.03063172,1
1691962200,1851.0,1851.0,1848.36,1849.59,1.33869058,9
1691963100,1848.99,1848.99,1848.36,1848.36,0.1159812,3
1691964000,1847.64,1847.64,1847.0,1847.0,1.47962504,11
1691964900,1846.75,1846.75,1842.17,1843.12,0.69620799,9
1691965800,1842.14,1842.14,1836.1,1838.61,16.05127282,37
1691966700,1839.13,1839.62,1839.13,1839.62,1.97907525,5
1691967600,1838.7,1838.7,1838.7,1838.7,0.17655882,1
1691968500,1839.92,1840.72,1839.92,1840.72,0.08574914,4
1691969400,1841.07,1841.07,1840.71,1840.71,0.08764,4
1691970300,1840.73,1840.73,1840.58,1840.58,1.04998829,2
1691971200,1840.62,1843.02,1840.34,1843.02,0.55624519,7
1691972100,1841.36,1843.68,1841.36,1843.68,0.2268076,5
1691973000,1843.4,1843.4,1840.86,1840.86,0.13093213,3
1691973900,1839.24,1842.23,1839.24,1841.31,2.03902046,3
1691976600,1840.46,1840.46,1840.46,1840.46,0.015,1
1691978400,1841.19,1841.34,1837.54,1837.54,3.0253826,4
1691979300,1838.0,1838.0,1838.0,1838.0,0.21762785,2
1691980200,1840.13,1843.29,1840.13,1843.29,0.10514058,2
1691981100,1845.9,1847.37,1843.51,1843.51,6.52984545,12
1691982000,1845.76,1846.73,1845.18,1845.21,0.86795589,12
1691982900,1845.45,1845.45,1845.45,1845.45,0.03522,1
1691983800,1846.82,1846.99,1846.82,1846.99,0.04835346,2
1691984700,1845.49,1845.49,1845.49,1845.49,0.07,1
1691985600,1846.59,1848.0,1846.58,1848.0,3.7338194,12
1691986500,1848.01,1848.65,1848.01,1848.64,39.94393387,61
1691987400,1848.64,1848.66,1848.64,1848.66,7.0272815,10
1691988300,1848.66,1848.66,1848.01,1848.01,7.02342581,17
1691989200,1848.1,1848.1,1848.1,1848.1,0.011,1
1691991000,1848.1,1848.48,1848.1,1848.24,0.40018231,4
1691991900,1848.67,1850.67,1848.67,1850.67,0.08161868,4
1691993700,1849.32,1849.36,1849.1,1849.1,3.15785223,6
1691994600,1849.4,1849.4,1849.26,1849.26,0.19041677,3
1691995500,1849.58,1849.61,1849.58,1849.61,0.15439972,2
1691996400,1849.51,1849.51,1849.51,1849.51,0.00848101,1
1691997300,1849.5,1849.57,1849.5,1849.56,4.18721556,12
1691998200,1849.73,1849.73,1849.73,1849.73,0.11963,1
1691999100,1848.99,1848.99,1848.99,1848.99,0.75663814,1
1692000000,1850.47,1851.62,1850.46,1851.62,3.34549266,4
1692000900,1851.6,1851.6,1850.85,1851.01,45.77631292,25
1692001800,1851.88,1851.88,1850.66,1850.66,0.81289279,5
1692002700,1850.65,1850.66,1850.65,1850.65,0.08567883,4
1692003600,1850.66,1850.66,1850.0,1850.01,3.61078733,11
1692004500,1850.0,1850.0,1850.0,1850.0,1.0041,2
1692005400,1850.0,1850.01,1850.0,1850.01,0.72160968,6
1692006300,1850.0,1850.0,1848.88,1848.88,0.12240473,3
1692007200,1849.17,1849.21,1849.17,1849.17,4.98255076,6
1692008100,1848.98,1849.1,1848.86,1849.1,1.69897476,7
1692009000,1849.03,1849.61,1848.9,1849.61,1.1087636,7
1692009900,1849.49,1849.79,1849.23,1849.79,0.96340352,18
1692010800,1849.97,1849.97,1849.07,1849.07,6.07484123,6
1692011700,1849.09,1849.16,1848.09,1848.1,0.62795071,18
1692012600,1848.09,1848.09,1846.94,1846.94,2.69960526,6
1692013500,1847.18,1848.18,1847.18,1848.08,0.92318301,6
1692014400,1848.07,1848.15,1848.01,1848.06,0.07129392,5
1692015300,1846.89,1846.89,1845.91,1845.91,6.15649349,11
1692016200,1846.18,1847.26,1845.92,1845.92,6.94355034,5
1692017100,1845.57,1847.09,1845.57,1846.81,2.39886423,9
1692018000,1846.21,1846.21,1845.88,1845.88,10.27697916,6
1692018900,1844.91,1845.89,1844.89,1845.54,3.00375047,9
1692019800,1845.3,1845.71,1844.92,1845.18,0.47143944,8
1692020700,1844.96,1846.3,1844.96,1846.3,1.04807968,2
1692021600,1846.25,1847.55,1846.09,1847.55,1.43832296,8
1692022500,1848.84,1849.72,1848.1,1848.69,2.33267785,14
1692023400,1849.86,1852.31,1849.86,1852.31,2.13818123,4
1692024300,1852.63,1854.26,1851.99,1852.48,4.82211162,23
1692025200,1852.25,1852.89,1850.36,1851.45,65.36795382,33
1692026100,1852.49,1854.29,1851.0,1854.29,1.61894934,12
1692027000,1854.29,1855.86,1854.29,1855.86,6.47203476,14
1692027900,1855.4,1855.4,1853.89,1854.65,0.62700601,4
1692028800,1853.48,1853.92,1853.48,1853.83,3.93174278,10
1692029700,1854.5,1855.15,1853.16,1854.9,1.86052625,13
1692030600,1854.91,1855.47,1854.91,1855.47,7.39444918,8
1692031500,1855.79,1855.79,1852.62,1853.48,15.49420828,20
1692032400,1853.36,1853.88,1853.36,1853.88,1.40093988,5
1692033300,1853.35,1853.36,1853.35,1853.36,0.05395605,2
1692034200,1851.0,1851.0,1849.86,1849.87,54.83192165,28
1692035100,1849.86,1850.12,1847.49,1847.84,19.16408786,22
1692036000,1847.49,1847.94,1841.55,1843.54,58.4186706,34
1692036900,1842.27,1845.2,1842.27,1844.86,1.12217598,9
1692037800,1843.76,1845.35,1843.75,1845.3,26.63813405,24
1692038700,1842.7,1842.91,1842.69,1842.91,4.46524405,4
1692039600,1841.81,1841.81,1841.72,1841.72,2.94093415,4
1692040500,1842.12,1843.02,1841.99,1842.98,5.79241446,18
1692041400,1843.07,1843.71,1842.77,1843.71,5.7621913,6
1692042300,1843.72,1844.05,1842.0,1842.06,391.33929346,112
1692043200,1842.26,1842.26,1841.28,1841.51,45.87833606,35
1692044100,1841.51,1843.33,1841.51,1843.17,44.74029672,55
1692045000,1844.84,1845.4,1844.84,1845.4,0.44205632,3
1692045900,1845.47,1845.51,1845.11,1845.11,7.14679484,7
1692046800,1845.87,1846.06,1845.43,1845.75,21.56860591,13
1692047700,1845.71,1845.71,1845.24,1845.24,1.39529879,4
1692048600,1845.03,1845.74,1845.03,1845.74,0.20039401,3
1692049500,1845.97,1845.97,1845.78,1845.78,0.18468683,2
1692050400,1845.78,1845.79,1845.18,1845.18,0.3023684,4
1692051300,1845.53,1845.83,1845.53,1845.83,0.25158212,3
1692052200,1846.03,1846.19,1846.02,1846.19,1.77376,3
1692053100,1846.11,1846.11,1846.11,1846.11,0.18678605,1
1692054000,1846.11,1846.11,1846.11,1846.11,0.00560358,1
1692054900,1846.11,1846.11,1846.1,1846.1,5.40381712,9
1692056700,1846.11,1846.11,1846.11,1846.11,0.31456553,2
1692057600,1846.11,1846.11,1846.1,1846.11,44.20438143,78
1692058500,1846.11,1846.12,1846.11,1846.12,0.05336736,2
1692059400,1846.11,1846.11,1846.11,1846.11,0.02705408,1
1692061200,1847.45,1847.49,1847.2,1847.49,1.60259071,5
1692062100,1846.64,1846.64,1846.64,1846.64,0.02561189,1
1692063900,1846.41,1846.41,1846.41,1846.41,0.06669991,1
1692064800,1846.11,1846.11,1846.11,1846.11,0.29047228,2
1692065700,1846.11,1846.12,1846.11,1846.12,0.02380374,2
1692067500,1846.11,1846.11,1843.82,1843.82,59.90615927,20
1692068400,1844.03,1844.03,1843.86,1843.86,0.26931923,5
1692069300,1844.18,1844.18,1844.18,1844.18,0.11929421,1
1692071100,1844.43,1844.44,1844.43,1844.44,12.37019573,3
1692072000,1844.74,1844.74,1844.67,1844.69,0.22312,3
1692073800,1844.03,1844.03,1844.03,1844.03,0.03043553,1
1692075600,1844.0,1844.0,1844.0,1844.0,2.8,1
1692076500,1843.0,1843.64,1843.0,1843.64,1.1170619,4
1692078300,1843.44,1843.44,1842.25,1842.25,12.13021713,20
1692079200,1843.65,1843.65,1843.48,1843.48,0.32591,2
1692080100,1843.7,1843.7,1842.88,1842.88,8.25877279,3
1692081000,1842.6,1842.69,1842.45,1842.45,0.28290513,4
1692081900,1842.07,1842.07,1842.07,1842.07,0.05135686,1
1692082800,1841.97,1841.97,1841.82,1841.82,0.38555781,2
1692083700,1841.71,1841.88,1841.52,1841.52,0.47077794,4
1692084600,1841.52,1842.55,1841.52,1842.51,8.51267616,6
1692085500,1843.85,1843.85,1843.67,1843.67,0.19782997,2
1692087300,1843.92,1844.61,1843.26,1843.26,250.01004088,84
1692088200,1843.84,1844.67,1842.84,1844.57,100.26549326,42
1692089100,1844.41,1844.41,1843.34,1843.34,4.53445813,8
1692090000,1843.52,1844.45,1843.52,1844.45,0.21232321,2
1692090900,1844.54,1844.97,1844.54,1844.97,0.34894634,4
1692091800,1844.62,1844.62,1844.22,1844.22,2.42770378,12
1692092700,1844.22,1844.22,1843.08,1843.12,0.15070112,5
1692093600,1843.66,1843.66,1842.44,1842.44,0.81841816,12
1692094500,1843.45,1843.48,1843.05,1843.05,0.911472,3
1692095400,1843.15,1843.52,1842.95,1843.48,3.60365671,9
1692096300,1843.17,1843.17,1842.78,1843.0,2.38128899,12
1692097200,1842.89,1842.89,1842.52,1842.52,1.39653666,4
1692098100,1842.95,1842.98,1842.95,1842.98,0.26605929,2
1692099000,1841.51,1841.51,1839.9,1840.09,0.71867198,6
1692099900,1841.1,1841.32,1840.21,1840.22,22.13458144,10
1692100800,1839.84,1840.09,1839.84,1839.95,4.27904151,13
1692101700,1839.97,1841.96,1839.97,1841.69,58.02302069,67
1692102600,1841.95,1842.48,1841.95,1842.07,0.28157653,17
1692103500,1842.98,1842.98,1842.55,1842.55,0.81622659,7
1692104400,1842.17,1842.97,1842.13,1842.97,5.06525085,7
1692105300,1842.97,1844.7,1842.97,1844.64,7.63936075,10
1692106200,1844.6,1844.6,1842.51,1842.51,3.53575169,8
1692107100,1842.38,1842.38,1841.54,1841.55,0.16631005,4
1692108000,1841.0,1844.74,1839.36,1842.85,51.6837035,24
1692108900,1843.18,1844.37,1842.64,1844.37,7.15862204,16
1692109800,1844.7,1844.89,1843.71,1843.89,5.42178071,11
1692110700,1844.31,1844.41,1844.3,1844.41,0.76196888,4
1692111600,1844.36,1844.97,1843.29,1843.29,2.39275481,4
1692112500,1842.62,1842.64,1841.24,1841.32,16.16732963,16
1692113400,1841.8,1841.8,1840.59,1840.59,0.55309092,4
1692114300,1839.85,1841.12,1839.85,1840.91,6.18017345,7
1692115200,1840.77,1840.93,1840.17,1840.17,0.31023374,7
1692116100,1840.25,1841.77,1840.25,1841.06,0.21152585,7
1692117000,1841.72,1841.74,1839.76,1839.77,1.41442173,10
1692117900,1839.76,1839.77,1839.0,1839.0,2.43970714,10
1692118800,1839.01,1839.45,1839.01,1839.16,2.5692897,6
1692119700,1839.22,1840.7,1839.22,1840.7,16.21057756,15
1692120600,1840.87,1840.94,1840.82,1840.82,0.08058299,4
1692121500,1840.77,1840.93,1840.28,1840.28,67.46443146,28
1692122400,1841.03,1841.03,1839.52,1839.56,0.70770362,6
1692123300,1839.68,1840.12,1839.54,1840.12,0.458496,6
1692124200,1841.07,1842.36,1841.03,1842.36,0.84006177,4
1692125100,1840.81,1841.58,1840.27,1840.51,0.58175626,4
1692126000,1840.15,1840.15,1814.51,1821.9,82.76378299,272
1692126900,1821.9,1825.91,1821.9,1824.33,21.25092445,40
1692127800,1823.1,1825.22,1823.1,1825.22,0.08953486,2
1692128700,1826.4,1829.07,1826.4,1828.29,3.34585297,11
1692129600,1827.79,1828.6,1825.75,1828.6,36.96719775,37
1692130500,1828.92,1831.2,1828.47,1831.2,9.55426554,18
1692131400,1830.2,1831.27,1830.2,1831.26,0.14771396,6
1692132300,1830.95,1830.95,1828.99,1828.99,0.76531536,2
1692134100,1830.1,1830.29,1829.66,1829.89,6.53196613,10
1692135000,1831.23,1831.45,1829.92,1829.92,0.24691719,4
1692135900,1829.91,1830.77,1829.91,1829.91,12.5794898,5
1692136800,1829.91,1829.92,1829.91,1829.91,3.57415285,13
1692137700,1830.18,1830.81,1829.92,1829.92,0.54573566,4
1692138600,1829.91,1829.92,1829.91,1829.91,1.01461249,11
1692139500,1829.91,1829.91,1829.91,1829.91,40.66350529,9
1692140400,1828.56,1830.42,1828.56,1830.42,0.17928081,2
1692142200,1828.76,1829.25,1828.75,1829.25,1.10021,4
1692143100,1828.66,1828.66,1828.66,1828.66,0.32325667,1
1692144000,1829.68,1829.68,1829.68,1829.68,0.09309,2
1692144900,1830.5,1830.5,1829.6,1829.6,0.16389081,4
1692145800,1828.31,1828.31,1828.31,1828.31,0.0722955,1
1692147600,1829.1,1829.18,1827.96,1828.21,0.19766151,9
1692148500,1828.44,1829.68,1828.44,1829.68,0.4663536,3
1692149400,1829.12,1829.12,1829.12,1829.12,0.04731131,1
1692150300,1829.45,1829.53,1829.45,1829.53,4.05204415,3
1692151200,1829.54,1829.54,1829.54,1829.54,0.00627922,1
1692152100,1829.54,1830.99,1829.54,1830.31,150.15369406,46
1692153000,1830.36,1830.74,1830.36,1830.74,0.04869669,2
1692153900,1831.0,1831.54,1831.0,1831.49,0.66845985,4
1692154800,1831.28,1831.28,1831.28,1831.28,0.21321049,1
1692155700,1830.37,1830.38,1830.37,1830.38,0.30758777,2
1692156600,1829.53,1830.14,1829.53,1830.14,1.04544281,5
1692157500,1830.1,1830.1,1830.01,1830.01,0.74747884,3
1692158400,1829.1,1829.1,1829.04,1829.04,0.48728182,2
1692159300,1829.15,1829.3,1829.15,1829.3,2.47528856,4
1692160200,1828.23,1828.51,1827.48,1828.51,2.59435407,9
1692162000,1826.11,1826.33,1826.11,1826.26,0.72836094,4
1692163800,1825.29,1825.29,1823.62,1823.62,1.26678237,2
1692164700,1822.71,1823.89,1822.32,1823.89,0.42545845,4
1692165600,1823.56,1823.56,1820.83,1820.84,0.92665108,7
1692166500,1823.81,1824.38,1823.37,1823.41,2.57348689,7
1692167400,1824.15,1825.49,1824.15,1825.0,0.90985291,7
1692168300,1825.55,1825.55,1824.73,1824.73,0.55610618,2
1692169200,1826.63,1826.63,1826.63,1826.63,0.16037882,1
1692170100,1826.8,1826.8,1826.8,1826.8,1.16999999,4
1692171000,1826.75,1828.31,1826.41,1828.31,0.94790556,6
1692171900,1828.52,1828.74,1827.59,1827.59,1.47303104,5
1692172800,1827.31,1827.75,1827.28,1827.75,46.97065776,19
1692173700,1827.0,1827.0,1824.7,1824.7,2.64759335,10
1692174600,1824.68,1827.63,1824.68,1826.91,2.22684172,8
1692175500,1825.96,1825.96,1825.39,1825.39,0.17385778,2
1692176400,1824.59,1824.59,1824.49,1824.51,1.31933272,6
1692177300,1824.48,1825.0,1822.74,1822.74,2.75619407,11
1692178200,1822.75,1823.13,1821.63,1821.63,0.44936369,4
1692179100,1823.84,1824.05,1823.09,1823.09,0.49381041,8
1692180000,1824.82,1824.82,1824.16,1824.36,0.62920737,6
1692181800,1824.69,1826.1,1824.69,1826.1,18.0785935,4
1692182700,1826.34,1826.7,1826.33,1826.7,23.24210033,11
1692183600,1826.75,1826.76,1826.7,1826.7,5.39097437,5
1692184500,1826.71,1826.71,1826.25,1826.56,17.50699005,12
1692185400,1826.55,1826.56,1824.69,1824.69,33.8037547,12
1692186300,1823.96,1823.96,1823.57,1823.93,0.53102313,4
1692187200,1824.81,1824.81,1824.27,1824.27,0.41136612,4
1692188100,1823.8,1823.8,1821.22,1821.22,0.72534174,7
1692189000,1822.21,1826.08,1821.41,1825.39,30.45876889,33
1692189900,1826.56,1826.56,1825.81,1825.81,4.00683941,7
1692190800,1825.81,1825.81,1824.84,1824.97,0.60123916,7
1692191700,1822.42,1822.51,1821.7,1821.7,0.78606752,6
1692192600,1822.4,1823.05,1820.75,1823.05,30.90431562,24
1692193500,1823.8,1824.63,1822.01,1822.03,36.68230072,24
1692194400,1822.01,1823.99,1820.62,1823.47,2.24549667,11
1692195300,1823.82,1824.49,1823.82,1824.47,1.78461876,8
1692196200,1825.3,1825.33,1825.04,1825.33,23.73115,14
1692197100,1824.77,1826.11,1824.77,1826.11,0.56208311,2
1692198000,1826.34,1826.34,1826.34,1826.34,0.03683,1
1692198900,1825.29,1825.29,1824.51,1824.79,1.619031,6
1692199800,1824.94,1824.94,1823.06,1823.06,3.69597696,7
1692200700,1822.84,1822.84,1821.3,1821.3,0.2414589,4
1692201600,1820.75,1820.88,1817.68,1818.32,71.49090936,39
1692202500,1819.39,1820.2,1817.25,1817.26,3.32912707,11
1692203400,1817.24,1818.43,1817.0,1818.43,2.85857287,15
1692204300,1821.02,1822.06,1821.02,1821.99,0.58167717,4
1692205200,1821.91,1821.91,1821.14,1821.14,5.54345769,6
1692206100,1821.35,1823.0,1820.24,1823.0,2.03380716,13
1692207000,1825.19,1825.37,1824.55,1824.55,0.11809934,3
1692207900,1824.87,1824.87,1824.87,1824.87,0.07512261,1
1692208800,1825.78,1825.78,1824.55,1824.55,1.79600188,8
1692209700,1824.74,1828.0,1824.74,1826.77,17.10964828,15
1692210600,1828.0,1828.0,1827.49,1827.49,0.55629626,6
1692211500,1827.28,1827.28,1823.88,1823.88,25.81183146,19
1692212400,1823.38,1823.38,1822.08,1822.6,0.56640682,9
1692213300,1822.58,1822.58,1820.42,1820.89,10.21193124,11
1692214200,1820.76,1822.46,1820.75,1822.46,0.19158,4
1692215100,1822.06,1822.23,1821.79,1821.84,6.08748097,9
1692216000,1821.08,1822.69,1821.07,1822.69,0.06407637,3
1692216900,1822.31,1822.31,1804.11,1805.72,45.94800102,184
1692217800,1807.0,1809.72,1797.54,1804.07,64.20202346,143
1692218700,1806.64,1809.55,1806.62,1808.48,2.95790038,20
1692219600,1809.08,1809.08,1804.27,1804.91,86.51266007,54
1692220500,1806.6,1807.05,1804.32,1806.74,1.00668682,10
1692221400,1808.37,1809.55,1808.37,1809.35,8.77257014,5
1692222300,1808.86,1811.34,1808.86,1810.62,0.76392983,7
1692223200,1811.41,1814.81,1811.41,1814.81,2.3060082,11
1692224100,1814.75,1814.75,1813.26,1813.92,0.71844497,4
1692225000,1813.75,1813.75,1810.44,1810.77,404.62985385,117
1692225900,1811.04,1812.33,1811.04,1811.99,15.88023815,10
1692226800,1811.7,1811.7,1808.97,1809.67,361.07712446,105
1692227700,1809.73,1811.13,1809.06,1809.06,0.38470531,7
1692228600,1809.99,1809.99,1806.49,1808.27,1.48740696,8
1692229500,1807.5,1809.83,1807.5,1808.63,4.21383814,17
1692230400,1807.83,1807.88,1806.64,1807.88,19.30685649,55
1692231300,1807.88,1808.83,1806.39,1808.24,0.98845478,8
1692232200,1806.15,1806.52,1788.52,1791.35,46.28232275,163
1692233100,1789.61,1796.51,1780.77,1796.51,98.57400046,133
1692234000,1796.55,1798.49,1796.13,1797.14,0.57666276,16
1692234900,1796.25,1798.95,1796.24,1798.95,6.00822173,12
1692235800,1799.25,1799.25,1796.05,1798.45,1.45434412,7
1692236700,1796.05,1796.05,1795.69,1795.69,1.05543012,2
1692237600,1798.75,1798.75,1798.06,1798.06,0.32777992,4
1692239400,1799.85,1801.0,1799.14,1799.14,1.24403646,8
1692240300,1796.54,1796.54,1794.71,1795.27,58.2938217,23
1692241200,1796.59,1796.59,1796.47,1796.51,1.17095243,4
1692242100,1796.41,1797.25,1796.41,1797.25,1.26574289,10
1692243000,1799.26,1800.41,1799.26,1800.07,2.46072614,6
1692243900,1800.91,1800.91,1798.47,1798.47,0.70089964,9
1692244800,1798.57,1798.68,1798.01,1798.01,5.4744353,8
1692245700,1798.01,1800.38,1798.01,1800.38,1.4034286,6
1692246600,1798.61,1798.61,1798.6,1798.6,1.13123728,4
1692247500,1798.83,1799.07,1798.83,1799.07,0.73028896,7
1692248400,1799.56,1799.72,1798.81,1799.47,2.07414286,10
1692251100,1801.0,1801.96,1800.99,1801.96,1.3221761,9
1692252000,1801.95,1801.96,1801.48,1801.66,11.78660898,15
1692252900,1800.47,1801.97,1800.47,1801.97,4.02209765,8
1692253800,1801.31,1801.33,1801.31,1801.33,0.12076152,2
1692254700,1802.37,1802.59,1802.37,1802.58,4.01821355,8
1692255600,1802.39,1802.59,1801.75,1801.75,1.09736075,8
1692256500,1801.74,1801.74,1800.49,1800.59,18.58891907,41
1692257400,1800.45,1800.46,1800.45,1800.45,2.00685027,9
1692258300,1800.45,1800.45,1798.41,1799.78,10.17297122,30
1692259200,1799.91,1799.97,1798.7,1798.7,3.13300347,10
1692260100,1798.3,1798.3,1798.29,1798.29,2.33357424,4
1692261000,1798.0,1798.0,1796.84,1797.04,10.91508976,14
1692261900,1796.32,1796.32,1793.55,1793.55,0.46285103,6
1692262800,1793.54,1793.54,1786.91,1792.26,77.52596298,56
1692263700,1793.6,1795.71,1793.6,1794.11,7.28886614,8
1692264600,1794.11,1794.35,1792.69,1793.56,21.06453258,56
1692265500,1794.03,1794.7,1793.36,1793.36,4.42383409,10
1692268200,1792.85,1793.68,1790.0,1790.0,30.289141,24
1692269100,1786.91,1788.46,1786.91,1788.46,4.04617803,11
1692270000,1788.46,1788.46,1785.64,1785.99,18.98963703,17
1692270900,1786.08,1786.47,1784.96,1785.54,2.65040487,10
1692271800,1786.27,1788.11,1786.27,1788.11,0.29646852,4
1692272700,1788.45,1788.45,1788.1,1788.1,2.19409998,5
1692273600,1788.0,1788.01,1788.0,1788.01,4.95561226,9
1692274500,1788.0,1788.46,1786.64,1788.46,6.36732869,6
1692275400,1788.46,1791.81,1788.46,1790.5,9.50091597,20
1692276300,1791.06,1792.38,1790.58,1790.7,0.79083032,8
1692277200,1789.91,1789.91,1788.14,1788.15,1.05710947,11
1692278100,1789.14,1791.5,1789.14,1791.5,0.41637384,4
1692279000,1790.35,1790.48,1790.35,1790.48,4.92700168,2
1692279900,1788.0,1788.0,1786.15,1786.15,0.47917496,7
1692280800,1786.41,1787.28,1784.7,1784.7,6.64958842,18
1692281700,1785.1,1787.0,1784.13,1786.8,22.88706615,31
1692282600,1785.28,1785.28,1779.43,1779.43,27.53027219,41
1692283500,1782.7,1782.97,1779.34,1780.23,19.01430809,18
1692284400,1778.79,1778.98,1763.8,1775.67,35.31450722,152
1692285300,1778.48,1779.43,1770.0,1770.0,10.14751058,27
1692286200,1770.04,1770.78,1729.23,1740.06,329.97342389,407
1692287100,1740.59,1746.2,1736.86,1741.54,70.27514137,81
1692288000,1740.83,1742.56,1727.23,1732.44,27.80579332,85
1692288900,1733.25,1738.55,1733.25,1738.55,10.9518832,42
1692289800,1739.69,1748.22,1739.69,1747.4,28.91304068,32
1692290700,1746.59,1746.59,1739.32,1739.32,15.32691662,41
1692291600,1741.46,1745.09,1740.98,1742.55,16.70252729,21
1692292500,1743.15,1744.74,1742.78,1742.78,11.19335447,13
1692293400,1744.43,1744.55,1740.01,1740.01,32.54283803,25
1692294300,1740.01,1740.92,1738.52,1740.92,20.68265914,28
1692295200,1742.68,1743.52,1741.16,1741.16,10.58670968,24
1692296100,1741.16,1743.37,1740.62,1740.62,7.39166573,19
1692297000,1740.01,1740.01,1736.87,1736.87,4.15628384,16
1692297900,1736.08,1736.93,1735.85,1735.85,9.19786859,7
1692298800,1735.85,1738.0,1735.84,1737.45,1.25097369,10
1692299700,1738.0,1740.82,1737.83,1739.23,17.93353761,23
1692300600,1740.41,1740.61,1739.8,1739.8,5.94598316,7
1692301500,1739.79,1739.85,1739.79,1739.85,0.0514,3
1692302400,1738.97,1739.32,1737.28,1737.28,21.34093148,24
1692303300,1735.85,1735.85,1734.08,1734.08,3.33703844,11
1692304200,1735.16,1735.17,1725.93,1729.18,9.527357,36
1692305100,1729.18,1729.18,1709.5,1718.37,69.50715802,133
1692306000,1721.55,1722.34,1711.85,1712.0,8.46331176,26
1692306900,1713.47,1721.2,1713.46,1717.15,10.80257526,37
1692307800,1717.15,1718.36,1560.72,1561.51,3274.75679818,1529
1692308700,1561.52,1627.2,1550.0,1622.62,764.26854391,1318
1692309600,1620.52,1629.55,1608.23,1615.4,136.82657211,240
1692310500,1614.0,1808.99,1614.0,1641.64,407.16776548,897
1692311400,1642.47,1645.81,1636.89,1640.51,44.84024095,91
1692312300,1641.13,1708.9,1640.5,1697.19,118.7687464,236
1692313200,1695.32,1715.73,1678.71,1710.79,131.1402792,234
1692314100,1708.06,1708.67,1690.57,1692.0,62.01656156,63
1692315000,1692.0,1695.85,1677.07,1692.59,22.16491103,61
1692315900,1689.0,1689.0,1682.53,1683.41,11.4675369,14
1692316800,1681.9,1696.5,1681.9,1696.5,15.63671778,43
1692317700,1696.78,1697.48,1693.16,1696.68,1.2847666,11
1692318600,1694.83,1694.83,1688.35,1690.58,9.30577413,21
1692319500,1690.58,1690.58,1689.56,1689.56,3.60126692,17
1692320400,1696.18,1696.18,1686.67,1686.67,18.32144995,16
1692321300,1685.08,1690.79,1685.08,1690.79,1.85565177,15
1692322200,1688.04,1689.67,1686.2,1689.67,41.20192109,14
1692323100,1688.67,1688.67,1685.83,1685.83,0.26610148,5
1692324000,1689.38,1694.24,1689.35,1693.84,1.09257604,8
1692324900,1688.0,1688.0,1687.84,1687.85,0.07424,4
1692325800,1688.03,1688.03,1682.3,1682.3,4.18421748,15
1692326700,1681.0,1682.12,1679.22,1679.22,41.62025884,22
1692327600,1677.83,1679.1,1673.34,1673.34,18.44363366,76
1692328500,1675.27,1678.0,1673.5,1678.0,60.76309222,23
1692329400,1678.06,1681.99,1678.06,1681.53,5.94506095,9
1692330300,1677.32,1677.47,1673.39,1675.81,50.41146441,18
1692331200,1678.29,1678.29,1677.09,1677.51,0.96364261,6
1692332100,1675.9,1676.38,1665.46,1668.48,17.68150777,50
1692333000,1669.0,1670.97,1665.73,1670.88,13.38782161,29
1692333900,1669.8,1669.8,1665.97,1668.56,4.23344811,14
1692334800,1668.79,1671.83,1668.63,1671.83,8.64228381,19
1692335700,1671.37,1674.28,1671.31,1674.28,7.24452422,19
1692336600,1676.31,1682.93,1675.71,1679.35,6.10651394,22
1692337500,1680.47,1680.64,1680.0,1680.01,6.35981773,19
1692338400,1681.07,1693.06,1681.07,1692.96,7.90174875,34
1692339300,1693.62,1693.91,1689.35,1689.85,14.48232712,25
1692340200,1690.3,1696.01,1690.3,1696.01,20.03034345,21
1692341100,1692.44,1692.44,1689.63,1690.52,1.56242677,10
1692342000,1691.81,1693.2,1690.01,1690.01,1.84404216,14
1692342900,1690.0,1690.6,1688.86,1688.86,8.8547974,20
1692343800,1688.34,1690.04,1688.29,1689.76,57.57086048,14
1692344700,1689.66,1692.11,1689.66,1690.45,12.02077783,21
1692345600,1690.79,1692.68,1689.99,1691.71,14.18909563,22
1692346500,1691.71,1691.71,1684.9,1684.9,113.91344159,28
1692347400,1684.37,1687.93,1684.37,1687.93,20.21614611,21
1692348300,1688.12,1695.68,1687.0,1695.62,4.75977397,13
1692349200,1694.89,1694.89,1690.79,1691.54,11.7167678,21
1692350100,1691.06,1692.34,1688.24,1688.92,8.61875841,21
1692351000,1688.79,1688.89,1686.68,1687.43,1.47070888,16
1692351900,1686.66,1686.66,1685.0,1685.0,4.35801554,19
1692352800,1685.14,1685.99,1683.37,1683.37,1.91077526,18
1692353700,1685.83,1685.83,1683.27,1683.27,23.83062933,16
1692354600,1683.31,1686.16,1683.23,1683.42,4.81263707,18
1692355500,1683.67,1684.01,1682.31,1683.09,14.93620309,13
1692356400,1683.27,1684.49,1682.47,1684.45,24.48681844,31
1692357300,1685.1,1685.1,1680.0,1680.0,8.85923963,17
1692358200,1680.91,1688.8,1679.38,1687.23,2.60939809,14
1692359100,1686.58,1689.2,1686.33,1686.33,9.61619177,17
1692360000,1686.36,1686.36,1681.75,1682.1,14.48900752,20
1692360900,1682.27,1682.27,1680.81,1681.22,5.09914009,7
1692361800,1680.8,1683.21,1680.35,1680.83,4.89558434,23
1692362700,1681.72,1681.72,1678.48,1678.48,733.30333146,54
1692363600,1678.68,1679.0,1677.99,1678.0,67.84617798,26
1692364500,1678.0,1678.49,1675.14,1675.64,223.40243999,22
1692365400,1675.17,1683.34,1675.17,1679.47,20.73236124,28
1692366300,1684.19,1684.19,1672.13,1672.64,126.79315439,42
1692367200,1673.69,1675.04,1671.0,1671.0,8.11735669,21
1692368100,1670.45,1670.78,1665.56,1666.43,10.56009605,28
1692369000,1669.29,1671.05,1669.25,1669.92,12.96317768,42
1692370800,1671.2,1673.4,1667.96,1672.35,7.16719436,20
1692371700,1672.83,1676.69,1667.17,1668.56,40.1870802,22
1692372600,1668.02,1668.46,1661.28,1663.34,31.26870597,39
1692373500,1665.49,1665.49,1660.0,1661.27,6.39908217,16
1692374400,1661.85,1667.53,1661.21,1666.44,11.114233,21
1692375300,1666.44,1666.44,1660.62,1660.62,4.53078844,11
1692376200,1661.59,1665.31,1661.42,1665.31,1.21294319,7
1692377100,1666.36,1667.11,1657.29,1660.41,16.10439573,27
1692378000,1663.06,1663.44,1643.3,1651.1,64.42358773,147
1692378900,1653.75,1657.45,1647.05,1653.84,6.41540876,24
1692379800,1657.33,1666.45,1656.69,1664.76,8.05108758,35
1692380700,1664.95,1666.67,1662.74,1662.74,50.39152872,48
1692381600,1662.52,1662.52,1658.27,1658.27,3.01431234,8
1692382500,1656.25,1662.0,1656.24,1659.23,16.29379683,5
1692383400,1660.95,1667.43,1660.06,1666.96,14.9077045,9
1692384300,1668.47,1677.12,1667.8,1668.05,16.22885986,43
1692385200,1668.02,1668.02,1659.07,1661.49,15.59505252,34
1692386100,1659.54,1660.33,1658.81,1659.71,0.36398474,8
1692387000,1658.81,1658.81,1658.56,1658.56,0.04830786,3
1692387900,1658.48,1663.34,1656.39,1656.39,4.63031759,16
1692388800,1657.78,1661.38,1657.03,1661.38,3.08046255,9
1692389700,1662.09,1667.31,1662.09,1666.96,10.42206331,21
1692390600,1663.56,1663.71,1663.07,1663.71,1.13272,4
1692391500,1662.27,1662.27,1658.99,1658.99,0.65039796,5
1692392400,1659.61,1664.19,1659.61,1664.19,13.30311509,10
1692393300,1667.43,1667.6,1666.64,1666.65,0.31838899,7
1692394200,1667.5,1667.51,1664.91,1667.16,0.72062643,5
1692395100,1665.13,1665.13,1663.22,1663.32,0.8714013,6
1692396000,1662.32,1664.63,1662.32,1664.45,0.13761012,4
1692396900,1664.24,1664.24,1662.26,1662.4,24.80365634,12
1692397800,1663.69,1663.69,1663.62,1663.69,0.43281603,6
1692398700,1663.44,1663.44,1662.46,1662.46,2.00856443,8
1692399600,1663.29,1664.49,1663.29,1664.49,0.67405,3
1692400500,1662.32,1662.32,1661.0,1662.05,1.22103778,10
1692401400,1661.89,1661.89,1659.68,1659.68,0.12128701,2
1692403200,1661.22,1664.0,1661.22,1663.9,0.42180828,11
1692404100,1663.88,1663.99,1662.02,1662.66,1.81122669,14
1692405000,1664.0,1670.17,1664.0,1670.16,9.18010543,37
1692405900,1669.54,1669.54,1668.55,1669.39,1.14748716,6
1692406800,1668.95,1668.96,1666.81,1666.81,1.21585011,6
1692407700,1665.37,1665.37,1663.91,1663.92,0.11179693,3
1692408600,1664.99,1664.99,1662.29,1663.49,1.11953976,5
1692409500,1663.07,1663.07,1662.09,1662.09,0.1461736,2
1692410400,1661.36,1662.21,1661.14,1661.65,1.25301347,10
1692411300,1660.47,1661.89,1660.47,1661.89,6.64757769,11
1692412200,1660.93,1661.41,1660.93,1661.41,2.80128752,7
1692413100,1660.23,1660.23,1659.91,1659.91,0.61072037,2
1692414000,1659.69,1659.69,1658.81,1658.81,0.49471209,6
1692414900,1657.21,1657.21,1657.21,1657.21,0.5,1
1692415800,1659.2,1659.52,1658.88,1658.93,1.47812233,11
1692416700,1658.78,1659.46,1658.78,1659.46,14.90096805,5
1692417600,1659.46,1659.46,1658.42,1658.92,156.69715926,33
1692418500,1658.66,1659.28,1658.63,1659.28,29.11851066,6
1692419400,1659.47,1660.08,1659.47,1660.08,0.11894858,4
1692420300,1661.32,1661.86,1661.32,1661.86,0.35223612,3
1692421200,1661.95,1661.95,1660.38,1661.22,0.50236579,3
1692422100,1660.12,1660.28,1659.68,1659.78,3.40036101,7
1692423000,1658.21,1658.21,1656.63,1656.84,0.06721301,4
1692423900,1656.85,1656.96,1656.2,1656.96,24.19388443,9
1692424800,1657.78,1657.88,1657.78,1657.78,0.83377018,7
1692425700,1657.51,1657.51,1657.51,1657.51,0.02865,1
1692426600,1658.85,1659.52,1656.66,1656.66,1.16389248,8
1692427500,1657.3,1657.31,1655.85,1655.85,0.0409,3
1692428400,1655.55,1655.71,1655.55,1655.71,1.10059837,12
1692429300,1655.55,1655.55,1654.99,1655.0,6.43506891,21
1692430200,1655.0,1660.83,1655.0,1660.83,10.0981763,15
1692431100,1660.6,1661.39,1660.6,1661.39,2.76342914,7
1692432000,1662.28,1662.68,1659.84,1661.95,1.72840482,9
1692432900,1664.07,1665.01,1663.48,1665.01,0.55118542,6
1692433800,1663.47,1663.47,1660.61,1661.01,1.1424917,7
1692434700,1660.67,1661.6,1660.67,1661.6,0.12370215,3
1692435600,1662.2,1662.2,1660.62,1661.56,1.24013116,6
1692436500,1660.27,1660.83,1660.27,1660.83,0.04535351,4
1692437400,1660.63,1661.93,1660.27,1661.89,4.92476098,13
1692438300,1663.44,1663.44,1663.44,1663.44,0.15395069,1
1692439200,1663.77,1663.77,1663.51,1663.58,0.51060274,3
1692440100,1663.2,1663.21,1662.92,1662.92,1.29697047,8
1692441000,1662.64,1662.64,1661.13,1661.76,3.70468538,13
1692441900,1661.64,1661.69,1661.64,1661.69,8.4601815,3
1692442800,1661.03,1661.03,1661.03,1661.03,0.02965695,1
1692443700,1660.76,1661.21,1660.54,1661.04,1.00704005,9
1692444600,1661.81,1662.4,1660.49,1660.49,20.29022518,11
1692445500,1660.19,1660.9,1660.02,1660.06,2.12362863,10
1692446400,1660.25,1660.3,1660.0,1660.0,2.29690315,12
1692447300,1658.32,1659.35,1658.32,1659.35,0.13304161,2
1692448200,1658.75,1660.72,1658.16,1659.53,1.58892422,22
1692449100,1659.73,1660.42,1659.73,1660.42,0.88848367,8
1692450000,1659.7,1660.19,1659.7,1660.13,5.12650602,7
1692450900,1660.41,1662.6,1660.41,1662.38,1.19245529,7
1692451800,1663.1,1663.15,1661.92,1661.92,0.35123698,6
1692452700,1661.4,1661.57,1661.4,1661.57,1,2
1692453600,1661.01,1663.76,1661.01,1663.1,2.68855394,31
1692454500,1663.37,1664.44,1663.37,1664.29,1.50953339,8
1692455400,1664.85,1665.18,1664.85,1664.88,0.68471713,7
1692456300,1663.85,1664.52,1663.08,1663.67,0.78331087,8
1692457200,1666.27,1667.43,1666.11,1667.43,0.13447125,5
1692458100,1666.59,1668.95,1666.59,1667.46,20.68198747,9
1692459000,1668.51,1668.64,1667.44,1668.64,0.6586329,6
1692459900,1669.39,1684.15,1669.37,1682.45,17.78416807,162
1692460800,1684.11,1684.36,1679.87,1680.51,121.14513468,39
1692461700,1680.36,1683.58,1680.36,1682.66,122.48141261,29
1692462600,1680.82,1683.83,1680.82,1683.83,0.32599598,5
1692463500,1687.0,1696.09,1687.0,1692.23,113.26216748,23
1692464400,1690.38,1690.82,1683.68,1685.33,6.16469149,15
1692465300,1682.19,1682.19,1676.53,1678.2,16.35549505,17
1692466200,1679.28,1680.77,1679.27,1680.77,1.00542115,7
1692467100,1679.86,1680.64,1679.65,1680.64,1.74503194,16
1692468000,1679.13,1680.05,1677.82,1678.52,5.57600618,20
1692468900,1677.82,1678.32,1676.06,1678.32,34.16076084,15
1692469800,1680.16,1680.47,1678.56,1678.56,0.71150971,10
1692470700,1678.66,1680.61,1678.3,1680.61,28.66083451,20
1692471600,1678.87,1678.87,1678.64,1678.64,0.67337673,3
1692472500,1679.94,1680.14,1678.22,1678.22,7.918843,7
1692473400,1679.23,1679.24,1679.23,1679.24,0.92424164,7
1692474300,1679.24,1680.15,1679.24,1679.35,4.23796333,7
1692475200,1677.81,1678.09,1676.28,1676.28,0.25409316,5
1692476100,1675.62,1675.62,1668.04,1669.98,15.19522089,33
1692477000,1671.72,1672.03,1671.28,1671.49,0.53674699,5
1692477900,1670.06,1671.88,1670.06,1671.43,6.7902307,8
1692478800,1671.01,1673.14,1671.01,1672.29,0.51513333,9
1692479700,1673.45,1673.46,1673.45,1673.46,0.68848433,5
1692480600,1671.5,1673.26,1671.5,1672.79,0.54091772,7
1692481500,1671.9,1671.9,1669.39,1669.39,0.77811567,4
1692483300,1669.29,1669.29,1669.28,1669.28,0.09753983,2
1692484200,1669.28,1669.28,1668.02,1668.46,1.83638032,7
1692485100,1668.39,1668.39,1665.47,1665.47,2.30721847,13
1692486000,1666.52,1668.11,1666.19,1667.49,2.57954401,16
1692486900,1667.5,1669.76,1667.5,1669.76,0.4747217,5
1692487800,1669.41,1669.69,1669.13,1669.24,1.32190127,4
1692488700,1668.78,1670.0,1668.75,1669.77,225.6302907,53
1692489600,1670.19,1670.21,1669.86,1670.21,0.13799343,4
1692490500,1672.19,1672.19,1672.19,1672.19,0.01,1
1692491400,1668.51,1673.82,1668.51,1673.82,0.37716348,2
1692492300,1672.25,1673.9,1672.25,1673.9,0.11067356,2
1692493200,1675.28,1675.28,1671.63,1671.63,1.50873995,3
1692494100,1668.5,1668.5,1668.5,1668.5,0.01,1
1692495000,1666.16,1666.16,1666.16,1666.16,0.04547921,1
1692495900,1666.36,1666.78,1666.36,1666.78,0.47519,3
1692496800,1666.36,1667.7,1666.05,1666.4,19.53881804,13
1692499500,1669.13,1669.85,1669.13,1669.85,0.35579587,5
1692500400,1669.59,1669.59,1669.59,1669.59,0.05989422,1
1692501300,1669.4,1669.4,1669.4,1669.4,0.033,1
1692502200,1668.33,1668.33,1668.32,1668.32,0.22202,2
1692503100,1669.06,1669.06,1668.19,1668.19,0.08714984,3
1692504000,1668.68,1668.68,1668.68,1668.68,0.05608988,1
1692504900,1669.19,1669.19,1668.8,1668.8,28.73706247,12
1692505800,1668.79,1668.79,1666.17,1666.17,1.68934,4
1692506700,1668.28,1668.54,1667.36,1667.36,0.69348463,7
1692508500,1667.79,1669.01,1667.21,1669.01,0.07024586,3
1692509400,1669.71,1669.75,1669.1,1669.1,0.24727192,4
1692510300,1665.46,1665.47,1665.02,1665.02,1.26687519,7
1692512100,1665.7,1665.7,1664.02,1664.02,17.52499095,7
1692513000,1663.78,1663.78,1663.78,1663.78,0.10803161,1
1692513900,1663.67,1664.16,1662.99,1662.99,0.58628701,5
1692514800,1663.5,1664.52,1663.5,1664.52,20.74247975,14
1692515700,1664.72,1664.72,1664.33,1664.67,1.6437192,8
1692516600,1665.3,1666.58,1664.53,1666.58,1.62076808,8
1692517500,1665.51,1665.51,1665.51,1665.51,0.13,1
1692518400,1666.0,1666.0,1665.29,1665.72,3.10225504,9
1692519300,1665.38,1666.19,1665.18,1665.18,0.38980639,3
1692520200,1667.26,1667.44,1667.26,1667.44,0.0772922,2
1692521100,1667.52,1669.31,1667.51,1669.31,35.79757151,16
1692522000,1669.31,1669.31,1668.74,1669.11,2.12606321,8
1692522900,1668.22,1668.22,1667.68,1667.68,0.97034341,3
1692523800,1668.31,1668.31,1667.29,1667.52,13.03383619,9
1692524700,1670.63,1670.81,1670.63,1670.81,1.33824278,5
1692525600,1670.85,1671.43,1670.45,1671.43,6.00072911,16
1692526500,1672.61,1672.75,1670.12,1672.75,19.92995269,28
1692527400,1670.91,1672.2,1670.91,1671.49,1.8086387,6
1692528300,1670.24,1672.4,1670.24,1672.31,5.57107986,19
1692529200,1672.82,1674.7,1672.82,1673.31,2.13785921,14
1692530100,1675.07,1675.37,1672.87,1672.87,3.74789504,15
1692531000,1672.62,1673.93,1672.36,1673.74,6.96833828,26
1692531900,1673.5,1675.47,1673.17,1675.47,0.22763727,4
1692532800,1675.4,1675.4,1673.81,1673.81,0.32666806,5
1692533700,1673.66,1673.66,1673.66,1673.66,1,1
1692534600,1673.68,1677.11,1673.68,1676.06,4.46262104,31
1692535500,1676.0,1676.46,1675.13,1676.46,2.76466589,5
1692536400,1677.46,1677.82,1676.76,1676.76,10.25031285,10
1692537300,1675.98,1675.98,1675.61,1675.63,0.12860697,5
1692538200,1675.77,1678.91,1675.77,1678.91,1.85075896,9
1692540000,1676.14,1676.14,1676.14,1676.14,0.02386435,1
1692540900,1674.91,1675.51,1674.09,1675.51,0.58486493,3
1692541800,1673.16,1673.43,1673.01,1673.01,1.446038,4
1692542700,1673.71,1673.71,1668.79,1669.15,127.86653967,71
1692543600,1668.28,1669.94,1666.0,1668.13,3.25312985,13
1692544500,1668.54,1671.06,1668.54,1670.56,0.64612,9
1692545400,1671.89,1671.89,1669.2,1669.2,0.9833645,5
1692546300,1669.31,1670.83,1668.54,1670.83,1.12444222,9
1692547200,1670.59,1670.64,1670.4,1670.4,2.65025774,4
1692548100,1669.98,1670.67,1668.13,1670.67,1.11869511,6
1692549000,1670.02,1670.44,1668.64,1668.64,10.59767069,10
1692549900,1668.55,1669.13,1666.03,1668.51,7.98850292,9
1692550800,1668.89,1669.68,1667.04,1667.04,16.25634881,9
1692551700,1670.48,1670.7,1669.5,1670.7,2.71688464,15
1692552600,1671.91,1675.1,1671.91,1674.83,1.55335323,7
1692553500,1675.85,1677.58,1674.69,1674.78,6.51989543,11
1692554400,1674.36,1675.38,1674.36,1675.18,0.98590794,8
1692555300,1675.98,1676.6,1675.98,1676.6,0.51011151,2
1692556200,1678.6,1678.6,1677.56,1677.9,16.39097758,11
1692557100,1678.14,1678.68,1676.05,1676.05,4.00092829,11
1692558000,1676.18,1676.75,1675.86,1675.86,10.66519842,8
1692558900,1677.84,1677.9,1677.84,1677.9,0.06480022,2
1692559800,1678.58,1678.59,1676.62,1676.62,0.39573045,3
1692560700,1676.44,1678.11,1675.89,1678.1,4.64500443,8
1692561600,1679.2,1684.19,1679.2,1683.53,1.87834095,14
1692562500,1686.91,1687.63,1686.91,1687.32,0.34625149,7
1692563400,1689.16,1691.58,1689.16,1691.58,0.33073007,10
1692564300,1692.81,1693.89,1689.17,1689.28,1.443861,12
1692565200,1689.86,1689.86,1685.01,1685.01,2.35660429,20
1692566100,1685.37,1686.1,1683.97,1684.24,1.05719878,12
1692567000,1685.06,1685.06,1681.57,1682.31,0.07026435,6
1692567900,1682.85,1683.78,1682.02,1682.02,0.71149939,10
1692568800,1684.07,1684.28,1684.07,1684.28,0.07610119,2
1692569700,1683.91,1683.91,1683.71,1683.71,17.97453399,4
1692570600,1685.19,1685.19,1682.81,1682.92,3.01909854,9
1692571500,1681.93,1683.79,1681.93,1683.43,0.36052868,7
1692572400,1683.9,1683.9,1681.56,1681.56,0.07471831,2
1692573300,1682.31,1682.95,1682.31,1682.95,0.11613941,10
1692574200,1682.82,1682.83,1682.82,1682.83,0.59426181,2
1692575100,1683.7,1684.98,1683.58,1684.98,4.83401867,8
1692576000,1684.98,1684.98,1680.11,1680.11,0.80101774,6
1692576900,1680.27,1680.9,1680.16,1680.9,2.11982194,11
1692577800,1680.23,1680.79,1679.69,1679.79,63.14688351,38
1692578700,1682.13,1682.16,1682.13,1682.16,0.63995109,4
1692579600,1684.28,1684.58,1682.42,1682.43,2.67034097,14
1692580500,1681.17,1683.74,1679.88,1683.37,1.63505004,6
1692581400,1683.67,1683.67,1683.67,1683.67,0.32663047,1
1692582300,1683.63,1683.63,1681.89,1681.89,4.48482817,15
1692583200,1682.65,1683.0,1682.54,1683.0,0.20081714,3
1692584100,1681.07,1681.64,1680.99,1680.99,0.52156029,3
1692585000,1681.09,1681.09,1678.83,1678.83,0.94656024,6
1692585900,1678.05,1679.02,1678.05,1679.02,0.42957826,4
1692586800,1679.02,1679.61,1678.71,1678.71,3.75208545,17
1692587700,1678.39,1678.96,1678.39,1678.96,2.78583673,2
1692588600,1678.84,1678.84,1678.05,1678.05,0.64544497,5
1692589500,1678.04,1678.04,1675.88,1676.33,3.0744962,8
1692590400,1677.14,1677.17,1676.88,1676.88,2.04669271,8
1692591300,1676.01,1676.01,1676.01,1676.01,0.77490951,4
1692593100,1676.0,1676.74,1676.0,1676.74,2.11788053,8
1692594000,1676.65,1677.8,1676.63,1677.79,1.94342007,9
1692594900,1677.44,1680.55,1677.33,1680.55,8.34098895,9
1692595800,1683.88,1686.88,1678.63,1678.63,14.49279942,11
1692596700,1679.93,1681.37,1679.93,1680.36,11.98968501,5
1692597600,1677.75,1677.75,1677.75,1677.75,0.29221484,1
1692598500,1677.74,1678.0,1676.55,1678.0,9.86438024,19
1692599400,1676.19,1676.48,1673.91,1673.91,1.35973917,13
1692600300,1673.3,1673.3,1672.13,1672.5,2.56192182,11
1692601200,1671.06,1671.55,1671.06,1671.41,1.27643209,7
1692603000,1671.01,1672.14,1671.01,1672.14,2.44998826,3
1692603900,1672.51,1672.51,1671.5,1672.28,6.58181195,16
1692604800,1672.95,1673.02,1672.95,1673.02,0.56116563,2
1692605700,1671.5,1672.68,1669.68,1672.17,4.18328998,14
1692606600,1672.79,1674.84,1672.79,1674.84,1.05171116,4
1692607500,1671.62,1672.15,1671.62,1672.15,0.21495694,2
1692608400,1671.74,1673.12,1671.74,1673.12,0.36424097,3
1692609300,1674.61,1675.05,1674.18,1675.05,38.60406939,16
1692610200,1673.52,1673.52,1672.55,1672.55,6.70158445,5
1692611100,1671.0,1671.61,1669.61,1671.61,0.81037168,8
1692612000,1670.85,1670.85,1661.13,1669.41,13.19884857,49
1692612900,1668.0,1669.05,1667.67,1669.05,0.79849233,7
1692613800,1668.85,1668.85,1665.74,1667.44,213.86336773,69
1692614700,1665.2,1666.88,1665.2,1666.88,29.7852448,15
1692615600,1667.2,1668.19,1666.79,1666.79,2.60111195,9
1692616500,1668.61,1669.81,1668.61,1669.48,7.53759513,6
1692618300,1670.77,1672.63,1670.77,1672.63,0.05296863,3
1692619200,1672.82,1675.93,1672.82,1675.93,1.19897255,11
1692620100,1675.24,1675.31,1673.33,1673.91,56.83098673,23
1692621000,1673.34,1674.36,1673.0,1673.69,1.85068354,18
1692621900,1674.35,1674.35,1672.78,1672.78,16.11920024,29
1692622800,1671.44,1672.02,1671.41,1671.41,0.97502878,8
1692623700,1668.43,1669.35,1668.01,1668.01,1.74385345,6
1692624600,1671.01,1671.01,1670.24,1670.8,1.65955705,7
1692625500,1669.14,1676.33,1669.08,1676.33,2.06483193,6
1692626400,1677.46,1682.45,1674.04,1679.43,4.5431709,19
1692627300,1674.22,1674.33,1674.04,1674.04,0.35123188,6
1692628200,1672.76,1673.59,1672.76,1673.59,0.29969206,3
1692629100,1676.45,1676.45,1674.86,1676.0,0.58210324,6
1692630000,1674.82,1674.82,1670.14,1670.22,3.35021813,8
1692630900,1669.32,1669.32,1650.63,1651.57,220.72821052,77
1692631800,1654.56,1660.76,1654.38,1659.57,68.5438949,33
1692632700,1658.02,1659.03,1657.82,1657.82,19.20907273,7
1692633600,1657.33,1659.51,1657.33,1658.78,1.16544027,9
1692634500,1657.32,1662.09,1657.26,1661.66,3.04696059,17
1692635400,1661.23,1661.23,1659.29,1659.29,0.6227049,8
1692636300,1659.02,1662.75,1658.82,1660.48,2.2057384,8
1692637200,1661.26,1661.61,1660.14,1660.58,61.14369101,16
1692638100,1661.05,1661.35,1661.05,1661.35,0.25352233,2
1692639000,1663.65,1664.09,1663.41,1664.09,0.49511916,4
1692639900,1664.47,1664.99,1664.31,1664.97,0.6694272,8
1692640800,1664.99,1666.91,1664.66,1666.91,194.24440923,11
1692641700,1666.96,1666.96,1666.34,1666.34,2.15780721,11
1692642600,1666.01,1666.09,1665.31,1665.31,2.42570512,9
1692643500,1665.23,1667.43,1665.23,1665.49,60.4663709,10
1692644400,1665.71,1667.74,1665.71,1667.55,15.41080849,7
1692645300,1668.08,1668.08,1666.39,1667.42,48.50815002,14
1692646200,1667.21,1673.06,1667.21,1672.81,6.87932793,15
1692647100,1674.12,1674.12,1672.9,1672.9,6.1512444,9
1692648000,1672.14,1674.63,1672.14,1672.5,7.79649632,12
1692648900,1672.81,1673.45,1672.51,1673.43,2.84434861,5
1692649800,1673.36,1674.11,1672.5,1672.5,2.17790677,8
1692650700,1672.5,1672.5,1672.09,1672.09,0.51941917,5
1692651600,1672.1,1672.1,1670.08,1670.08,1.94415528,10
1692652500,1669.81,1670.66,1669.81,1670.66,0.12665791,5
1692653400,1672.68,1674.9,1672.67,1674.84,1.30370884,6
1692654300,1673.68,1673.68,1672.82,1673.0,0.08757564,5
1692655200,1672.99,1673.0,1672.02,1672.07,35.64956639,24
1692656100,1671.55,1671.55,1670.97,1670.97,0.2148119,4
1692657000,1670.98,1670.98,1669.64,1669.64,0.3920776,4
1692657900,1668.67,1669.84,1667.79,1667.79,1.26934459,7
1692658800,1667.02,1667.44,1666.8,1667.44,0.99880067,9
1692659700,1667.95,1669.38,1666.62,1666.62,2.99008233,18
1692660600,1668.03,1668.03,1668.03,1668.03,0.72462935,7
1692661500,1668.43,1668.43,1666.97,1667.39,2.67264515,6
1692662400,1668.53,1668.69,1665.42,1667.95,118.11625348,44
1692663300,1667.53,1667.53,1666.63,1666.7,0.57689196,5
1692664200,1667.44,1668.55,1667.44,1668.5,0.99544702,4
1692665100,1669.12,1669.12,1666.94,1666.94,0.55997519,3
1692666000,1667.39,1667.39,1665.81,1665.81,0.26025516,2
1692666900,1665.92,1667.3,1665.06,1665.06,0.74527352,6
1692667800,1665.44,1665.45,1665.44,1665.45,1.5,2
1692668700,1664.87,1664.94,1664.86,1664.86,3.57407747,5
1692669600,1664.02,1664.02,1662.99,1663.37,5.56747295,8
1692670500,1664.97,1666.59,1664.94,1666.58,2.92125821,11
1692673200,1664.7,1664.7,1664.48,1664.64,1.60655697,3
1692675000,1662.62,1663.32,1662.62,1663.32,0.65326751,3
1692675900,1663.43,1663.46,1663.43,1663.46,0.13208077,3
1692676800,1663.95,1663.95,1663.82,1663.83,0.94606299,7
1692677700,1663.3,1663.3,1663.0,1663.0,1.31378164,5
1692678600,1662.83,1663.05,1662.83,1663.05,0.02476917,2
1692679500,1662.81,1663.06,1662.81,1663.06,0.27943497,2
1692680400,1664.04,1664.04,1664.03,1664.03,0.40772339,4
1692681300,1664.05,1664.08,1662.29,1663.46,0.90114308,7
1692682200,1663.48,1663.81,1662.73,1663.49,0.67725532,4
1692684000,1663.21,1663.21,1663.21,1663.21,1.21953519,2
1692684900,1664.02,1664.02,1663.18,1663.18,0.28824702,2
1692685800,1663.03,1663.03,1662.14,1662.14,1.91554027,7
1692686700,1663.28,1663.28,1663.25,1663.25,10.05113,2
1692687600,1665.24,1665.51,1665.24,1665.41,0.90420808,9
1692688500,1665.34,1665.34,1665.34,1665.34,0.0300239,1
1692689400,1665.34,1667.02,1665.34,1667.02,0.77453609,5
1692690300,1666.48,1666.48,1666.15,1666.19,0.95032794,7
1692691200,1666.8,1666.98,1666.8,1666.91,1.30538348,3
1692692100,1666.79,1666.79,1665.12,1665.35,4.44982854,9
1692693000,1665.21,1665.21,1665.21,1665.21,0.3,1
1692693900,1664.99,1664.99,1664.99,1664.99,0.07981,6
1692694800,1665.0,1665.33,1665.0,1665.0,0.90847692,5
1692695700,1665.01,1665.01,1664.68,1665.0,60.60703186,21
1692696600,1664.69,1665.0,1664.68,1665.0,2.25842455,12
1692697500,1665.0,1666.57,1664.44,1664.44,2.40056564,4
1692698400,1664.44,1664.44,1664.44,1664.44,0.34925378,1
1692699300,1664.57,1664.57,1664.57,1664.57,0.02162707,1
1692700200,1665.46,1665.46,1663.11,1663.2,2.88010377,14
1692701100,1663.32,1663.34,1662.64,1662.64,2.14378756,9
1692702000,1662.65,1662.65,1662.64,1662.64,4.72290576,9
1692702900,1662.65,1664.09,1662.64,1664.09,2.20549332,7
1692703800,1662.65,1662.65,1660.99,1661.04,17.66035326,16
1692704700,1662.21,1662.21,1662.21,1662.21,0.01,1
1692705600,1662.96,1662.96,1660.11,1660.61,5.32583622,15
1692706500,1664.36,1664.67,1664.09,1664.46,21.39891056,17
1692707400,1664.93,1666.91,1664.93,1666.91,0.08657936,6
1692708300,1667.12,1667.12,1665.48,1665.78,0.66662025,14
1692709200,1663.14,1663.23,1661.97,1662.37,1.39772189,11
1692710100,1659.97,1660.78,1659.21,1660.75,52.13346489,22
1692711000,1660.93,1661.68,1653.62,1661.68,56.02190459,45
1692711900,1659.35,1659.36,1656.66,1656.7,3.42665788,11
1692712800,1654.7,1659.57,1654.51,1656.93,3.12920859,10
1692713700,1658.67,1659.3,1657.71,1657.72,61.70602865,10
1692714600,1656.37,1657.16,1655.0,1655.0,91.48281685,14
1692715500,1656.42,1656.62,1655.29,1655.29,12.68722956,15
1692716400,1655.38,1655.38,1652.44,1654.44,8.20714173,12
1692717300,1655.16,1657.43,1655.16,1657.2,2.61224627,8
1692718200,1657.68,1658.45,1657.01,1658.45,3.52409097,8
1692719100,1655.34,1655.34,1648.0,1649.99,9.28708695,39
1692720000,1649.47,1649.47,1642.59,1643.5,55.56505831,38
1692720900,1644.13,1646.05,1631.87,1635.13,71.69912011,115
1692721800,1633.66,1648.21,1629.23,1648.21,69.17440994,74
1692722700,1644.74,1649.69,1642.28,1647.67,15.82843358,28
1692723600,1646.37,1646.37,1642.04,1642.04,1.55115885,10
1692724500,1640.05,1640.05,1635.74,1637.31,289.14301521,31
1692725400,1634.96,1634.96,1620.5,1620.5,12.28215102,53
1692726300,1623.09,1627.5,1622.56,1626.13,22.10831505,34
1692727200,1624.89,1625.55,1622.16,1623.63,2.12298989,8
1692728100,1627.9,1627.9,1627.9,1627.9,0.29224276,1
1692729000,1627.7,1641.7,1627.7,1640.52,6.07575832,26
1692729900,1638.86,1638.86,1636.78,1636.78,0.14766,2
1692730800,1636.9,1639.6,1635.92,1638.57,7.09910076,12
1692731700,1636.4,1636.4,1633.55,1633.55,0.30010589,11
1692732600,1632.67,1633.09,1630.08,1630.08,0.67877846,7
1692733500,1631.58,1631.58,1625.13,1625.6,14.2789572,32
1692734400,1625.38,1629.68,1625.38,1628.73,0.34148305,8
1692735300,1630.0,1631.6,1630.0,1631.6,2.13091994,8
1692736200,1631.61,1631.62,1629.34,1629.34,0.61755616,10
1692737100,1628.73,1631.26,1627.58,1631.26,1.37078827,12
1692738000,1630.96,1630.96,1627.64,1627.64,0.13272167,4
1692738900,1628.75,1628.86,1577.27,1603.88,217.45034451,278
1692739800,1604.79,1610.39,1598.71,1605.06,17.11452961,38
1692740700,1606.3,1607.32,1601.15,1601.15,6.17706614,23
1692741600,1604.0,1606.33,1603.58,1605.0,15.62824478,31
1692742500,1606.04,1611.67,1606.04,1611.01,30.77501449,21
1692743400,1611.68,1621.43,1611.68,1621.43,15.27149672,22
1692744300,1621.43,1621.96,1620.79,1620.79,79.42184348,27
1692745200,1619.92,1637.74,1618.61,1635.15,21.28967467,45
1692746100,1634.26,1634.26,1629.22,1629.22,5.31601576,7
1692747000,1629.21,1635.69,1629.01,1635.68,7.06346294,16
1692747900,1634.32,1635.76,1634.24,1634.46,37.51143188,25
1692748800,1634.44,1638.78,1634.15,1638.78,7.78229635,23
1692749700,1640.14,1640.79,1636.52,1636.77,11.28112241,20
1692750600,1635.38,1635.38,1634.46,1634.46,0.02698055,2
1692751500,1636.3,1636.3,1633.29,1633.29,8.8922174,25
1692752400,1631.33,1631.33,1630.14,1630.14,1.70207888,6
1692753300,1630.96,1631.09,1630.46,1631.09,1.21074676,12
1692754200,1631.28,1635.56,1631.28,1635.17,2.79269344,15
1692755100,1635.78,1636.94,1635.34,1635.34,0.6905409,7
1692756000,1635.72,1635.72,1633.23,1633.23,21.73289659,14
1692756900,1634.37,1634.37,1634.36,1634.36,6.79294,2
1692757800,1636.34,1636.87,1636.19,1636.87,0.69772839,8
1692758700,1634.87,1634.87,1633.37,1634.19,60.93684977,27
1692759600,1634.93,1636.18,1634.85,1634.86,3.55248393,11
1692760500,1634.17,1634.32,1632.58,1632.67,1.02494666,15
1692761400,1632.57,1634.17,1632.36,1632.97,2.29114241,10
1692762300,1632.29,1632.66,1631.8,1632.54,12.15776786,19
1692763200,1632.11,1632.11,1630.77,1631.67,1.14526303,13
1692764100,1631.93,1634.4,1631.58,1634.4,0.5359495,4
1692765000,1636.4,1637.93,1636.4,1637.93,0.09304097,2
1692765900,1634.2,1639.12,1634.2,1639.12,0.1303709,4
1692766800,1638.46,1638.46,1636.85,1636.99,2.43055461,8
1692767700,1636.92,1637.08,1635.12,1635.12,1.27933523,5
1692768600,1635.01,1636.11,1634.03,1636.07,8.10579853,43
1692769500,1636.14,1640.16,1635.69,1640.16,3.06002991,8
1692770400,1639.61,1641.58,1638.4,1641.58,5.9143117,11
1692771300,1641.19,1641.76,1639.95,1639.95,6.18401266,16
1692772200,1638.55,1638.55,1638.1,1638.1,0.5564286,3
1692773100,1641.88,1654.53,1641.88,1645.85,18.36836806,44
1692774000,1645.65,1646.32,1645.57,1646.32,0.12942704,5
1692774900,1646.37,1651.07,1646.37,1651.07,22.85039488,10
1692775800,1649.6,1649.6,1644.97,1644.97,4.17254234,10
1692776700,1643.01,1646.26,1642.97,1644.48,33.99677514,17
1692777600,1644.48,1648.5,1644.47,1648.01,9.13213282,12
1692778500,1648.33,1648.33,1644.77,1645.41,0.2669,7
1692779400,1645.23,1645.23,1643.67,1643.67,4.58967832,12
1692780300,1643.76,1644.8,1643.25,1643.48,0.99518188,10
1692781200,1644.83,1644.83,1643.64,1644.13,1.50981442,4
1692782100,1645.78,1645.78,1644.64,1644.65,12.17579471,5
1692783000,1644.68,1646.65,1644.68,1646.24,2.27883387,5
1692783900,1646.43,1646.57,1645.59,1645.84,0.93324655,7
1692784800,1645.9,1645.9,1643.54,1643.94,13.39164937,21
1692786600,1643.68,1644.95,1643.68,1644.95,0.26260173,2
1692787500,1646.28,1646.95,1643.58,1644.2,5.52039443,11
1692788400,1643.22,1643.86,1641.04,1642.22,1.08147029,13
1692789300,1641.05,1642.44,1641.05,1641.43,0.98904662,7
1692790200,1641.01,1642.19,1641.01,1642.19,0.11116186,3
1692791100,1644.26,1644.29,1642.68,1642.9,10.78239034,17
1692792000,1642.9,1644.76,1642.9,1644.76,1.65145974,8
1692792900,1644.76,1644.76,1642.44,1643.18,15.02320706,8
1692793800,1643.84,1643.84,1639.74,1639.74,0.51517217,20
1692794700,1639.02,1639.02,1638.23,1638.23,0.27058595,4
1692795600,1638.84,1639.62,1634.49,1634.49,5.82463753,18
1692796500,1635.75,1640.14,1635.75,1639.77,1.5536173,13
1692797400,1639.51,1639.54,1639.12,1639.12,7.23866052,7
1692798300,1639.99,1650.75,1639.99,1648.93,7.11285157,17
1692799200,1649.61,1652.22,1646.42,1646.42,6.10199406,19
1692800100,1643.66,1647.92,1643.66,1647.27,575.29985694,136
1692801000,1650.49,1652.4,1648.94,1651.03,2.71289182,14
1692801900,1653.06,1657.44,1653.06,1655.9,1.1643142,16
1692802800,1653.89,1657.6,1652.69,1657.6,2.12713093,12
1692803700,1656.26,1657.2,1656.25,1657.2,1.62935335,3
1692804600,1655.79,1657.29,1655.21,1656.76,0.67289544,6
1692805500,1657.19,1658.36,1656.49,1658.36,7.27392423,7
1692806400,1657.74,1658.82,1656.42,1658.82,7.09023347,13
1692807300,1660.77,1681.96,1660.77,1676.57,22.53210054,101
1692808200,1678.85,1682.05,1678.03,1682.05,17.856155,13
1692809100,1679.29,1685.91,1678.99,1683.02,2.7458934,31
1692810000,1681.13,1690.72,1681.13,1687.63,25.16037384,48
1692810900,1688.81,1692.0,1685.23,1685.23,22.71850556,19
1692811800,1685.53,1688.22,1685.23,1686.0,15.45431045,34
1692812700,1685.94,1685.94,1683.26,1685.09,1.45377616,8
1692813600,1682.54,1685.22,1682.54,1684.31,26.65571685,17
1692814500,1685.35,1685.37,1682.19,1682.19,0.18509582,6
1692815400,1681.57,1681.57,1678.83,1678.83,0.42410216,6
1692816300,1678.04,1679.45,1677.2,1679.24,61.68036862,18
1692817200,1679.43,1680.0,1678.61,1680.0,0.51389561,5
1692818100,1680.0,1682.35,1679.92,1682.25,20.47865501,11
1692819000,1681.51,1690.45,1680.29,1690.45,1.96918894,8
1692819900,1687.55,1701.39,1687.55,1689.6,61.88042042,85
1692820800,1686.55,1686.55,1681.56,1684.5,3.91525616,27
1692821700,1683.76,1690.93,1683.76,1690.93,0.33027469,13
1692822600,1688.67,1688.67,1688.25,1688.26,0.02528,3
1692823500,1688.46,1688.46,1684.78,1684.78,0.25577085,2
1692824400,1684.78,1684.78,1684.0,1684.01,6.10969921,8
1692825300,1684.79,1684.79,1683.99,1684.0,1.33059052,10
1692826200,1683.59,1683.59,1677.48,1677.48,18.50144704,21
1692827100,1678.39,1678.39,1661.85,1664.52,11.73219222,58
1692828000,1664.72,1673.68,1664.72,1673.68,3.78943451,8
1692828900,1673.18,1674.11,1673.18,1673.32,6.50926188,11
1692829800,1674.12,1677.41,1674.12,1677.4,0.90186066,7
1692830700,1675.75,1676.64,1675.75,1676.64,0.56181559,5
1692831600,1677.31,1677.31,1677.31,1677.31,0.15846048,1
1692832500,1677.46,1681.53,1677.46,1679.87,2.94175544,10
1692833400,1678.6,1679.7,1678.6,1679.23,0.47851055,4
1692834300,1679.77,1679.82,1679.19,1679.19,0.24746238,4
1692835200,1679.99,1679.99,1679.99,1679.99,0.0234578,1
1692836100,1680.52,1680.52,1680.31,1680.31,1.6660564,3
1692837000,1681.66,1681.66,1681.66,1681.66,0.02973251,1
1692837900,1681.95,1681.95,1680.89,1680.91,0.138648,3
1692838800,1681.96,1682.35,1680.07,1680.07,10.82253847,10
1692839700,1680.0,1680.0,1676.36,1676.36,21.22490969,16
1692840600,1675.67,1675.69,1675.67,1675.69,1.25,3
1692841500,1674.11,1674.11,1674.11,1674.11,0.01,1
1692842400,1674.93,1674.93,1674.92,1674.92,0.13720243,2
1692843300,1676.26,1676.31,1674.42,1674.42,0.67681799,6
1692844200,1677.04,1677.14,1676.9,1676.9,4.36735666,6
1692845100,1675.93,1675.93,1674.11,1674.11,9.51261674,8
1692846000,1673.5,1674.1,1673.5,1674.1,0.2,2
1692846900,1675.25,1675.84,1674.98,1674.98,3.19534964,5
1692847800,1675.67,1675.67,1675.06,1675.06,0.0805952,2
1692848700,1675.13,1675.13,1675.13,1675.13,0.14720231,1
1692849600,1675.95,1675.95,1674.89,1674.89,0.39089895,3
1692850500,1673.89,1673.89,1673.63,1673.63,0.15422003,2
1692853200,1677.35,1677.36,1677.35,1677.36,0.02924651,2
1692854100,1676.87,1676.87,1676.87,1676.87,0.11661523,1
1692855000,1676.31,1676.34,1674.57,1675.19,28.85417987,23
1692857700,1673.74,1673.74,1673.74,1673.74,0.01134046,1
1692858600,1675.77,1678.3,1675.37,1677.27,2.16397524,7
1692859500,1677.86,1678.43,1677.85,1678.42,0.47834425,4
1692860400,1675.57,1675.57,1675.57,1675.57,0.01,1
1692861300,1675.52,1676.85,1675.52,1676.17,3.84309549,11
1692862200,1676.18,1676.18,1675.0,1675.02,1.37917383,12
1692863100,1674.51,1674.79,1674.41,1674.79,1.41068365,6
1692864000,1673.97,1673.97,1673.37,1673.37,0.95267005,8
1692864900,1672.14,1672.14,1672.14,1672.14,0.4834,1
1692865800,1672.13,1672.13,1671.44,1671.95,2.28201908,14
1692866700,1671.95,1671.95,1671.79,1671.95,11.06337235,20
1692867600,1675.75,1677.28,1675.74,1675.81,3.04666,12
1692868500,1675.29,1675.29,1671.75,1671.75,5.59261499,11
1692869400,1672.73,1672.73,1669.19,1669.26,5.03956019,13
1692870300,1669.07,1669.08,1667.52,1667.52,1.71104945,8
1692871200,1667.52,1668.2,1667.46,1667.88,0.92354932,10
1692872100,1667.99,1670.12,1667.99,1670.12,1.14664266,3
1692873000,1669.77,1670.01,1668.6,1669.17,1.97089858,7
1692873900,1669.45,1670.22,1668.95,1670.22,8.2058112,9
1692874800,1670.76,1671.77,1670.76,1671.77,0.09471647,3
1692875700,1672.16,1673.5,1672.16,1673.5,0.30071071,2
1692876600,1672.97,1672.97,1672.97,1672.97,0.00699,1
1692877500,1672.51,1672.51,1670.33,1670.33,0.11012312,4
1692878400,1667.46,1667.58,1665.56,1665.56,4.35672861,16
1692879300,1665.9,1667.6,1665.88,1667.6,3.45232113,15
1692880200,1669.27,1669.27,1667.95,1668.82,0.73565469,20
1692881100,1668.73,1668.98,1668.0,1668.0,24.4482038,16
1692882000,1668.07,1668.32,1666.76,1666.76,1.04783215,9
1692882900,1665.72,1665.72,1664.19,1664.75,15.48318185,15
1692883800,1665.2,1665.81,1664.04,1664.04,8.6966228,12
1692884700,1664.03,1665.39,1662.23,1665.39,3.51024802,12
1692885600,1665.01,1665.85,1661.46,1661.46,10.87636877,21
1692886500,1662.16,1662.16,1655.0,1655.0,6.50562935,28
1692887400,1655.0,1655.0,1646.31,1646.8,161.18179584,65
1692888300,1646.2,1649.76,1645.03,1649.57,10.60416348,20
1692889200,1645.09,1647.65,1644.19,1646.37,8.88555085,15
1692890100,1648.1,1648.1,1642.03,1642.03,1.70352214,14
1692891000,1642.19,1647.81,1642.19,1647.81,2.1392026,7
1692891900,1644.28,1644.28,1643.71,1643.75,36.04565498,35
1692892800,1644.1,1646.66,1644.02,1646.24,19.35935536,16
1692893700,1650.83,1651.0,1648.93,1648.93,15.74876638,16
1692894600,1654.14,1654.6,1654.14,1654.6,0.7160283,3
1692895500,1654.04,1654.04,1652.84,1652.84,10.18876206,5
1692896400,1650.95,1651.16,1650.17,1651.16,1.89064697,5
1692897300,1648.01,1651.03,1647.77,1651.03,2.79612841,8
1692898200,1650.43,1650.91,1637.2,1646.18,50.24509351,47
1692899100,1647.54,1651.41,1647.54,1648.02,0.2577596,8
1692900000,1648.85,1648.85,1646.07,1646.07,0.21413674,3
1692900900,1643.94,1646.28,1643.94,1646.28,1.07117953,3
1692901800,1646.28,1646.78,1644.05,1644.05,2.07362148,8
1692902700,1644.99,1645.0,1644.99,1644.99,0.04229095,3
1692903600,1645.12,1646.01,1645.12,1646.01,0.29924337,9
1692904500,1647.47,1652.26,1647.47,1652.26,0.2682085,3
1692905400,1652.97,1652.97,1650.83,1650.83,1.56597207,4
1692906300,1651.32,1651.32,1650.16,1650.33,3.43563099,7
1692907200,1650.1,1650.1,1648.72,1649.37,0.47868201,5
1692908100,1653.81,1654.53,1653.74,1654.22,27.07757819,21
1692909000,1654.22,1654.22,1650.76,1651.99,2.77963577,24
1692909900,1650.45,1650.45,1645.01,1648.84,0.98201634,16
1692910800,1651.86,1651.86,1651.13,1651.13,8E+1,21
1692912600,1653.86,1654.57,1653.86,1654.57,0.32662,4
1692913500,1653.6,1654.2,1653.6,1654.19,0.10069418,3
1692914400,1654.5,1654.5,1652.86,1652.87,1.035,3
1692915300,1654.15,1654.15,1654.15,1654.15,0.03837,1
1692916200,1655.64,1655.65,1654.31,1654.31,0.55594637,9
1692917100,1655.02,1655.2,1654.74,1654.74,0.65286124,4
1692918000,1654.81,1655.04,1651.95,1651.95,1.60281874,10
1692918900,1653.81,1653.81,1653.72,1653.72,0.08293399,3
1692919800,1654.97,1654.97,1654.97,1654.97,0.28864898,1
1692920700,1655.88,1664.47,1655.88,1660.58,6.68108866,33
1692921600,1661.66,1661.67,1658.91,1658.91,34.35082719,13
1692922500,1659.06,1659.06,1658.51,1658.51,0.21292041,2
1692923400,1658.37,1658.62,1656.79,1656.8,0.610111,4
1692924300,1657.28,1657.33,1657.28,1657.33,6.594,3
1692925200,1657.21,1657.22,1656.5,1656.5,0.51503413,3
1692926100,1655.49,1655.49,1654.55,1655.01,0.39549344,4
1692927000,1657.3,1657.3,1656.76,1656.76,0.35432735,6
1692927900,1658.39,1658.68,1658.39,1658.67,8.9225,3
1692928800,1660.42,1660.42,1659.03,1659.03,0.07417554,3
1692929700,1659.96,1659.96,1659.96,1659.96,0.00148,1
1692930600,1663.97,1663.97,1663.34,1663.34,0.89369164,3
1692931500,1660.37,1660.37,1659.01,1659.01,0.23262521,2
1692932400,1658.86,1658.86,1658.46,1658.46,0.03115197,2
1692933300,1658.36,1658.83,1647.62,1649.0,3.97344017,22
1692934200,1651.8,1655.49,1651.79,1655.49,1.68254399,10
1692935100,1655.48,1655.48,1655.48,1655.48,0.02609,1
1692936000,1655.05,1655.05,1653.47,1653.47,0.57636361,4
1692936900,1652.74,1652.74,1650.54,1650.54,0.59234609,7
1692937800,1651.04,1651.44,1650.92,1651.36,0.23307402,5
1692938700,1651.99,1651.99,1649.13,1649.13,0.47829688,5
1692939600,1648.81,1649.06,1647.35,1649.06,0.78321026,9
1692940500,1649.06,1649.06,1649.06,1649.06,0.01910691,1
1692941400,1652.87,1652.87,1652.83,1652.83,0.17331861,2
1692942300,1653.56,1653.56,1653.56,1653.56,0.05322885,2
1692943200,1653.56,1653.56,1651.64,1651.64,0.53181937,3
1692944100,1653.54,1653.54,1651.98,1651.98,0.2088321,2
1692945000,1652.03,1652.03,1648.99,1649.95,0.87050369,8
1692945900,1649.66,1649.74,1649.66,1649.74,0.1770182,2
1692946800,1651.46,1652.5,1651.46,1652.5,0.12953618,5
1692947700,1653.06,1653.09,1653.06,1653.09,0.63171415,6
1692948600,1652.73,1652.73,1651.61,1651.61,4.86937978,8
1692949500,1650.52,1651.12,1650.52,1651.12,0.28281657,2
1692950400,1651.49,1653.79,1651.49,1653.3,0.46737433,5
1692951300,1654.63,1654.63,1654.63,1654.63,0.07026112,1
1692952200,1657.44,1657.44,1655.67,1655.67,0.88800102,7
1692953100,1654.41,1654.63,1653.99,1654.63,0.2766022,3
1692954000,1653.73,1653.9,1653.73,1653.83,0.60487563,23
1692954900,1653.84,1656.14,1653.84,1656.07,1.47105125,6
1692955800,1655.05,1655.05,1655.05,1655.05,0.05698438,1
1692956700,1653.76,1653.8,1652.92,1652.92,1.6225012,9
1692957600,1652.47,1652.99,1652.47,1652.95,0.20199087,3
1692958500,1654.8,1654.83,1654.79,1654.82,0.35124066,7
1692959400,1653.74,1654.54,1653.63,1654.54,10.04842,6
1692960300,1653.61,1653.61,1651.98,1651.98,32.14132017,21
1692961200,1652.31,1653.56,1652.31,1653.48,1.67878606,9
1692962100,1653.52,1653.52,1653.07,1653.07,0.12019822,4
1692963000,1655.01,1655.1,1654.29,1654.29,0.51775595,5
1692963900,1654.3,1654.46,1653.09,1653.23,15.02097259,42
1692964800,1654.48,1656.35,1654.31,1656.35,1.40689311,10
1692965700,1656.56,1656.56,1655.57,1655.57,0.07374773,6
1692966600,1654.92,1655.08,1654.61,1654.96,1.3263598,17
1692967500,1654.94,1655.07,1654.43,1654.43,2.89201873,8
1692968400,1654.44,1663.29,1654.44,1660.88,3.80412404,15
1692969300,1660.88,1660.88,1658.86,1659.71,4.51061355,21
1692970200,1660.88,1663.13,1660.37,1660.37,1.74833123,10
1692971100,1659.9,1659.9,1656.07,1656.26,10.84311912,13
1692972000,1655.2,1659.5,1651.89,1657.05,9.94939787,24
1692972900,1658.89,1674.12,1657.27,1657.44,24.06996728,70
1692973800,1660.46,1660.46,1648.47,1648.47,7.55302175,29
1692974700,1649.36,1651.53,1639.53,1639.53,20.90792,57
1692975600,1639.5,1656.6,1637.36,1653.04,4.44316674,33
1692976500,1649.67,1653.18,1649.67,1653.18,3.14997162,5
1692977400,1649.22,1650.18,1647.85,1650.15,43.21011136,9
1692978300,1649.36,1649.69,1645.53,1645.67,1.72766047,11
1692979200,1648.21,1648.21,1644.87,1648.19,0.78706611,10
1692980100,1649.11,1649.45,1649.11,1649.45,0.70579079,4
1692981000,1651.11,1651.11,1649.54,1649.54,0.33508228,2
1692981900,1642.98,1645.31,1642.98,1645.31,0.66050269,5
1692982800,1645.05,1646.81,1645.05,1645.48,0.26970266,5
1692983700,1646.48,1646.48,1641.33,1641.33,15.74999689,13
1692984600,1642.05,1642.3,1638.86,1638.86,3.11096859,17
1692985500,1637.7,1643.42,1637.35,1643.14,1.05721186,10
1692986400,1642.45,1643.02,1641.89,1642.39,2.34845707,26
1692987300,1643.79,1648.05,1643.79,1648.05,9.94499008,22
1692988200,1648.2,1649.88,1647.47,1649.27,13.89953283,12
1692989100,1649.92,1655.41,1649.92,1654.44,3.86229595,17
1692990000,1654.28,1654.28,1652.2,1652.77,4.04659726,12
1692990900,1652.08,1652.77,1649.6,1650.68,9.15978285,27
1692991800,1650.19,1650.19,1645.63,1646.89,1.16509281,16
1692992700,1648.35,1648.35,1645.6,1647.09,3.68072838,17
1692993600,1647.18,1647.4,1646.16,1647.4,0.83619418,11
1692994500,1647.4,1649.54,1646.84,1647.61,5.69182456,11
1692995400,1646.51,1647.83,1646.51,1647.05,0.68882887,12
1692996300,1647.49,1651.06,1647.49,1650.42,0.93907052,11
1692997200,1648.94,1650.9,1648.79,1650.9,12.5275202,20
1692998100,1649.89,1650.52,1649.53,1649.54,8.7951078,17
1692999000,1649.15,1651.13,1648.8,1648.8,13.04862029,12
1692999900,1648.79,1651.85,1648.28,1651.85,0.78350773,9
1693000800,1651.13,1652.7,1651.05,1652.23,3.60294061,9
1693001700,1652.72,1652.72,1649.64,1649.64,2.96890549,9
1693002600,1649.66,1653.9,1649.66,1652.01,17.13978919,41
1693003500,1653.3,1654.09,1652.73,1654.09,0.51702839,6
1693004400,1653.82,1655.03,1653.81,1653.82,6.61245502,10
1693005300,1653.95,1654.83,1653.82,1653.82,14.22166864,14
1693006200,1654.68,1655.01,1654.0,1654.32,2.28361617,7
1693007100,1653.82,1654.45,1653.82,1653.82,1.90066206,12
1693008000,1653.99,1655.38,1653.22,1653.34,120.68992302,33
1693008900,1653.14,1653.24,1652.98,1653.18,0.72658141,4
1693009800,1653.53,1653.68,1651.98,1651.98,3.70689788,8
1693010700,1652.36,1653.02,1652.22,1652.22,0.75719608,12
1693011600,1652.23,1654.68,1652.22,1654.68,0.5944733,11
1693012500,1654.94,1654.94,1653.76,1653.93,8.26953274,14
1693013400,1653.99,1653.99,1652.75,1652.75,2.07796846,15
1693014300,1653.06,1653.06,1651.86,1651.88,0.69206968,7
1693015200,1651.83,1653.41,1651.83,1653.41,2.7541275,9
1693016100,1655.31,1655.31,1652.09,1652.09,8.32133357,9
1693017000,1652.08,1653.48,1652.08,1652.25,0.28703962,4
1693017900,1652.55,1654.68,1652.55,1654.68,0.41664151,7
1693018800,1654.71,1654.71,1654.29,1654.7,1.32403877,4
1693019700,1653.76,1654.58,1653.73,1654.58,4.39503319,5
1693020600,1655.15,1655.2,1653.9,1655.2,0.97815463,9
1693021500,1654.71,1654.95,1654.64,1654.64,1.02686254,6
1693022400,1654.53,1654.56,1654.11,1654.11,22.99774567,7
1693023300,1654.19,1654.34,1653.42,1653.42,0.93209708,4
1693024200,1652.63,1652.63,1652.22,1652.5,12.01365412,10
1693025100,1652.84,1652.92,1652.78,1652.92,0.21213674,5
1693026000,1653.09,1653.35,1652.29,1652.3,0.31107867,7
1693026900,1652.16,1652.16,1651.88,1651.88,0.17157,2
1693027800,1651.91,1651.97,1651.61,1651.64,0.82313589,5
1693028700,1652.21,1652.49,1652.16,1652.49,7.42621326,11
1693029600,1651.5,1651.65,1651.24,1651.3,0.50810277,4
1693030500,1651.08,1652.38,1651.08,1652.38,1.64989495,7
1693031400,1652.64,1653.42,1652.64,1653.42,0.28290423,4
1693032300,1653.14,1653.31,1653.14,1653.31,2.213643,6
1693033200,1653.68,1653.86,1653.6,1653.86,0.15470059,3
1693034100,1653.86,1653.86,1653.31,1653.71,1.22400999,7
1693035000,1653.14,1653.51,1652.89,1653.51,3.05193856,11
1693035900,1653.02,1653.58,1652.75,1652.75,0.74195347,6
1693036800,1652.74,1652.89,1652.08,1652.24,1.84042368,8
1693037700,1653.51,1653.86,1653.51,1653.63,2.24797439,8
1693038600,1653.9,1653.9,1647.18,1649.66,12.71658145,31
1693039500,1649.48,1650.53,1648.81,1650.5,1.56136614,8
1693040400,1650.46,1650.46,1648.94,1649.3,2.76573269,11
1693041300,1649.06,1649.06,1648.22,1648.72,4.06211208,7
1693042200,1648.09,1648.49,1647.76,1648.49,0.27288457,4
1693043100,1649.69,1650.09,1649.69,1649.74,3.94680311,7
1693044000,1649.2,1649.97,1649.2,1649.53,0.5627019,9
1693044900,1649.66,1650.22,1649.42,1649.71,0.61113949,16
1693045800,1649.87,1649.96,1649.87,1649.92,1.00165626,7
1693046700,1649.87,1650.03,1649.87,1650.03,2.70296847,8
1693047600,1650.03,1650.03,1650.02,1650.03,0.30303863,5
1693048500,1650.03,1650.03,1650.03,1650.03,0.71076494,4
1693049400,1650.02,1650.73,1650.02,1650.73,3.45233994,12
1693050300,1650.73,1650.76,1650.07,1650.48,1.85041998,6
1693051200,1650.5,1650.65,1649.92,1650.07,5.39077173,19
1693052100,1650.31,1650.31,1649.0,1649.0,0.21709925,6
1693053000,1648.01,1648.52,1647.44,1648.0,1.72679234,21
1693053900,1647.67,1649.98,1647.14,1649.98,7.17484531,23
1693054800,1649.98,1650.28,1649.56,1649.56,2.41659059,19
1693055700,1649.7,1649.9,1649.31,1649.77,0.44902748,4
1693056600,1649.65,1650.61,1649.65,1650.6,6.60292911,18
1693057500,1650.54,1650.73,1650.31,1650.73,6.69205622,16
1693058400,1650.63,1650.63,1650.37,1650.53,0.27976598,6
1693059300,1650.35,1650.35,1650.34,1650.35,0.51646249,7
1693060200,1650.35,1651.72,1650.35,1651.08,0.74632396,8
1693061100,1651.4,1652.61,1651.4,1651.97,0.12687019,4
1693062000,1652.56,1652.91,1652.03,1652.03,0.39791869,5
1693062900,1652.18,1652.29,1651.35,1651.35,0.36214876,4
1693063800,1651.57,1652.06,1651.42,1652.06,2.00032683,12
1693064700,1651.69,1651.69,1651.47,1651.67,1.01734735,5
1693065600,1651.74,1652.11,1651.22,1651.22,3.85763096,14
1693066500,1651.38,1651.38,1650.35,1650.35,0.8203981,6
1693067400,1650.35,1650.35,1649.09,1649.09,1.94178088,8
1693068300,1648.17,1648.82,1647.22,1648.82,0.91293317,10
1693069200,1647.86,1648.06,1647.08,1647.95,2.919898,14
1693070100,1647.97,1647.97,1645.59,1645.59,2.75534853,12
1693071000,1645.16,1645.16,1644.73,1644.73,1.18697771,5
1693071900,1645.0,1645.11,1644.59,1644.96,0.76999031,6
1693072800,1646.01,1646.01,1645.18,1645.18,1.38914561,7
1693073700,1644.96,1645.05,1644.57,1644.65,1.18991924,12
1693074600,1644.81,1644.88,1644.4,1644.4,1.74736548,14
1693075500,1644.71,1645.92,1644.7,1645.85,1.3158379,11
1693076400,1645.72,1645.72,1645.27,1645.27,2.28527795,10
1693077300,1645.36,1645.36,1645.35,1645.36,3.31115765,10
1693078200,1645.36,1646.33,1645.36,1646.29,0.39135738,4
1693079100,1646.28,1646.41,1645.82,1646.18,0.5834004,9
1693080000,1646.18,1646.18,1645.77,1645.84,0.45484475,7
1693080900,1645.84,1647.86,1645.84,1647.43,1.31907001,14
1693081800,1647.43,1647.43,1646.75,1646.76,1.78541755,14
1693082700,1646.76,1647.63,1646.76,1647.63,1.52154681,13
1693083600,1647.48,1648.97,1647.34,1648.97,1.59865295,11
1693084500,1649.1,1650.47,1648.8,1650.47,4.43422341,9
1693085400,1649.36,1649.47,1649.0,1649.01,0.77492936,10
1693086300,1650.06,1650.19,1649.12,1649.12,2.66069473,10
1693087200,1649.3,1649.81,1648.9,1649.81,0.62133607,6
1693088100,1649.63,1649.63,1648.87,1649.07,1.04136581,9
1693089000,1648.96,1649.08,1648.44,1648.44,13.5572702,17
1693089900,1648.69,1648.69,1648.1,1648.1,0.59627673,7
1693090800,1648.59,1648.59,1646.75,1646.75,2.97746767,14
1693091700,1645.82,1646.55,1645.35,1646.55,1.83922522,10
1693092600,1646.84,1647.61,1646.69,1646.71,4.14352864,13
1693093500,1646.51,1647.13,1646.2,1647.13,0.51832823,5
1693094400,1646.89,1647.58,1646.48,1647.58,0.76994666,6
1693095300,1647.51,1649.23,1647.51,1649.17,2.97970463,9
1693096200,1649.03,1649.23,1648.22,1648.37,1.61058351,10
1693097100,1647.89,1648.4,1647.7,1647.81,15.18683989,19
1693098000,1647.42,1648.55,1646.57,1648.28,8.63761828,40
1693098900,1647.83,1648.1,1647.83,1648.06,0.96253115,3
1693099800,1647.91,1648.18,1647.91,1648.0,1.09765672,8
1693100700,1648.0,1649.75,1647.99,1649.75,0.356229,7
1693101600,1649.97,1649.98,1649.7,1649.7,1.05675673,5
1693102500,1649.43,1649.43,1648.0,1648.31,0.62185761,5
1693103400,1648.0,1648.09,1648.0,1648.0,0.9187187,6
1693104300,1647.99,1648.0,1647.17,1647.17,6.53373891,10
1693105200,1647.17,1647.17,1647.17,1647.17,3.59207207,6
1693106100,1647.17,1647.26,1647.17,1647.26,0.51139406,3
1693107000,1647.52,1647.85,1647.52,1647.85,0.27466404,4
1693107900,1647.81,1647.81,1647.69,1647.7,1.10642847,9
1693108800,1647.7,1648.18,1647.7,1647.97,0.24206973,3
1693109700,1648.14,1648.2,1648.01,1648.16,0.34988007,4
1693110600,1650.02,1650.12,1649.8,1649.8,0.07574604,3
1693111500,1649.81,1650.78,1649.81,1650.78,1.7642694,7
1693112400,1652.16,1652.52,1652.16,1652.31,0.68303678,6
1693113300,1652.18,1654.31,1652.16,1654.31,1.05339037,5
1693114200,1652.32,1652.32,1651.6,1651.6,0.36036082,8
1693115100,1651.38,1651.6,1651.32,1651.32,5.54779682,8
1693116000,1651.5,1651.82,1651.42,1651.42,0.89685124,7
1693116900,1651.31,1651.52,1650.01,1650.12,1.12511342,11
1693117800,1650.32,1650.32,1650.0,1650.0,0.29216476,4
1693118700,1650.0,1650.48,1648.66,1650.29,1.99922736,16
1693119600,1650.06,1650.19,1650.02,1650.19,0.61478374,5
1693120500,1650.01,1650.02,1649.25,1649.43,6.79558952,24
1693121400,1649.68,1649.68,1648.99,1649.08,1.58772074,6
1693122300,1649.27,1649.33,1649.06,1649.2,0.89543144,5
1693123200,1648.7,1649.74,1648.7,1649.74,0.35734377,4
1693124100,1649.63,1649.63,1647.92,1648.51,0.65540718,14
1693125000,1649.59,1650.71,1649.4,1649.4,2.03524796,7
1693125900,1649.62,1651.54,1649.62,1650.92,0.5645136,5
1693126800,1649.96,1649.96,1649.96,1649.96,0.083551,1
1693129500,1649.03,1649.03,1649.02,1649.03,0.75120851,4
1693130400,1650.92,1650.93,1650.92,1650.93,0.32843143,2
1693131300,1651.61,1651.99,1651.32,1651.99,2.23147522,9
1693132200,1652.0,1652.0,1652.0,1652.0,0.011,1
1693133100,1651.99,1652.34,1651.99,1652.34,0.56463658,4
1693134000,1650.64,1650.64,1650.13,1650.47,2.10682004,7
1693134900,1649.81,1651.13,1649.79,1651.13,0.75747752,4
1693135800,1650.39,1650.39,1649.98,1650.26,0.07186434,5
1693136700,1650.01,1650.18,1649.45,1649.45,1.07692423,5
1693137600,1649.45,1649.45,1649.02,1649.02,12.93993347,9
1693138500,1649.43,1649.5,1649.02,1649.02,0.1208421,4
1693139400,1648.99,1649.44,1648.99,1649.25,0.47539054,20
1693140300,1650.79,1651.0,1650.45,1651.0,14.97652127,15
1693141200,1651.03,1651.03,1650.84,1650.84,1.07488702,2
1693142100,1651.02,1651.13,1651.02,1651.13,0.30803726,7
1693143000,1651.13,1652.56,1650.57,1650.57,0.17314195,9
1693143900,1650.99,1650.99,1650.99,1650.99,0.06044,1
1693144800,1651.0,1657.14,1650.99,1655.77,2.68231666,24
1693145700,1657.2,1657.2,1653.99,1655.96,0.79824051,8
1693146600,1657.36,1657.45,1657.36,1657.45,0.06733027,2
1693147500,1657.45,1657.81,1656.77,1657.66,0.15978286,6
1693148400,1658.55,1658.55,1657.02,1657.02,13.03265206,16
1693149300,1657.86,1657.87,1657.86,1657.87,0.18500513,4
1693150200,1658.55,1658.55,1657.26,1657.26,0.39603266,5
1693151100,1657.71,1657.71,1655.33,1655.33,3.02945781,5
1693152000,1655.32,1655.32,1655.15,1655.16,10.0334,3
1693152900,1655.71,1657.75,1655.63,1657.75,0.79554991,7
1693153800,1657.9,1658.56,1657.55,1657.55,1.58306124,4
1693154700,1658.51,1659.53,1658.51,1659.32,2.70950473,11
1693155600,1659.3,1659.3,1658.2,1658.2,1.88826611,7
1693156500,1657.55,1657.55,1657.04,1657.04,0.10133,2
1693157400,1656.38,1656.38,1654.07,1654.07,0.54208175,6
1693158300,1652.9,1652.91,1651.61,1651.61,0.67684579,4
1693159200,1651.2,1651.2,1651.2,1651.2,0.15,1
1693160100,1652.71,1653.25,1652.71,1653.25,0.35562898,5
1693161000,1653.35,1653.35,1652.99,1652.99,0.8393919,5
1693161900,1653.72,1655.39,1653.72,1654.86,1.67321055,5
1693162800,1654.59,1657.11,1654.59,1657.01,0.09896853,3
1693163700,1657.04,1657.67,1657.04,1657.41,1.04319948,5
1693164600,1656.91,1657.68,1656.91,1657.68,0.41938189,3
1693166400,1654.47,1654.47,1653.94,1654.28,0.03626766,3
1693167300,1654.37,1654.59,1654.02,1654.4,5.39460454,12
1693168200,1654.19,1654.19,1654.19,1654.19,0.1209,1
1693169100,1654.04,1654.36,1654.03,1654.36,0.85745363,7
1693170000,1654.34,1654.65,1654.2,1654.5,0.38804674,5
1693170900,1657.08,1657.08,1656.36,1657.07,0.80094392,3
1693171800,1657.43,1657.44,1657.43,1657.44,0.97120492,2
1693172700,1657.3,1657.3,1652.51,1652.51,0.22076772,5
1693173600,1652.14,1652.14,1652.14,1652.14,0.099,1
1693174500,1653.56,1655.1,1653.55,1654.85,16.40773239,8
1693175400,1654.56,1655.85,1654.56,1655.85,1.45040533,5
1693176300,1655.43,1656.97,1655.43,1656.97,2.15583562,9
1693177200,1657.69,1658.0,1657.69,1658.0,0.26920302,7
1693178100,1658.0,1658.0,1656.51,1656.51,32.92199748,18
1693179000,1656.69,1657.27,1656.69,1657.2,3.39316779,5
1693179900,1658.0,1658.0,1658.0,1658.0,0.01508568,1
1693181700,1656.93,1656.93,1653.84,1653.84,0.25357198,2
1693183500,1654.08,1654.08,1650.04,1650.5,5.04286447,5
1693184400,1651.01,1651.48,1648.51,1649.67,2.37045691,12
1693185300,1649.54,1651.31,1649.54,1651.06,2.55082246,9
1693186200,1651.29,1651.34,1651.27,1651.27,0.49283769,4
1693187100,1649.35,1649.35,1648.99,1648.99,1.39403745,2
1693188900,1649.21,1650.81,1649.21,1650.81,0.59835744,5
1693189800,1650.7,1651.94,1650.7,1651.94,0.72106977,2
1693190700,1651.21,1651.21,1651.21,1651.21,0.10635631,1
1693191600,1650.95,1651.04,1650.76,1650.76,0.87849406,5
1693192500,1650.11,1650.81,1650.11,1650.69,0.1364651,4
1693193400,1649.91,1649.91,1649.71,1649.71,17.0920097,4
1693194300,1649.72,1649.94,1649.68,1649.94,14.11841314,5
1693196100,1650.13,1650.13,1650.13,1650.13,0.04139629,1
1693197000,1650.19,1650.19,1649.67,1649.67,0.22366279,3
1693197900,1650.23,1650.23,1650.23,1650.23,0.01211952,1
1693198800,1650.27,1650.27,1650.27,1650.27,0.01515078,1
1693199700,1651.0,1651.0,1649.69,1649.69,4.72222249,7
1693200600,1648.32,1648.32,1637.86,1640.37,12.55671755,51
1693201500,1641.73,1643.26,1641.73,1643.26,1.29108797,3
1693202400,1642.54,1643.33,1642.54,1643.33,4.00059982,6
1693203300,1645.0,1645.01,1645.0,1645.0,1.51706273,7
1693204200,1644.04,1644.04,1642.13,1642.13,0.03727635,2
1693205100,1643.29,1643.29,1643.29,1643.29,0.013,1
1693206000,1643.41,1643.69,1643.39,1643.69,3.19373174,4
1693206900,1641.47,1642.3,1641.47,1642.3,0.32005459,2
1693207800,1641.1,1641.69,1639.84,1639.84,15.64511286,7
1693208700,1640.44,1642.06,1640.09,1641.67,20.25740445,17
1693209600,1642.81,1642.83,1641.63,1641.65,2.56643481,16
1693210500,1641.65,1643.0,1641.63,1642.8,4.54339976,22
1693211400,1641.04,1641.04,1641.04,1641.04,0.035222,1
1693212300,1642.23,1642.42,1641.48,1642.42,1.26282353,7
1693213200,1641.85,1641.85,1638.64,1638.64,1.21339636,12
1693214100,1638.46,1638.87,1624.42,1634.59,108.49932003,137
1693215000,1635.01,1636.58,1633.96,1633.96,1.57477614,8
1693215900,1634.16,1634.82,1632.51,1634.82,15.54707314,10
1693216800,1636.48,1636.48,1635.25,1635.25,5.60693193,3
1693217700,1634.52,1636.37,1634.5,1636.37,0.297511,9
1693218600,1637.16,1637.68,1637.13,1637.67,0.27016214,6
1693219500,1637.08,1637.74,1637.08,1637.74,0.21844187,14
1693220400,1638.27,1638.27,1638.13,1638.18,2.55463263,11
1693221300,1637.88,1637.89,1637.88,1637.88,0.88892281,5
1693222200,1637.88,1638.3,1637.88,1637.89,4.09601261,8
1693223100,1638.0,1639.95,1637.89,1639.78,3.76689647,12
1693224000,1640.0,1648.21,1640.0,1648.21,1.48642803,22
1693224900,1650.0,1662.49,1649.45,1658.01,13.9849426,60
1693225800,1658.44,1659.82,1653.5,1653.75,1.8343434,23
1693226700,1653.8,1655.33,1653.66,1654.59,1.2591401,6
1693227600,1656.11,1656.11,1652.57,1652.57,20.12313517,11
1693228500,1652.18,1652.78,1652.01,1652.78,1.99010557,10
1693230300,1651.72,1651.72,1648.87,1648.87,2.70649595,12
1693231200,1647.09,1649.65,1647.09,1648.92,25.25063907,10
1693232100,1650.94,1651.85,1648.35,1651.73,4.93815324,15
1693233000,1651.48,1653.21,1649.71,1650.41,2.22829171,9
1693233900,1649.86,1651.99,1649.17,1649.17,1.45369632,9
1693234800,1651.53,1651.56,1651.08,1651.09,0.28105456,5
1693235700,1651.08,1651.08,1649.71,1649.72,8.18766618,8
1693236600,1651.81,1653.0,1650.87,1650.88,5.41483112,5
1693237500,1650.08,1650.08,1645.59,1646.81,47.29387548,10
1693238400,1648.97,1650.7,1648.43,1650.7,58.08729111,75
1693239300,1650.5,1652.02,1650.09,1652.02,67.16982427,13
1693240200,1650.65,1651.66,1650.65,1651.66,1.87496294,8
1693241100,1652.03,1652.03,1651.46,1651.51,0.37515426,3
1693242000,1651.69,1654.61,1651.69,1652.69,1.22535662,10
1693242900,1651.54,1652.28,1650.83,1650.83,4.17041456,8
1693243800,1651.48,1652.57,1650.85,1650.85,4.88326022,16
1693244700,1651.29,1651.29,1650.99,1650.99,18.93425187,11
1693245600,1649.9,1650.28,1647.88,1649.7,1.74664314,11
1693246500,1649.71,1650.59,1649.39,1650.59,6.15352541,5
1693247400,1650.67,1650.67,1649.25,1649.25,0.94772339,5
1693248300,1649.32,1649.84,1649.25,1649.84,0.5693939,6
1693249200,1651.0,1652.74,1650.99,1650.99,2.12138813,16
1693250100,1649.69,1649.69,1640.26,1642.8,3.22812317,13
1693251000,1644.19,1646.16,1644.19,1645.47,1.670773,12
1693251900,1645.98,1647.22,1645.05,1646.84,8.55214399,21
1693252800,1646.74,1647.78,1645.55,1645.55,0.29469928,9
1693253700,1646.34,1648.22,1646.34,1647.73,0.66026767,9
1693254600,1647.47,1647.47,1647.12,1647.42,0.17162492,3
1693255500,1645.91,1647.03,1645.91,1647.03,0.21315062,4
1693256400,1646.79,1647.47,1645.06,1645.06,1.95649458,11
1693257300,1647.42,1647.42,1646.63,1646.98,0.73215203,5
1693258200,1647.01,1647.01,1647.01,1647.01,0.02125063,1
1693259100,1646.68,1646.68,1644.46,1644.46,0.89255042,6
1693260000,1646.66,1646.66,1645.68,1646.55,0.82595609,6
1693260900,1649.51,1649.72,1649.51,1649.72,0.37574921,2
1693261800,1648.87,1649.23,1648.87,1649.23,0.04008771,2
1693262700,1650.63,1650.63,1650.08,1650.08,0.02571097,2
1693263600,1650.82,1651.48,1650.82,1650.84,1.21259029,8
1693264500,1654.14,1655.46,1654.14,1655.46,0.24410022,6
1693266300,1654.09,1654.09,1653.51,1653.51,0.05275628,2
1693267200,1653.14,1655.57,1653.14,1654.53,0.3024406,8
1693268100,1655.58,1655.58,1655.26,1655.26,0.21838882,2
1693269000,1653.7,1653.7,1653.7,1653.7,0.38,2
1693269900,1656.15,1656.32,1656.15,1656.32,14.10859224,5
1693270800,1656.95,1656.95,1654.84,1655.52,23.54517079,4
1693271700,1657.45,1660.86,1657.45,1658.69,48.61495622,22
1693272600,1661.37,1661.37,1659.11,1659.83,0.71913089,11
1693273500,1659.96,1659.96,1655.31,1655.88,0.32048362,5
1693274400,1655.05,1655.05,1654.69,1654.69,0.12661634,3
1693275300,1653.99,1653.99,1653.99,1653.99,0.06885558,1
1693276200,1652.97,1652.97,1652.97,1652.97,0.03001164,1
1693277100,1652.64,1652.98,1652.64,1652.98,0.11804776,5
1693278000,1652.65,1652.65,1652.64,1652.64,0.05173135,2
1693278900,1652.18,1652.18,1651.67,1651.67,0.07616148,2
1693279800,1651.78,1651.78,1651.78,1651.78,0.08173001,1
1693280700,1653.02,1653.02,1652.57,1652.57,0.04762239,2
1693281600,1652.78,1652.78,1651.76,1651.76,0.40161372,5
1693282500,1652.48,1652.78,1652.47,1652.78,0.53064937,6
1693283400,1653.02,1653.66,1653.02,1653.66,0.14940011,3
1693284300,1651.53,1651.54,1651.4,1651.4,2.87904681,3
1693285200,1651.11,1651.11,1651.11,1651.11,0.01,1
1693286100,1650.68,1651.11,1650.68,1651.11,0.21845838,2
1693287000,1651.23,1651.23,1650.36,1650.36,0.95393971,5
1693287900,1651.68,1651.68,1651.68,1651.68,0.03055447,1
1693289700,1649.23,1649.32,1648.73,1648.73,0.28528922,7
1693290600,1648.73,1648.73,1646.39,1646.39,0.08201757,3
1693291500,1648.38,1648.38,1647.32,1647.49,2.01008358,9
1693292400,1646.4,1646.96,1646.4,1646.65,14.35309907,36
1693293300,1647.69,1651.26,1647.32,1651.07,0.43368096,16
1693294200,1649.82,1652.03,1646.23,1646.98,1.73366148,44
1693295100,1646.82,1647.26,1645.4,1645.4,0.49042625,6
1693296000,1645.7,1647.44,1645.7,1647.44,1.23334054,6
1693296900,1646.28,1647.68,1646.28,1647.45,1.48032838,8
1693297800,1647.45,1647.9,1646.26,1646.73,4.74660901,9
1693298700,1646.98,1647.78,1646.34,1646.34,2.65853006,5
1693299600,1645.31,1645.83,1645.31,1645.77,0.17746999,4
1693300500,1646.41,1647.56,1646.41,1647.43,0.6455755,6
1693301400,1646.92,1646.92,1646.92,1646.92,0.01128261,1
1693302300,1646.67,1646.67,1646.38,1646.38,0.02502029,2
1693303200,1645.15,1645.44,1644.94,1644.94,1.3193539,8
1693304100,1644.9,1644.96,1643.1,1643.56,9.21085275,9
1693305000,1642.98,1643.14,1641.7,1642.42,5.37849057,18
1693305900,1643.19,1643.93,1642.3,1643.93,1.36946081,4
1693306800,1644.19,1645.24,1644.19,1644.93,0.61653548,6
1693307700,1644.4,1645.46,1644.4,1645.42,4.57762944,4
1693308600,1644.18,1644.18,1641.32,1641.32,0.88293308,9
1693309500,1641.19,1643.16,1641.19,1642.67,0.90737601,6
1693310400,1642.28,1642.28,1642.23,1642.23,0.2147144,3
1693311300,1641.2,1641.84,1641.06,1641.84,1.40128112,6
1693312200,1642.29,1645.34,1642.29,1645.08,0.240791,16
1693313100,1643.95,1645.11,1643.84,1645.11,1.69168585,6
1693314000,1645.48,1645.75,1643.67,1643.67,1.76978117,8
1693314900,1643.42,1643.42,1642.91,1642.91,28.4355959,10
1693315800,1643.87,1644.8,1643.34,1644.8,0.5477751,5
1693316700,1645.67,1648.84,1645.54,1645.54,3.31068242,9
1693317600,1646.6,1654.14,1646.6,1652.3,21.74269406,29
1693318500,1655.6,1700.82,1655.6,1697.0,169.65435683,334
1693319400,1696.61,1736.49,1693.13,1732.37,144.7685273,301
1693320300,1729.5,1734.59,1712.59,1720.74,164.4017143,150
1693321200,1720.74,1725.0,1718.9,1719.86,39.30575514,40
1693322100,1719.62,1719.62,1711.0,1716.65,21.90518105,30
1693323000,1718.81,1721.65,1717.37,1719.98,45.82281332,29
1693323900,1718.89,1720.09,1713.92,1713.92,22.24654407,22
1693324800,1715.02,1732.88,1711.0,1725.74,149.37421765,144
1693325700,1727.42,1743.77,1723.06,1734.91,27.41220775,76
1693326600,1734.21,1734.6,1727.7,1728.64,13.90043555,37
1693327500,1728.2,1734.96,1728.2,1734.96,2.78889062,12
1693328400,1733.1,1737.47,1731.67,1732.17,13.3740468,25
1693329300,1733.04,1737.61,1733.04,1737.61,1.59952977,10
1693330200,1738.55,1742.44,1738.22,1738.61,13.16077685,30
1693331100,1737.91,1737.91,1731.85,1736.09,40.63173709,29
1693332000,1734.12,1734.98,1732.53,1734.91,2.38010293,12
1693332900,1736.4,1739.18,1735.62,1739.18,0.87832953,8
1693333800,1738.67,1739.71,1735.36,1737.59,3.22858857,12
1693334700,1737.51,1738.29,1736.68,1736.68,0.38682608,3
1693335600,1735.09,1740.0,1733.38,1739.75,7.18401013,22
1693336500,1739.19,1739.19,1736.26,1736.26,0.91929315,2
1693337400,1737.01,1741.71,1736.74,1741.31,10.3330871,16
1693338300,1741.31,1741.31,1736.75,1737.87,0.97134624,6
1693339200,1738.0,1739.8,1738.0,1739.39,5.22709904,7
1693340100,1739.65,1741.0,1739.65,1741.0,9.55992749,23
1693341000,1740.31,1740.73,1732.81,1734.43,95.04781344,105
1693341900,1734.37,1734.37,1726.88,1726.88,24.08125585,33
1693342800,1726.74,1731.51,1726.74,1731.35,3.07929135,10
1693343700,1731.83,1732.65,1730.96,1732.28,0.80645511,6
1693344600,1731.93,1731.95,1731.15,1731.91,0.99932086,6
1693345500,1731.73,1731.73,1731.73,1731.73,0.01084985,1
1693346400,1732.82,1732.82,1732.82,1732.82,4.82232055,2
1693347300,1731.23,1731.23,1729.49,1729.49,0.1649515,2
1693348200,1729.4,1730.91,1728.13,1730.91,8.14525091,13
1693349100,1730.95,1731.0,1729.55,1730.26,15.41673288,10
1693350000,1729.84,1729.84,1728.92,1728.92,0.20342266,2
1693350900,1726.52,1726.52,1723.83,1724.54,10.27619714,23
1693351800,1724.75,1727.66,1724.75,1727.66,3.29427224,4
1693352700,1730.03,1730.03,1730.03,1730.03,0.3937,1
1693353600,1730.0,1730.12,1729.48,1729.57,5.01760698,6
1693354500,1730.17,1730.17,1728.56,1729.61,0.32980459,3
1693355400,1728.75,1728.75,1728.75,1728.75,0.24363428,1
1693356300,1726.58,1726.58,1723.24,1723.24,1.89485302,6
1693357200,1723.07,1723.07,1715.57,1716.89,3.21027559,25
1693358100,1719.36,1720.59,1718.29,1718.29,0.3101817,5
1693359000,1717.69,1718.09,1717.69,1718.09,0.11634179,2
1693360800,1718.95,1719.45,1718.19,1719.45,25.1163627,4
1693361700,1718.57,1718.57,1716.16,1716.16,1.02642,3
1693362600,1719.49,1719.49,1719.49,1719.49,1.56716914,1
1693363500,1717.89,1718.25,1717.11,1717.12,0.25535983,4
1693364400,1716.04,1716.04,1716.04,1716.04,0.01,1
1693365300,1715.1,1715.1,1714.73,1714.73,0.16344311,3
1693366200,1718.38,1718.63,1718.38,1718.63,0.03884545,2
1693367100,1718.7,1718.94,1718.7,1718.71,0.39847541,3
1693368000,1720.73,1720.73,1720.32,1720.32,3.00564055,2
1693368900,1720.32,1720.32,1719.44,1719.44,0.33330407,5
1693369800,1718.6,1718.98,1718.52,1718.62,4.50190842,9
1693370700,1718.99,1719.51,1718.84,1719.51,23.0650744,7
1693371600,1719.12,1720.33,1718.97,1720.33,62.07458689,21
1693372500,1719.62,1719.62,1718.29,1718.29,0.4385385,3
1693373400,1718.0,1718.0,1718.0,1718.0,0.11568746,1
1693374300,1718.3,1720.17,1718.3,1720.17,0.96912466,3
1693375200,1720.67,1720.67,1720.01,1720.01,1.73545485,3
1693376100,1720.0,1720.4,1720.0,1720.18,1.12597887,5
1693377000,1720.2,1720.35,1719.53,1720.24,2.96993193,10
1693377900,1720.38,1720.38,1716.55,1717.92,0.76163814,10
1693378800,1717.69,1718.51,1717.34,1718.06,7.49208805,14
1693379700,1718.04,1718.83,1718.04,1718.75,135.4283156,105
1693380600,1718.82,1718.82,1718.14,1718.14,2.431757,3
1693381500,1716.47,1716.47,1716.47,1716.47,0.05156,1
1693382400,1717.79,1717.79,1716.05,1716.47,3.2817459,9
1693383300,1716.33,1716.76,1716.33,1716.76,1.31887972,8
1693384200,1717.36,1719.27,1717.2,1719.24,1.80101064,7
1693385100,1719.53,1719.53,1717.86,1718.79,1.53735104,7
1693386000,1718.62,1718.62,1717.61,1717.62,9.4699201,19
1693386900,1717.61,1717.61,1712.16,1712.16,6.1218108,19
1693387800,1712.35,1715.7,1712.35,1715.7,1.38572527,10
1693388700,1715.73,1715.73,1715.32,1715.32,0.36117,2
1693389600,1715.44,1716.19,1715.41,1716.19,0.98027476,9
1693390500,1717.45,1718.51,1717.45,1718.51,0.33003683,4
1693391400,1718.79,1719.0,1718.79,1719.0,2.61116031,26
1693392300,1720.59,1720.59,1720.56,1720.59,0.38363366,4
1693393200,1719.96,1720.01,1719.7,1719.7,8.75148428,9
1693394100,1719.17,1719.17,1718.1,1718.57,2.07773992,15
1693395000,1717.74,1718.57,1716.85,1716.85,14.67497014,14
1693395900,1716.85,1718.28,1716.08,1716.08,3.75981061,7
1693396800,1715.6,1717.52,1715.6,1717.44,120.92659038,43
1693397700,1718.0,1718.57,1718.0,1718.57,26.60562358,24
1693398600,1718.57,1720.56,1713.62,1714.56,17.77555913,38
1693399500,1717.73,1718.67,1717.61,1717.61,25.05886939,8
1693400400,1717.42,1719.49,1717.16,1719.19,6.27069956,6
1693401300,1721.42,1722.17,1721.36,1722.17,6.37192205,18
1693402200,1721.46,1721.46,1704.65,1712.7,22.68092498,56
1693403100,1713.52,1720.0,1713.5,1720.0,115.34589086,30
1693404000,1717.74,1719.65,1717.29,1717.29,2.64060596,5
1693404900,1715.25,1715.56,1713.0,1713.34,3.71636507,13
1693405800,1712.18,1714.08,1706.83,1706.83,11.71718532,17
1693406700,1707.47,1710.29,1697.25,1702.05,21.19295153,66
1693407600,1702.75,1703.55,1698.0,1703.5,13.49384611,10
1693408500,1705.32,1705.32,1701.3,1702.14,2.86031168,19
1693409400,1703.3,1707.44,1703.3,1705.58,1.68527018,7
1693410300,1705.51,1705.51,1703.16,1703.16,16.40659091,12
1693411200,1703.25,1704.25,1700.25,1700.25,1.23333626,6
1693412100,1700.79,1702.46,1700.79,1702.46,0.74187037,4
1693413000,1702.37,1702.37,1696.24,1700.33,19.17846392,19
1693413900,1699.42,1700.57,1698.62,1700.57,15.03675739,13
1693414800,1699.69,1703.19,1697.91,1703.19,1.37644802,9
1693415700,1703.05,1703.05,1702.92,1702.92,1.12058076,3
1693416600,1703.83,1704.33,1703.18,1703.18,1.3654533,7
1693417500,1703.64,1704.05,1701.27,1701.27,1.26144518,6
1693418400,1700.59,1700.59,1698.06,1698.7,0.86715545,9
1693419300,1700.34,1700.34,1697.69,1697.69,0.08108663,2
1693420200,1698.44,1701.43,1698.44,1701.43,0.6593339,5
1693421100,1702.07,1704.78,1701.63,1703.92,2.03367003,9
1693422000,1703.54,1703.61,1702.84,1702.84,2.97388451,7
1693422900,1702.6,1702.71,1702.13,1702.13,44.69412124,22
1693423800,1702.48,1703.85,1702.48,1703.56,9.80393654,17
1693424700,1704.01,1704.01,1703.17,1703.2,0.85437164,14
1693425600,1702.12,1704.72,1701.38,1704.72,26.40909316,11
1693427400,1705.0,1705.0,1704.98,1704.98,0.73815959,6
1693428300,1704.61,1704.61,1702.98,1703.88,0.80083953,5
1693429200,1704.32,1706.65,1703.41,1706.65,0.74982715,8
1693430100,1707.08,1707.45,1704.55,1704.55,1.64995771,5
1693431000,1703.66,1704.11,1702.39,1702.39,0.15199077,4
1693431900,1703.75,1705.65,1703.6,1703.6,0.96831949,5
1693432800,1703.63,1703.63,1703.63,1703.63,0.02115951,1
1693433700,1702.61,1703.0,1702.61,1702.87,0.64890472,4
1693434600,1702.66,1703.38,1702.66,1703.38,0.07209029,2
1693436400,1703.28,1703.28,1703.28,1703.28,0.00520584,1
1693437300,1704.75,1705.34,1704.75,1705.34,0.01635342,2
1693438200,1705.59,1705.59,1705.43,1705.43,0.02818502,2
1693439100,1706.62,1706.62,1704.67,1705.18,2.33202105,10
1693440000,1704.98,1704.98,1703.57,1703.57,1.39556754,7
1693440900,1702.81,1702.93,1702.45,1702.45,0.85162939,4
1693441800,1702.04,1702.04,1701.05,1701.05,0.39797289,4
1693442700,1700.59,1701.47,1700.59,1701.47,0.09007093,3
1693443600,1701.62,1701.62,1701.62,1701.62,0.8,1
1693444500,1701.08,1701.45,1701.07,1701.3,3.29538367,6
1693445400,1702.32,1702.32,1701.89,1701.89,1.85042442,6
1693446300,1701.0,1701.0,1700.35,1700.35,0.063,2
1693447200,1700.21,1700.21,1700.0,1700.0,2.09387758,3
1693448100,1700.9,1700.9,1700.86,1700.88,2.04432266,6
1693449900,1700.13,1700.13,1700.13,1700.13,0.11588,1
1693450800,1700.25,1700.25,1700.25,1700.25,0.15645338,1
1693451700,1700.13,1700.13,1700.0,1700.0,0.63038104,2
1693452600,1698.2,1698.2,1698.2,1698.2,0.223976,1
1693453500,1699.18,1699.27,1699.18,1699.27,2,4
1693454400,1699.82,1699.82,1699.82,1699.82,0.1,1
1693455300,1700.01,1700.01,1700.01,1700.01,2.17628,18
1693456200,1702.02,1702.76,1701.07,1701.07,3.33610296,13
1693457100,1701.59,1701.59,1701.59,1701.59,0.01,1
1693459800,1703.63,1704.68,1703.21,1704.44,2.85286619,12
1693460700,1703.98,1703.98,1703.98,1703.98,0.15003216,1
1693461600,1703.58,1703.67,1703.31,1703.31,7.34259876,14
1693462500,1703.1,1703.1,1703.1,1703.1,0.40674494,3
1693463400,1704.82,1705.03,1704.82,1705.03,0.54859786,3
1693464300,1705.0,1705.0,1705.0,1705.0,0.01054118,1
1693465200,1704.81,1705.23,1704.81,1705.23,0.31153225,6
1693466100,1704.08,1706.7,1704.08,1706.7,21.89922785,20
1693467000,1706.99,1706.99,1705.2,1705.39,6.39794354,20
1693467900,1705.21,1706.71,1704.86,1706.71,1.69783521,13
1693468800,1706.52,1707.1,1706.05,1706.05,3.21741715,13
1693469700,1707.53,1707.63,1706.05,1706.05,11.81249008,14
1693470600,1706.23,1706.23,1705.78,1705.87,3.25908131,10
1693471500,1706.04,1706.25,1705.61,1705.79,13.53672562,11
1693472400,1706.57,1706.76,1704.39,1705.03,4.29913999,12
1693473300,1705.76,1705.76,1704.28,1704.28,2.12494845,11
1693474200,1704.85,1705.41,1704.19,1704.88,2.57186622,12
1693475100,1705.01,1705.01,1704.81,1704.82,1.71603085,10
1693476000,1704.82,1705.0,1704.81,1705.0,1.91674899,11
1693476900,1704.84,1704.84,1704.81,1704.82,0.59020893,8
1693477800,1704.82,1704.87,1704.81,1704.81,1.1017956,8
1693478700,1704.89,1705.27,1704.66,1705.27,2.3696045,13
1693479600,1705.51,1707.73,1705.51,1707.73,0.86262638,9
1693480500,1707.27,1715.44,1707.23,1713.19,9.82878168,44
1693481400,1711.86,1724.36,1711.86,1719.51,111.03247842,58
1693482300,1719.4,1719.4,1713.8,1714.02,4.82979489,26
1693483200,1714.21,1714.35,1706.42,1710.41,25.67067051,51
1693484100,1710.85,1711.94,1708.09,1711.19,1.9606246,11
1693485000,1708.92,1710.93,1707.99,1710.44,5.21121609,21
1693485900,1710.81,1710.81,1708.5,1708.5,9.26642706,17
1693486800,1708.36,1708.36,1705.53,1707.57,0.55843423,12
1693487700,1708.11,1708.21,1705.41,1706.91,1.93339239,11
1693488600,1706.19,1707.56,1706.0,1706.0,1.21667348,9
1693489500,1705.47,1705.82,1700.43,1704.0,16.25405739,44
1693490400,1704.45,1704.94,1699.68,1700.51,4.95687895,17
1693491300,1701.51,1703.15,1699.11,1699.33,9.19958147,29
1693492200,1702.33,1702.99,1701.14,1702.99,2.54462969,11
1693493100,1702.09,1705.54,1702.09,1705.4,25.88149653,50
1693494000,1704.52,1704.52,1703.73,1703.93,27.41686042,11
1693494900,1704.25,1704.44,1699.68,1701.33,4.14332723,17
1693495800,1701.13,1701.34,1679.72,1685.78,52.29380891,157
1693496700,1683.4,1688.24,1683.4,1687.74,10.99493142,28
1693497600,1688.52,1688.97,1686.3,1687.55,6.2500879,22
1693498500,1683.74,1685.21,1678.83,1680.77,6.85711052,17
1693499400,1680.38,1680.38,1666.36,1666.36,77.07817494,82
1693500300,1669.38,1669.38,1650.57,1650.57,42.9867648,93
1693501200,1650.27,1659.61,1645.16,1658.23,35.87020605,70
1693502100,1656.72,1658.12,1654.66,1658.12,6.01696728,13
1693503000,1658.32,1661.87,1658.28,1660.02,3.80048554,20
1693503900,1658.86,1661.67,1658.21,1658.92,9.28042484,29
1693504800,1661.26,1665.3,1660.98,1663.99,52.23339173,35
1693505700,1663.19,1663.19,1659.21,1660.56,3.9343796,17
1693506600,1659.97,1660.38,1657.47,1657.47,100.99536666,55
1693507500,1657.47,1659.89,1655.98,1658.01,27.60653524,25
1693508400,1657.27,1658.52,1646.64,1653.42,7.42050548,45
1693509300,1652.47,1655.49,1650.67,1653.47,10.9741683,35
1693510200,1655.39,1657.95,1655.39,1657.95,5.29326885,19
1693511100,1657.94,1658.12,1656.82,1657.62,0.8418868,10
1693512000,1657.0,1657.0,1651.87,1653.97,43.44398273,57
1693512900,1653.4,1656.32,1653.15,1656.32,22.46427407,51
1693513800,1656.23,1656.5,1653.47,1653.76,5.77487532,22
1693514700,1653.32,1653.32,1647.24,1647.83,73.88249433,59
1693515600,1648.88,1648.88,1632.29,1639.32,28.54636344,116
1693516500,1640.42,1645.62,1640.42,1644.38,6.59098805,32
1693517400,1643.77,1645.7,1643.5,1645.15,18.97614046,31
1693518300,1645.08,1648.88,1645.04,1647.05,0.45244556,7
1693519200,1644.76,1647.7,1644.76,1646.21,100.40702142,34
1693520100,1647.51,1647.94,1646.98,1647.85,0.28315258,5
1693521000,1647.68,1648.4,1646.36,1646.44,1.98971022,9
1693521900,1647.07,1649.06,1647.07,1649.06,5.40415738,7
1693522800,1649.0,1649.13,1647.55,1647.55,8.22356782,13
1693523700,1647.95,1647.96,1647.95,1647.96,0.35015459,2
1693524600,1644.85,1646.35,1644.85,1646.09,0.43100221,4
1693525500,1647.06,1647.06,1645.93,1645.93,1.91981049,7
1693526400,1645.39,1649.56,1645.39,1649.55,2.49175972,10
1693527300,1650.01,1651.24,1650.01,1651.24,0.32451325,7
1693528200,1651.44,1653.35,1651.44,1652.99,16.25630992,8
1693529100,1653.22,1653.22,1653.22,1653.22,0.04970667,1
1693530000,1651.49,1651.87,1651.48,1651.87,0.09275603,3
1693530900,1651.28,1651.28,1650.59,1650.81,8.46703946,9
1693531800,1650.13,1650.29,1650.13,1650.29,0.20948872,3
1693532700,1650.79,1650.79,1649.61,1649.61,0.32818136,7
1693533600,1650.41,1650.66,1650.12,1650.12,6.25035501,6
1693534500,1650.08,1651.38,1650.08,1650.69,1.42550288,10
1693535400,1652.09,1652.09,1651.54,1651.54,1.01193095,2
1693536300,1651.97,1651.97,1650.22,1650.22,0.96557639,4
1693537200,1650.06,1650.17,1649.05,1649.46,0.6092979,8
1693538100,1649.46,1650.2,1649.46,1650.2,0.34043948,3
1693539000,1652.44,1652.8,1651.84,1651.84,0.37521139,3
1693539900,1652.76,1652.92,1652.76,1652.92,0.30358018,2
1693540800,1652.29,1652.29,1652.29,1652.29,0.12880169,1
1693541700,1651.57,1651.57,1651.57,1651.57,0.02266838,1
1693542600,1651.09,1651.09,1651.09,1651.09,0.17901296,1
1693543500,1651.34,1651.62,1651.34,1651.62,17.655,9
1693545300,1649.75,1649.75,1649.75,1649.75,0.04548191,1
1693546200,1649.27,1649.27,1648.63,1649.21,1.12790139,8
1693547100,1648.89,1649.71,1648.73,1648.73,12.59680266,8
1693548000,1648.56,1649.36,1648.56,1649.36,0.04789785,2
1693548900,1649.19,1649.19,1648.77,1648.84,0.87206227,5
1693549800,1648.42,1648.42,1646.55,1647.01,20.75016953,8
1693550700,1647.24,1647.25,1644.92,1644.92,0.69186888,7
1693551600,1644.96,1645.91,1644.9,1645.91,12.37131484,13
1693552500,1646.68,1646.68,1644.13,1644.78,21.86561735,17
1693553400,1645.61,1646.7,1645.28,1645.44,0.71264216,11
1693554300,1646.19,1646.57,1645.49,1646.26,39.99785748,25
1693555200,1646.42,1648.46,1646.42,1646.96,9.02525713,16
1693556100,1646.79,1646.79,1644.57,1645.09,59.46213288,40
1693557000,1644.91,1646.13,1644.47,1644.79,1.81681496,13
1693557900,1644.8,1644.88,1643.84,1643.87,2.76970106,18
1693558800,1644.11,1645.77,1642.82,1645.77,1.56257758,12
1693559700,1645.9,1647.09,1645.03,1646.17,4.66325733,17
1693560600,1645.69,1645.91,1645.01,1645.91,2.84240944,18
1693561500,1645.19,1646.66,1645.14,1645.14,0.4260744,5
1693562400,1645.53,1645.53,1645.01,1645.22,3.49405953,13
1693563300,1645.51,1645.57,1645.01,1645.01,5.17782053,20
1693564200,1645.01,1645.02,1643.08,1643.08,15.53190871,24
1693565100,1643.15,1643.5,1642.43,1642.81,2.12171581,27
1693566000,1642.82,1643.87,1642.3,1642.31,8.85754657,27
1693566900,1642.45,1643.98,1642.45,1642.58,1.93175827,16
1693567800,1642.54,1646.68,1642.54,1646.68,1.05208644,9
1693568700,1646.48,1648.14,1646.48,1647.86,5.00981568,59
1693569600,1646.98,1648.8,1646.98,1648.66,6.58434471,24
1693570500,1648.65,1651.62,1648.56,1648.77,11.01551189,20
1693571400,1649.19,1649.19,1643.39,1644.0,4.36511722,37
1693572300,1644.7,1645.97,1644.03,1645.66,2.02016885,12
1693573200,1646.68,1646.68,1645.12,1645.16,15.69543146,18
1693574100,1645.09,1645.45,1644.59,1644.94,2.92426961,11
1693575000,1645.89,1645.89,1642.31,1643.14,1.04118209,18
1693575900,1643.09,1644.37,1636.2,1644.37,16.39652929,43
1693576800,1643.08,1645.43,1640.73,1640.73,3.47425133,16
1693577700,1640.71,1642.09,1639.0,1639.0,4.58663864,22
1693578600,1639.75,1639.75,1635.56,1635.57,9.91336638,23
1693579500,1636.29,1636.29,1623.03,1630.22,78.44270768,103
1693580400,1631.01,1633.1,1625.92,1631.87,9.02434442,29
1693581300,1632.11,1640.72,1632.11,1636.77,6.54846156,31
1693582200,1638.79,1639.46,1636.78,1637.04,5.84936003,17
1693583100,1634.65,1637.3,1634.4,1634.76,4.12655342,12
1693584000,1634.84,1634.87,1630.0,1631.95,3.76665011,19
1693584900,1632.09,1632.87,1630.46,1632.68,17.33689924,21
1693585800,1634.8,1636.32,1629.68,1630.04,14.2290418,30
1693586700,1629.21,1631.1,1625.96,1626.61,2.45341524,16
1693587600,1625.65,1625.65,1612.24,1612.24,75.5380934,106
1693588500,1611.27,1616.62,1603.94,1603.94,18.02703657,83
1693589400,1604.38,1609.34,1603.99,1608.2,5.23254902,38
1693590300,1608.07,1610.75,1606.66,1606.78,10.99579606,23
1693591200,1606.52,1610.41,1605.19,1609.11,34.29356605,39
1693592100,1609.17,1610.34,1606.36,1607.95,109.54883547,50
1693593000,1606.69,1617.23,1606.64,1617.05,11.70511452,40
1693593900,1617.0,1626.45,1617.0,1619.48,31.03213202,52
1693594800,1618.82,1619.01,1614.44,1616.22,18.24981661,23
1693595700,1613.98,1616.99,1613.94,1616.99,2.82997639,9
1693596600,1617.78,1618.76,1616.32,1616.72,1.96746556,12
1693597500,1616.52,1618.83,1615.78,1618.83,54.31543838,30
1693598400,1619.29,1619.56,1616.58,1619.56,1.16978845,7
1693599300,1620.26,1625.85,1620.26,1623.29,1.2367842,14
1693600200,1626.16,1635.33,1626.16,1629.81,8.52342741,42
1693601100,1629.57,1629.78,1628.23,1629.78,1.84231323,15
1693602000,1628.51,1629.78,1627.77,1629.78,1.34507111,7
1693602900,1629.78,1631.95,1626.83,1626.83,31.50950008,13
1693603800,1625.96,1628.26,1625.44,1627.57,0.88496702,6
1693604700,1625.52,1628.75,1625.52,1628.75,5.23024161,5
1693605600,1629.44,1629.44,1629.44,1629.44,0.50081628,1
1693606500,1628.74,1628.74,1626.93,1626.93,0.34150608,3
1693607400,1626.12,1628.76,1626.12,1628.56,2.04997168,8
1693608300,1627.72,1627.72,1627.15,1627.15,2.4899505,3
1693609200,1626.87,1626.87,1626.87,1626.87,0.13331,1
1693610100,1628.57,1628.57,1628.03,1628.48,7.26087262,10
1693611000,1627.94,1627.94,1627.94,1627.94,0.27572164,1
1693611900,1630.81,1630.81,1628.96,1628.96,0.06065961,2
1693612800,1628.96,1628.96,1628.96,1628.96,0.01786687,1
1693613700,1632.51,1632.51,1632.51,1632.51,0.01086688,1
1693614600,1632.66,1633.02,1632.66,1633.01,5.64112852,11
1693615500,1631.42,1631.42,1629.55,1629.68,0.16113736,4
1693617300,1631.29,1631.29,1630.35,1630.35,0.07042155,2
1693618200,1629.23,1631.21,1629.23,1631.21,1.92546474,6
1693619100,1629.95,1629.95,1629.95,1629.95,0.04601368,1
1693620000,1630.55,1630.57,1630.55,1630.57,0.65,2
1693621800,1631.57,1631.57,1631.57,1631.57,0.15342675,1
1693622700,1629.85,1630.91,1629.54,1629.54,1.58292558,7
1693623600,1631.03,1631.04,1630.12,1630.12,1.40403206,6
1693626300,1632.79,1632.79,1632.79,1632.79,0.08232493,1
1693627200,1632.71,1632.71,1631.1,1632.34,2.23718917,4
1693628100,1632.15,1632.17,1631.79,1632.17,16.82037512,14
1693629900,1631.81,1631.81,1631.81,1631.81,0.03164257,1
1693631700,1633.02,1634.57,1633.02,1634.57,3.54410987,9
1693632600,1635.0,1635.0,1634.58,1634.58,1.00254862,7
1693633500,1633.08,1633.84,1633.08,1633.84,0.07135269,3
1693635300,1632.67,1632.67,1632.01,1632.01,0.33371757,3
1693636200,1632.09,1632.29,1631.34,1632.08,4.0925077,11
1693637100,1630.49,1630.85,1630.49,1630.68,0.53025412,4
1693638000,1630.82,1631.78,1630.82,1631.32,1.42188387,4
1693638900,1631.11,1631.64,1631.11,1631.64,1.26426637,5
1693639800,1632.0,1632.0,1631.72,1631.72,0.44227668,5
1693640700,1632.0,1632.42,1631.76,1631.76,3.46658156,6
1693641600,1632.25,1632.64,1631.39,1632.17,1.37287221,6
1693642500,1632.78,1632.78,1630.64,1630.68,1.42865898,10
1693643400,1630.67,1631.09,1630.67,1630.94,1.15944573,6
1693644300,1630.61,1631.78,1630.56,1631.69,2.96533336,5
1693645200,1630.8,1632.28,1630.79,1632.28,0.7396366,8
1693646100,1632.08,1633.46,1632.08,1633.28,20.5679717,12
1693647000,1632.96,1633.83,1632.72,1633.83,2.27080373,11
1693647900,1633.53,1633.92,1633.52,1633.86,0.52192593,6
1693648800,1633.67,1634.38,1633.35,1634.38,1.93546799,11
1693649700,1633.97,1634.16,1633.6,1634.16,0.95829068,4
1693650600,1634.76,1635.53,1634.76,1635.53,20.57667482,12
1693651500,1635.8,1635.89,1633.69,1634.23,8.7361353,24
1693652400,1634.62,1635.38,1633.79,1633.79,10.94454155,33
1693653300,1634.3,1635.62,1634.09,1634.12,6.35181969,14
1693654200,1634.66,1636.29,1634.2,1634.2,1.07176888,8
1693655100,1633.66,1635.31,1633.66,1634.91,0.60596284,8
1693656000,1634.59,1634.6,1633.98,1634.39,15.03432418,21
1693656900,1634.57,1634.57,1633.9,1633.9,7.4040227,20
1693657800,1634.2,1634.48,1633.83,1634.48,3.07788428,10
1693658700,1634.76,1634.88,1633.96,1634.88,4.4434883,12
1693659600,1634.82,1635.22,1634.41,1634.54,11.89516774,18
1693660500,1634.88,1635.25,1633.48,1635.25,14.38521743,36
1693661400,1635.34,1638.0,1635.3,1638.0,15.93105523,51
1693662300,1638.0,1638.0,1637.24,1637.25,5.76335751,15
1693663200,1637.01,1638.0,1636.89,1637.99,5.15258754,23
1693664100,1637.9,1637.9,1635.37,1635.37,2.06728994,15
1693665000,1635.81,1637.13,1635.81,1636.63,0.8106334,10
1693665900,1638.0,1639.5,1637.29,1637.84,10.68289936,23
1693666800,1639.01,1641.56,1639.01,1639.68,53.69423983,30
1693667700,1640.57,1644.66,1640.57,1643.06,17.50443329,33
1693668600,1643.06,1644.52,1642.98,1642.98,2.55446456,9
1693669500,1642.58,1642.58,1638.77,1639.07,4.8957367,15
1693670400,1639.07,1640.92,1638.88,1640.84,13.42777453,33
1693671300,1640.52,1640.59,1637.23,1637.27,9.74410025,30
1693672200,1636.98,1637.5,1636.31,1636.31,10.71915547,29
1693673100,1636.01,1636.54,1635.64,1636.18,2.05975519,14
1693674000,1636.52,1637.13,1635.72,1636.83,3.46026069,14
1693674900,1636.83,1637.5,1636.83,1637.5,2.26557859,9
1693675800,1637.81,1638.21,1635.57,1636.29,3.83916406,12
1693676700,1635.02,1635.02,1633.18,1633.93,1.00620209,11
1693677600,1632.94,1632.97,1632.47,1632.48,13.43189936,9
1693678500,1632.47,1632.47,1630.13,1630.13,0.56795327,7
1693679400,1630.17,1632.16,1630.17,1631.67,1.0609952,9
1693680300,1630.68,1630.68,1630.68,1630.68,0.04613,1
1693681200,1631.09,1632.9,1631.02,1632.9,28.7613926,15
1693682100,1632.9,1632.9,1632.61,1632.61,34.65399247,10
1693683000,1633.56,1634.54,1633.56,1634.54,0.84193928,4
1693683900,1633.25,1633.88,1633.25,1633.88,0.33508995,3
1693684800,1632.93,1633.64,1632.93,1633.64,0.13672728,3
1693685700,1633.94,1633.95,1633.94,1633.95,6.12320556,2
1693686600,1633.3,1633.3,1633.29,1633.29,0.02025456,2
1693687500,1634.04,1634.05,1634.04,1634.05,0.21624804,2
1693688400,1633.85,1634.14,1633.85,1634.14,0.17611218,2
1693689300,1634.87,1634.87,1634.87,1634.87,0.022,1
1693690200,1637.54,1637.54,1635.87,1636.24,0.73306471,4
1693691100,1637.33,1637.35,1635.83,1635.83,0.82412656,5
1693692000,1636.66,1636.66,1636.66,1636.66,0.07201989,1
1693692900,1636.33,1636.71,1636.33,1636.71,1.8124978,5
1693693800,1636.61,1636.66,1636.42,1636.42,6.52790872,6
1693694700,1637.22,1637.22,1637.22,1637.22,0.09896,1
1693695600,1637.19,1637.19,1636.14,1636.88,11.14834937,6
1693696500,1637.04,1638.66,1637.04,1638.66,0.2842014,3
1693698300,1636.69,1636.69,1636.69,1636.69,0.06064451,2
1693699200,1636.95,1637.26,1636.95,1637.26,5.3524755,2
1693700100,1636.69,1636.69,1636.69,1636.69,0.0209706,1
1693701000,1636.69,1636.69,1633.87,1633.87,2.07183285,5
1693702800,1634.56,1636.07,1634.56,1636.07,2.40964861,2
1693703700,1635.89,1635.89,1635.89,1635.89,0.03312358,1
1693706400,1633.29,1633.83,1632.5,1633.83,0.26897582,5
1693707300,1633.69,1633.69,1633.69,1633.69,0.0104057,1
1693708200,1634.34,1634.85,1634.34,1634.85,0.25380406,4
1693709100,1634.52,1634.55,1634.13,1634.55,0.2503466,3
1693710000,1634.87,1634.87,1634.86,1634.87,0.09672573,3
1693710900,1634.28,1634.28,1633.77,1633.77,52.00000002,14
1693711800,1634.87,1634.87,1634.87,1634.87,0.02042682,1
1693712700,1634.87,1634.87,1634.87,1634.87,0.24412635,5
1693713600,1634.87,1634.87,1634.87,1634.87,2.64189416,3
1693714500,1636.25,1636.25,1636.24,1636.24,2.10102,2
1693715400,1635.91,1635.91,1635.87,1635.87,0.13289239,2
1693718100,1635.75,1635.75,1635.75,1635.75,0.01558675,1
1693719000,1636.01,1636.01,1636.01,1636.01,0.03665846,1
1693720800,1635.84,1636.41,1635.84,1636.41,0.11333989,3
1693721700,1636.37,1636.37,1636.0,1636.0,0.04529666,2
1693722600,1636.7,1639.01,1636.69,1638.63,6.71473294,6
1693723500,1636.42,1636.45,1636.42,1636.45,1,3
1693724400,1636.13,1636.13,1635.72,1635.72,3.13612995,3
1693725300,1636.14,1636.14,1636.07,1636.14,0.97498574,3
1693726200,1634.85,1634.85,1634.84,1634.84,9.2,2
1693728000,1635.68,1635.68,1634.51,1634.51,2.00936866,11
1693728900,1633.64,1634.43,1633.64,1634.43,0.14943585,2
1693729800,1634.76,1634.84,1634.6,1634.6,1.1781881,7
1693730700,1633.0,1633.0,1631.5,1632.37,0.72643232,7
1693731600,1632.15,1632.15,1632.15,1632.15,0.00919033,1
1693732500,1634.13,1634.13,1634.13,1634.13,1.8,1
1693734300,1633.69,1634.01,1633.39,1633.39,1.10030616,7
1693735200,1633.13,1633.22,1632.7,1632.71,0.66004225,4
1693736100,1633.37,1633.54,1633.36,1633.36,0.17239283,5
1693737000,1633.64,1633.73,1633.64,1633.7,0.29212892,3
1693737900,1634.74,1634.74,1634.74,1634.74,0.02359395,1
1693738800,1634.57,1634.57,1634.57,1634.57,0.22017,1
1693739700,1634.95,1634.95,1633.51,1633.51,0.24481,3
1693740600,1633.76,1633.9,1633.76,1633.87,0.23586313,3
1693741500,1634.43,1634.43,1633.54,1633.55,1.1311239,5
1693742400,1634.53,1634.53,1633.98,1633.98,0.58158353,4
1693743300,1633.45,1633.45,1633.14,1633.14,0.38486518,4
1693744200,1635.47,1639.2,1635.47,1638.68,11.8880207,21
1693745100,1639.11,1640.57,1632.23,1632.25,1.88116221,11
1693746000,1631.56,1631.56,1628.3,1630.34,13.50008543,15
1693746900,1633.23,1633.73,1633.23,1633.43,50.22168821,15
1693747800,1636.01,1636.02,1636.01,1636.02,0.02893657,2
1693748700,1635.89,1636.01,1634.8,1636.01,1.51175582,7
1693749600,1634.65,1634.74,1633.97,1634.74,0.50113,5
1693750500,1635.7,1636.44,1635.7,1636.44,0.04417941,2
1693751400,1635.3,1637.39,1635.3,1637.39,1.4859529,3
1693752300,1636.92,1636.96,1635.26,1636.28,1.70111036,10
1693753200,1636.11,1636.11,1635.47,1635.47,2.04755591,8
1693754100,1635.47,1635.47,1635.26,1635.26,1.10401786,4
1693755000,1634.74,1634.74,1634.74,1634.74,0.01,1
1693756800,1633.34,1633.44,1632.51,1633.18,12.88224971,14
1693757700,1633.64,1634.86,1633.29,1633.29,0.74474007,6
1693758600,1633.38,1633.38,1628.24,1628.24,0.60961953,4
1693759500,1628.52,1629.06,1625.63,1625.63,1.36322897,11
1693760400,1630.06,1630.07,1630.06,1630.07,1.22730898,2
1693761300,1629.54,1629.54,1627.34,1627.34,4.85774703,6
1693762200,1628.92,1628.92,1628.17,1628.17,1.91376821,6
1693763100,1630.42,1631.54,1630.12,1631.54,5.01042449,8
1693764000,1631.69,1632.08,1631.64,1632.08,4.03930707,6
1693764900,1632.28,1641.52,1632.28,1637.62,15.22033217,22
1693765800,1638.51,1638.51,1638.51,1638.51,0.02,1
1693766700,1639.53,1639.53,1636.66,1636.8,0.06888034,3
1693767600,1637.63,1638.26,1637.47,1638.26,0.20049139,3
1693768500,1638.3,1638.31,1637.63,1637.63,49.07266118,23
1693769400,1637.63,1637.63,1637.29,1637.29,0.54655411,2
1693770300,1636.93,1638.78,1635.87,1638.78,1.23169705,13
1693771200,1639.28,1640.0,1639.28,1639.63,4.93775402,14
1693772100,1637.65,1640.16,1637.1,1640.16,33.11392198,23
1693773000,1638.24,1639.81,1638.24,1639.81,0.15161194,2
1693773900,1639.9,1646.0,1639.9,1641.36,8.85994691,25
1693774800,1644.25,1644.25,1643.33,1643.34,15.0101,6
1693775700,1641.75,1641.75,1638.01,1638.01,3.09983824,6
1693776600,1640.85,1640.85,1637.89,1638.18,0.46149144,6
1693777500,1637.78,1637.95,1637.78,1637.94,0.15098592,5
1693778400,1637.69,1637.69,1637.69,1637.69,0.16201562,1
1693779300,1637.85,1637.85,1636.67,1636.67,0.02864259,2
1693780200,1635.97,1635.97,1635.74,1635.74,3.13660812,4
1693781100,1635.82,1635.82,1635.82,1635.82,0.02288832,1
1693782000,1636.14,1636.14,1634.71,1634.71,25.89419048,16
1693782900,1635.35,1636.08,1635.35,1635.98,0.76599239,4
1693783800,1635.21,1636.59,1635.21,1636.59,0.27909006,2
1693784700,1636.96,1636.96,1636.02,1636.02,0.14822627,3
1693785600,1635.9,1635.9,1635.7,1635.81,0.37369068,3
1693786500,1635.17,1636.39,1635.17,1636.39,0.14531651,2
1693787400,1636.07,1636.07,1635.2,1635.2,2.77613492,3
1693788300,1636.08,1636.09,1634.8,1635.15,1.14470252,7
1693789200,1635.14,1635.97,1635.14,1635.97,0.20612695,2
1693790100,1634.84,1634.84,1634.48,1634.48,0.39864562,3
1693791000,1634.48,1634.48,1632.57,1632.58,0.58125903,5
1693791900,1632.89,1632.89,1632.89,1632.89,0.01250712,1
1693794600,1636.28,1636.58,1636.28,1636.58,3.50413991,2
1693795500,1635.87,1640.8,1635.78,1640.8,31.17215692,15
1693797300,1642.21,1642.21,1640.75,1640.75,0.07695,3
1693798200,1640.0,1640.0,1639.22,1639.22,0.06938023,2
1693800000,1638.25,1638.35,1638.25,1638.3,0.08315359,3
1693800900,1638.54,1638.54,1638.54,1638.54,0.0156395,1
1693801800,1637.92,1637.92,1637.92,1637.92,0.01804523,1
1693802700,1638.42,1638.78,1638.27,1638.78,41.37938636,11
1693804500,1637.79,1637.95,1637.79,1637.95,0.7175,2
1693805400,1637.59,1638.18,1636.58,1636.58,20.00742435,15
1693806300,1635.33,1635.91,1635.33,1635.91,0.33663885,4
1693807200,1635.97,1636.23,1635.89,1636.23,0.55661937,4
1693808100,1637.0,1638.25,1637.0,1638.24,2.1,6
1693809000,1637.29,1637.44,1637.29,1637.44,0.02253,2
1693809900,1637.01,1637.44,1637.01,1637.44,0.0526098,3
1693810800,1637.63,1639.01,1637.63,1639.01,2.57610544,8
1693811700,1639.1,1639.43,1639.1,1639.38,25.9972869,29
1693812600,1639.0,1639.86,1639.0,1639.86,1.179143,6
1693813500,1639.88,1639.9,1639.86,1639.87,3.21622664,11
1693814400,1639.86,1640.35,1639.86,1640.35,1.257134,5
1693815300,1640.56,1640.84,1640.56,1640.57,0.85946395,4
1693816200,1638.96,1639.9,1638.88,1639.89,5.60099674,16
1693817100,1639.43,1639.44,1638.4,1639.25,11.15902404,21
1693818000,1639.4,1639.4,1638.28,1638.28,2.81521423,7
1693818900,1640.34,1640.52,1640.34,1640.44,1.06591527,4
1693819800,1638.55,1638.73,1638.55,1638.73,0.16809773,3
1693820700,1636.21,1637.13,1635.94,1637.13,4.62696117,8
1693821600,1637.12,1637.12,1636.69,1636.75,0.50123839,4
1693822500,1636.34,1636.55,1635.73,1635.81,6.61836525,9
1693823400,1635.99,1635.99,1635.99,1635.99,4.91047376,9
1693824300,1635.99,1635.99,1634.51,1635.27,17.92519522,21
1693825200,1635.67,1635.74,1635.67,1635.74,0.66551403,2
1693826100,1632.72,1632.72,1632.57,1632.57,3.12169,8
1693827000,1632.57,1634.73,1632.57,1634.19,2.79594432,17
1693827900,1633.84,1633.84,1633.43,1633.73,4.32208495,15
1693828800,1632.47,1632.57,1631.55,1631.75,0.44199367,8
1693829700,1631.28,1631.45,1631.09,1631.44,16.01210726,8
1693830600,1632.92,1632.92,1631.66,1631.66,0.31354915,3
1693831500,1631.01,1631.01,1629.21,1629.21,3.63309217,6
1693832400,1630.05,1632.06,1630.05,1632.05,5.45846646,13
1693833300,1633.38,1633.38,1632.73,1632.73,14.20581329,7
1693834200,1633.73,1633.75,1633.73,1633.74,0.72767869,3
1693835100,1633.75,1633.75,1633.28,1633.28,0.26307531,3
1693836000,1632.64,1632.64,1631.79,1632.08,0.94986181,5
1693836900,1633.75,1633.75,1632.07,1632.07,0.64551453,4
1693837800,1632.3,1633.4,1631.82,1631.82,3.01433272,9
1693838700,1630.0,1630.14,1630.0,1630.14,0.06525554,4
1693839600,1630.01,1630.01,1621.0,1622.7,43.85246131,74
1693840500,1624.16,1624.63,1623.52,1624.15,3.75270958,8
1693841400,1625.77,1633.16,1625.77,1627.75,0.52235078,10
1693842300,1627.74,1627.74,1625.61,1626.1,31.70179684,19
1693843200,1626.06,1629.47,1626.06,1629.47,10.55415577,10
1693844100,1628.35,1628.35,1625.68,1628.09,11.4708393,15
1693845000,1628.55,1628.55,1627.09,1627.55,0.71986193,5
1693845900,1628.17,1628.69,1628.17,1628.69,0.14351962,2
1693846800,1627.72,1629.0,1627.72,1629.0,0.62950559,2
1693847700,1633.33,1634.41,1632.8,1632.81,18.43867666,15
1693848600,1631.28,1631.28,1631.28,1631.28,4.16814799,1
1693850400,1631.01,1631.13,1631.01,1631.13,1.82177475,4
1693851300,1631.09,1631.09,1630.4,1630.4,0.0491879,3
1693852200,1630.09,1630.09,1630.09,1630.09,0.031,1
1693853100,1631.01,1632.4,1631.01,1631.21,0.12790857,5
1693854000,1630.96,1630.96,1629.3,1629.3,0.18150642,4
1693854900,1629.45,1629.45,1628.88,1629.02,91.68585871,25
1693855800,1628.6,1631.13,1628.19,1631.13,0.87593967,5
1693856700,1631.58,1631.58,1631.0,1631.12,1.09488427,4
1693857600,1631.88,1632.46,1631.59,1632.46,1.18706487,6
1693858500,1632.13,1632.14,1630.05,1630.12,5.2049021,15
1693859400,1629.98,1629.98,1628.84,1628.84,0.66716308,4
1693860300,1628.61,1628.9,1628.13,1628.13,5.60092008,8
1693861200,1628.48,1628.48,1627.88,1627.88,0.6633,3
1693862100,1626.86,1626.86,1621.21,1624.17,1.51955032,13
1693863000,1623.07,1623.33,1622.03,1623.33,2.03388803,5
1693863900,1626.17,1627.88,1620.09,1620.09,2.61442051,14
1693864800,1620.89,1622.79,1617.24,1622.79,26.31100563,27
1693865700,1622.29,1622.29,1620.01,1620.01,1.36979643,7
1693866600,1620.56,1623.06,1620.56,1623.06,1.26866595,4
1693867500,1622.79,1624.48,1622.79,1624.36,0.37143853,6
1693868400,1624.22,1624.22,1624.22,1624.22,0.0587392,1
1693869300,1624.49,1625.76,1624.49,1625.76,1.68524193,6
1693870200,1627.86,1628.97,1627.86,1628.49,5.95388129,13
1693871100,1628.8,1632.88,1628.8,1630.23,16.36666531,25
1693872900,1630.12,1630.12,1629.99,1629.99,0.57056069,4
1693873800,1628.3,1628.3,1627.94,1627.94,0.44466,2
1693874700,1627.17,1627.17,1625.95,1625.95,1.91104234,9
1693875600,1626.7,1626.7,1625.72,1625.72,1.04,2
1693876500,1624.45,1624.45,1624.45,1624.45,0.43140769,1
1693877400,1625.61,1625.66,1625.61,1625.66,1.33033664,4
1693879200,1623.76,1623.76,1623.76,1623.76,0.3375,1
1693881000,1622.71,1622.71,1619.55,1619.55,0.1687673,6
1693881900,1619.48,1619.48,1619.48,1619.48,0.17074606,5
1693882800,1619.47,1619.47,1612.72,1612.72,15.33964181,24
1693883700,1613.24,1613.24,1611.3,1611.3,2.292561,10
1693884600,1613.49,1615.19,1613.49,1614.78,1.34655612,3
1693886400,1619.87,1619.91,1619.87,1619.91,1.26076946,3
1693888200,1621.38,1622.29,1621.38,1622.29,0.12691325,3
1693889100,1622.37,1622.37,1622.37,1622.37,0.30788557,1
1693890000,1622.07,1622.07,1621.97,1621.97,0.6316223,2
1693890900,1623.88,1623.88,1623.88,1623.88,0.15,1
1693891800,1623.01,1623.01,1621.74,1621.86,3.73698607,15
1693892700,1621.9,1624.81,1621.75,1624.81,21.52429294,27
1693893600,1625.61,1625.61,1624.48,1624.48,21.21487109,39
1693894500,1624.74,1624.74,1623.62,1623.65,1.19004677,3
1693895400,1623.39,1623.39,1622.39,1622.39,16.2516193,10
1693896300,1621.93,1622.82,1621.93,1622.33,0.38277878,3
1693897200,1621.95,1623.47,1621.95,1622.9,0.8247127,8
1693898100,1621.97,1621.97,1621.85,1621.9,14.81818043,4
1693899000,1624.1,1624.2,1623.35,1623.7,0.47708743,5
1693899900,1625.03,1626.47,1625.03,1626.23,3.66190161,10
1693900800,1626.0,1627.52,1626.0,1626.26,0.25852506,5
1693901700,1624.89,1624.89,1623.29,1623.29,1.52668604,3
1693902600,1621.8,1622.56,1621.76,1622.01,157.28802601,46
1693903500,1621.24,1623.15,1621.24,1623.15,18.40576549,6
1693904400,1624.62,1625.32,1624.07,1624.07,2.13776667,6
1693905300,1626.63,1626.79,1626.34,1626.79,32.31992309,20
1693906200,1627.04,1630.87,1627.04,1630.75,4.0897467,15
1693907100,1631.14,1634.96,1631.14,1631.87,100.46722097,58
1693908000,1633.02,1633.13,1633.02,1633.13,4.17756609,4
1693908900,1635.0,1636.79,1635.0,1636.47,15.75589813,13
1693909800,1636.48,1636.48,1633.31,1633.31,2.48313602,9
1693910700,1632.66,1634.23,1632.66,1634.11,1.59931068,9
1693911600,1634.61,1634.74,1632.82,1632.82,0.84540622,9
1693912500,1632.22,1632.87,1632.22,1632.87,4.15675681,2
1693913400,1633.84,1634.15,1633.84,1634.08,0.38184504,4
1693914300,1634.48,1636.09,1634.48,1636.09,1.62140965,3
1693915200,1636.25,1636.25,1632.89,1632.89,36.06264123,35
1693916100,1633.96,1633.96,1631.95,1632.0,32.732537,14
1693917000,1632.0,1633.8,1630.46,1633.8,21.49400273,30
1693917900,1634.99,1639.25,1634.99,1638.08,5.94516983,17
1693918800,1637.27,1637.27,1634.84,1634.86,0.36515045,6
1693919700,1634.59,1634.66,1634.59,1634.66,0.11683171,2
1693920600,1633.39,1633.78,1631.72,1631.82,4.33427705,8
1693921500,1632.0,1632.0,1630.69,1630.75,0.35767851,4
1693922400,1629.55,1629.55,1629.55,1629.55,0.00906874,1
1693923300,1630.35,1630.41,1629.6,1629.7,17.06326968,9
1693924200,1629.21,1629.21,1628.27,1628.87,0.43114234,7
1693925100,1629.02,1631.02,1629.02,1630.15,19.62411869,13
1693926000,1630.7,1641.12,1630.7,1641.12,24.13422143,16
1693926900,1641.39,1646.77,1632.77,1634.7,2.58383983,34
1693927800,1634.76,1639.36,1634.63,1638.05,15.51669349,28
1693928700,1638.12,1638.15,1636.47,1636.47,0.29198211,3
1693929600,1637.03,1639.66,1636.93,1639.52,10.76800576,10
1693930500,1639.67,1639.67,1637.85,1638.97,0.89908323,14
1693931400,1639.39,1643.0,1638.87,1642.28,41.8424643,37
1693932300,1639.0,1639.0,1638.3,1638.3,0.2355738,7
1693933200,1637.01,1637.01,1635.38,1635.38,17.0538,10
1693934100,1634.22,1636.31,1634.22,1635.29,21.27730965,16
1693935000,1635.77,1637.64,1635.77,1637.64,16.0683969,11
1693935900,1637.59,1638.61,1635.97,1635.98,7.77451732,10
1693936800,1636.52,1636.52,1635.65,1635.65,5.5221608,4
1693937700,1636.25,1636.25,1635.98,1635.98,0.23056938,2
1693938600,1634.23,1635.54,1633.53,1635.54,4.77346663,7
1693939500,1635.59,1636.8,1635.58,1636.8,0.84719484,5
1693940400,1637.67,1638.27,1637.42,1638.02,0.08841839,4
1693941300,1636.37,1637.59,1635.18,1635.18,1.47049855,6
1693942200,1635.1,1637.23,1635.1,1637.23,2.88003025,5
1693943100,1635.4,1635.4,1633.46,1633.46,2.64260992,5
1693944000,1632.58,1632.63,1630.56,1632.63,2.30738286,16
1693944900,1631.62,1631.66,1631.62,1631.66,0.66544393,3
1693945800,1631.51,1631.57,1629.21,1629.21,14.18904849,12
1693946700,1628.4,1629.77,1628.34,1629.63,0.89054428,9
1693947600,1629.83,1630.86,1629.83,1630.86,4.29487894,4
1693948500,1632.16,1632.16,1632.0,1632.05,0.30240113,3
1693949400,1633.61,1633.61,1630.86,1631.07,0.18854836,6
1693950300,1631.36,1631.36,1631.36,1631.36,0.07632854,1
1693951200,1630.22,1630.58,1630.22,1630.58,0.354681,4
1693952100,1631.23,1631.72,1631.23,1631.72,0.070492,2
1693953000,1631.66,1631.84,1631.66,1631.84,0.4816573,2
1693953900,1631.82,1631.9,1631.82,1631.9,1.51998766,2
1693954800,1631.75,1632.35,1631.75,1632.08,0.12686089,4
1693955700,1632.47,1633.29,1632.47,1633.29,0.28234521,2
1693956600,1633.04,1633.04,1633.04,1633.04,0.00717264,1
1693957500,1634.2,1634.2,1634.17,1634.17,0.09135999,2
1693958400,1634.18,1634.18,1634.18,1634.18,0.15951426,1
1693960200,1634.18,1634.18,1634.11,1634.11,0.15931079,3
1693962000,1634.15,1635.81,1633.6,1635.81,7.65925158,13
1693962900,1634.35,1634.37,1634.35,1634.37,0.33089197,2
1693963800,1634.41,1634.41,1633.45,1633.7,0.70846348,8
1693965600,1633.86,1633.87,1633.24,1633.62,2.03184397,5
1693966500,1636.5,1636.5,1636.49,1636.49,0.40292105,2
1693967400,1635.67,1636.39,1635.67,1636.39,0.26335076,4
1693968300,1637.68,1639.47,1637.68,1639.47,0.07683742,2
1693969200,1639.98,1640.06,1639.03,1639.9,10.32999531,13
1693970100,1639.41,1639.41,1636.26,1636.26,0.22018686,9
1693971000,1635.14,1635.14,1635.14,1635.14,0.16665166,1
1693971900,1633.93,1634.12,1633.8,1634.12,1.20366372,6
1693972800,1632.7,1633.47,1632.63,1632.63,0.5470054,4
1693974600,1633.74,1633.74,1633.74,1633.74,0.20547008,1
1693975500,1631.18,1631.18,1631.17,1631.17,0.07780395,2
1693976400,1631.17,1631.18,1631.17,1631.18,0.04054734,3
1693977300,1631.17,1631.17,1631.17,1631.17,0.01065285,1
1693978200,1629.22,1629.22,1629.22,1629.22,0.1391724,3
1693979100,1629.22,1629.22,1629.22,1629.22,0.05539621,3
1693980000,1629.22,1629.22,1629.21,1629.21,0.0872243,2
1693980900,1630.61,1631.17,1630.61,1630.62,0.16067209,6
1693981800,1630.23,1631.01,1629.18,1629.18,53.01676583,26
1693982700,1630.04,1631.23,1630.0,1630.8,1.30766346,5
1693983600,1630.79,1630.79,1629.75,1629.75,0.04385548,3
1693984500,1630.0,1630.0,1629.53,1630.0,48.83060809,19
1693985400,1631.69,1631.69,1631.67,1631.67,1.49272,2
1693986300,1631.73,1631.73,1629.43,1629.46,1.49385942,7
1693987200,1629.69,1629.86,1629.14,1629.14,0.94584603,7
1693988100,1629.52,1630.48,1629.51,1630.47,2.24601814,7
1693989000,1630.51,1630.94,1630.51,1630.8,1.46101476,13
1693989900,1631.16,1632.36,1631.13,1632.36,2.57088617,7
1693990800,1632.16,1632.43,1631.7,1631.7,13.25376017,11
1693991700,1630.6,1630.66,1630.26,1630.26,3.39194806,8
1693992600,1630.87,1631.69,1630.87,1631.69,0.1013658,4
1693993500,1632.48,1632.61,1632.48,1632.61,0.18402454,2
1693994400,1632.25,1634.04,1632.14,1634.04,17.4843271,22
1693995300,1633.02,1633.28,1633.02,1633.16,10.03178027,6
1693996200,1633.56,1634.93,1633.56,1634.07,79.70596811,34
1693997100,1631.7,1632.94,1631.11,1631.81,48.63422988,24
1693998000,1632.5,1632.7,1632.5,1632.7,0.84027,4
1693998900,1632.82,1633.71,1632.82,1633.53,0.20813034,4
1693999800,1635.18,1635.96,1633.82,1633.87,22.05728693,32
1694000700,1634.23,1634.28,1632.16,1632.55,45.97352152,20
1694001600,1632.47,1633.13,1632.46,1633.13,2.70233721,4
1694002500,1633.96,1633.96,1633.77,1633.77,0.06701,2
1694003400,1633.64,1633.64,1632.61,1632.62,3.54568223,4
1694004300,1631.97,1632.99,1631.97,1632.85,1.07278,4
1694005200,1632.27,1632.43,1631.63,1631.63,1.79055924,4
1694006100,1631.13,1631.84,1630.41,1631.78,0.40248979,5
1694007000,1631.45,1633.01,1630.27,1630.43,1579.38199902,121
1694007900,1634.65,1634.65,1631.62,1632.49,46.1215029,12
1694008800,1631.26,1631.26,1624.42,1626.64,5.65463639,19
1694009700,1627.28,1627.28,1623.46,1624.43,18.33616655,11
1694010600,1622.71,1623.43,1621.34,1621.34,2.14987351,10
1694011500,1620.91,1623.96,1620.91,1623.47,11.0723497,15
1694012400,1624.03,1624.25,1623.2,1623.2,16.78077023,8
1694013300,1623.2,1623.65,1620.88,1623.65,38.97152481,24
1694014200,1625.34,1625.35,1624.84,1624.84,6.02277677,4
1694015100,1624.7,1624.95,1624.47,1624.95,0.42473728,4
1694016000,1622.74,1622.77,1622.23,1622.23,0.75640409,4
1694016900,1622.7,1624.48,1622.7,1623.85,0.15638003,4
1694017800,1622.2,1624.5,1622.2,1623.98,4.20288,9
1694018700,1625.11,1625.13,1623.92,1624.13,5.23388327,8
1694019600,1623.17,1623.17,1610.79,1616.83,31.69097561,63
1694020500,1616.83,1621.38,1616.83,1621.38,50.28854807,23
1694021400,1621.89,1624.63,1620.12,1624.62,2.18047087,15
1694022300,1624.63,1667.87,1623.96,1647.8,370.48707597,309
1694023200,1647.48,1654.95,1639.72,1640.56,19.20955983,40
1694024100,1641.95,1641.95,1625.96,1630.78,37.81929106,96
1694025000,1628.12,1633.7,1627.7,1632.79,6.99759438,18
1694025900,1633.9,1633.9,1629.12,1629.12,0.25874367,3
1694026800,1628.23,1628.23,1627.46,1627.46,0.38118666,3
1694027700,1629.82,1632.06,1629.82,1632.06,6.09646867,5
1694028600,1630.93,1632.24,1630.51,1632.23,14.81170849,9
1694029500,1632.36,1632.36,1631.75,1631.75,0.96656527,9
1694030400,1632.68,1634.05,1632.68,1633.35,43.80942181,18
1694031300,1631.85,1631.85,1630.01,1630.01,0.27952213,4
1694032200,1630.0,1630.01,1630.0,1630.01,0.43017963,3
1694033100,1631.01,1631.01,1628.82,1628.82,0.14479366,3
1694034000,1628.52,1630.2,1628.52,1630.2,0.27726558,5
1694034900,1631.35,1632.69,1631.35,1632.69,0.36745006,4
1694035800,1632.75,1632.75,1632.2,1632.2,1.90167764,4
1694036700,1631.96,1631.96,1631.96,1631.96,0.13171,1
1694037600,1633.08,1634.49,1633.08,1634.49,1.45298339,9
1694038500,1633.75,1633.75,1633.75,1633.75,0.33767053,1
1694039400,1633.15,1633.33,1632.87,1633.17,37.02401743,22
1694040300,1632.87,1632.87,1631.97,1631.97,1.17585316,7
1694042100,1633.63,1633.8,1633.29,1633.29,1.36183733,6
1694043000,1633.07,1633.66,1633.07,1633.49,0.33332558,3
1694043900,1633.61,1633.86,1633.12,1633.12,0.26099846,4
1694044800,1633.15,1633.39,1632.84,1633.39,1.48380091,6
1694046600,1633.32,1633.32,1633.14,1633.14,0.09627418,2
1694047500,1632.69,1633.58,1632.69,1633.58,0.27783895,3
1694048400,1634.36,1634.36,1633.87,1633.87,0.08327673,2
1694049300,1633.22,1633.22,1633.22,1633.22,0.07561604,1
1694050200,1632.84,1632.84,1632.84,1632.84,0.16673667,1
1694051100,1634.08,1634.28,1634.08,1634.28,1.13999071,5
1694052000,1634.27,1637.29,1634.11,1637.29,7.57263204,15
1694052900,1636.86,1636.86,1633.29,1633.29,0.65055378,9
1694053800,1635.35,1635.35,1635.35,1635.35,0.11373757,1
1694054700,1636.81,1636.81,1633.87,1633.88,3.10558821,3
1694055600,1633.95,1633.95,1633.53,1633.53,59.30034733,14
1694057400,1636.72,1636.72,1636.72,1636.72,0.16662496,1
1694058300,1637.68,1639.9,1637.68,1639.9,4.68689442,5
1694059200,1640.14,1641.52,1640.14,1640.38,8.09047078,19
1694060100,1640.07,1640.07,1640.07,1640.07,0.07498838,1
1694061000,1638.22,1639.03,1638.22,1639.03,0.0663984,2
1694061900,1638.33,1638.33,1638.33,1638.33,0.63922422,1
1694063700,1638.44,1638.94,1638.44,1638.94,0.04065577,2
1694064600,1638.52,1638.53,1638.52,1638.53,0.45166291,2
1694065500,1639.13,1639.13,1639.11,1639.11,0.02987718,2
1694066400,1638.41,1638.41,1637.66,1638.11,19.9958986,8
1694067300,1639.06,1639.06,1637.64,1637.96,1.01066166,10
1694068200,1638.82,1638.82,1638.82,1638.82,0.18,1
1694069100,1638.24,1638.24,1637.4,1637.4,0.33829529,3
1694070000,1637.45,1637.75,1636.59,1636.83,7.189271,13
1694070900,1637.05,1637.33,1635.7,1636.43,3.35372518,10
1694071800,1635.93,1637.0,1635.9,1637.0,3.39353811,6
1694072700,1636.99,1636.99,1636.36,1636.36,0.26675643,7
1694073600,1634.1,1634.31,1632.47,1632.47,1.4881609,7
1694074500,1632.93,1633.09,1632.37,1633.09,5.88867969,16
1694075400,1633.9,1633.9,1633.73,1633.73,0.95444607,2
1694076300,1634.04,1634.04,1633.1,1633.55,1.25967778,9
1694077200,1633.55,1633.55,1632.69,1633.0,0.27149152,6
1694078100,1633.16,1633.16,1633.16,1633.16,0.30223189,1
1694079000,1633.97,1634.36,1633.55,1633.55,1.46876008,9
1694079900,1633.55,1633.55,1632.31,1632.31,0.62818663,5
1694080800,1633.03,1633.29,1633.03,1633.29,0.06525989,2
1694081700,1633.54,1633.59,1632.77,1632.91,1.44969547,7
1694082600,1632.82,1632.82,1630.65,1630.65,33.3596851,24
1694083500,1630.75,1631.11,1630.02,1630.9,0.85886332,6
1694084400,1631.03,1631.03,1631.03,1631.03,0.0419951,1
1694085300,1630.02,1630.02,1628.1,1628.1,1.59654821,12
1694086200,1627.91,1628.62,1627.36,1628.62,1.15720564,3
1694087100,1628.38,1628.38,1626.94,1627.39,9.31928769,15
1694088000,1627.1,1628.94,1627.1,1628.94,0.51200425,6
1694088900,1628.31,1629.84,1628.22,1629.84,2.61820529,8
1694089800,1628.2,1628.41,1626.63,1626.86,9.60174686,17
1694090700,1626.49,1626.49,1625.96,1626.04,5.22022492,11
1694091600,1626.17,1627.44,1626.17,1627.44,10.86975764,12
1694092500,1627.54,1627.54,1627.54,1627.54,0.406,1
1694093400,1626.55,1630.58,1626.55,1630.58,8.69003284,9
1694094300,1628.42,1628.42,1627.29,1627.29,1.04782563,5
1694095200,1625.47,1628.54,1624.31,1628.54,33.5454551,32
1694096100,1628.09,1629.39,1627.93,1627.93,4.46233542,5
1694097000,1626.6,1628.66,1624.41,1628.66,12.27008749,18
1694097900,1630.4,1631.38,1629.66,1631.38,9.85464452,9
1694098800,1631.31,1632.32,1631.26,1631.42,15.82934497,7
1694099700,1631.55,1633.16,1631.52,1631.52,12.36549396,6
1694100600,1629.51,1632.32,1628.81,1629.68,23.8429381,13
1694101500,1630.54,1630.58,1630.54,1630.58,1.20845883,2
1694102400,1630.45,1630.86,1630.1,1630.85,0.94459746,10
1694103300,1631.74,1632.32,1631.11,1632.3,6.69131106,6
1694104200,1634.01,1637.0,1634.01,1637.0,0.76693761,6
1694105100,1636.99,1639.85,1635.27,1635.41,20.73822607,14
1694106000,1634.01,1634.01,1632.15,1633.42,9.4927885,15
1694106900,1633.61,1634.5,1633.61,1634.48,0.1874846,4
1694107800,1635.54,1636.39,1635.54,1636.39,0.03195981,2
1694108700,1636.55,1639.87,1636.55,1639.67,3.90673949,12
1694109600,1640.14,1640.14,1637.4,1637.59,10.1472462,19
1694110500,1638.75,1638.75,1638.75,1638.75,0.02440884,1
1694111400,1636.59,1636.59,1635.05,1635.87,23.41902736,14
1694112300,1635.31,1636.64,1635.31,1636.62,4.76581116,4
1694113200,1636.65,1637.04,1634.97,1634.97,22.30841332,13
1694114100,1634.97,1634.98,1633.33,1634.98,14.38020029,6
1694115000,1634.98,1634.98,1634.71,1634.98,6.69900415,25
1694115900,1634.98,1636.92,1634.97,1636.92,29.98752231,11
1694116800,1636.9,1636.9,1636.9,1636.9,0.51,2
1694117700,1636.89,1637.61,1636.89,1637.5,25.3048024,8
1694118600,1637.57,1637.57,1637.57,1637.57,0.31800307,2
1694119500,1637.06,1638.5,1637.06,1638.5,73.90118038,27
1694120400,1640.0,1656.21,1640.0,1651.96,68.40674117,89
1694121300,1653.0,1657.74,1647.74,1647.74,15.32589122,27
1694122200,1645.6,1648.12,1644.45,1646.97,10.64107346,36
1694124000,1648.89,1648.89,1648.89,1648.89,0.0182104,1
1694124900,1648.69,1648.88,1647.79,1648.88,3.7756701,9
1694125800,1650.9,1651.6,1650.9,1651.6,0.08593228,2
1694126700,1653.37,1653.92,1651.04,1651.04,1.19196872,7
1694127600,1651.17,1651.17,1650.89,1650.89,0.86426527,3
1694128500,1645.58,1645.67,1645.45,1645.64,5.89289056,7
1694129400,1645.04,1647.9,1645.04,1647.9,2.22540175,2
1694130300,1646.34,1647.31,1645.31,1647.31,20.23940624,13
1694131200,1647.92,1647.92,1646.16,1646.16,15.58903337,3
1694132100,1645.52,1646.4,1645.52,1646.4,48.86293997,4
1694133000,1646.87,1647.21,1646.87,1647.21,0.06392398,2
1694133900,1650.91,1654.14,1650.78,1654.14,1.21694918,8
1694134800,1653.66,1653.66,1653.42,1653.42,0.63425,3
1694135700,1651.55,1651.55,1650.68,1651.02,0.14103586,3
1694137500,1649.17,1649.17,1648.5,1648.5,7.87935692,4
1694138400,1647.48,1647.77,1647.48,1647.77,0.71687085,3
1694139300,1646.93,1646.93,1646.75,1646.75,0.07800815,2
1694140200,1645.69,1645.69,1645.62,1645.68,0.63311284,3
1694141100,1645.59,1645.59,1645.59,1645.59,0.0105,1
1694142000,1645.6,1645.6,1645.6,1645.6,0.01828931,1
1694143800,1646.83,1646.83,1646.83,1646.83,0.0017281,1
1694144700,1646.87,1647.07,1646.87,1647.07,0.06227455,2
1694146500,1647.5,1647.5,1647.47,1647.49,0.0467836,3
1694147400,1647.74,1649.18,1647.74,1649.18,0.76081264,3
1694148300,1650.64,1650.8,1649.86,1649.86,1.22873265,6
1694149200,1647.58,1647.63,1647.39,1647.39,0.27307727,3
1694150100,1648.97,1652.21,1648.97,1650.7,0.89423411,5
1694151000,1650.79,1650.79,1650.79,1650.79,0.01215454,1
1694152800,1645.77,1646.19,1644.91,1644.91,2.37098867,11
1694153700,1644.88,1644.88,1644.88,1644.88,0.18,1
1694154600,1646.06,1646.06,1643.53,1644.78,0.56592673,8
1694155500,1645.19,1645.69,1645.09,1645.09,19.35686876,29
1694156400,1645.5,1646.13,1644.92,1645.54,23.7656608,49
1694157300,1646.98,1647.67,1646.98,1647.67,1.08440813,5
1694158200,1648.47,1648.47,1646.69,1646.69,6.18244691,12
1694159100,1646.98,1646.98,1646.47,1646.47,4,6
1694160000,1646.78,1647.2,1644.86,1645.06,0.74383623,7
1694160900,1645.85,1645.85,1644.11,1644.8,1.64911765,8
1694161800,1645.25,1645.25,1644.11,1645.02,14.5758386,24
1694162700,1645.45,1645.98,1644.71,1645.98,102.19179675,91
1694163600,1642.99,1644.75,1642.56,1644.75,14.45797788,23
1694164500,1643.04,1643.8,1642.3,1642.3,5.840333,10
1694165400,1641.39,1642.91,1641.39,1641.7,12.55299201,13
1694166300,1642.24,1642.24,1636.66,1636.92,4.31980646,26
1694167200,1635.07,1635.08,1618.04,1621.26,78.14262191,176
1694168100,1620.13,1625.61,1615.86,1625.46,7.19897146,25
1694169000,1625.06,1626.27,1625.06,1626.17,3.04595448,6
1694169900,1626.19,1627.39,1626.19,1626.4,47.20367822,50
1694170800,1626.19,1628.37,1626.18,1626.5,12.99796492,36
1694171700,1626.71,1626.71,1626.19,1626.57,11.85651179,35
1694172600,1626.2,1626.47,1626.19,1626.19,15.95620662,37
1694173500,1626.18,1626.19,1626.18,1626.19,0.9045684,8
1694174400,1626.19,1626.95,1625.78,1626.95,10.25916361,27
1694175300,1627.0,1628.41,1627.0,1628.41,2.27091557,7
1694176200,1629.33,1630.47,1629.33,1630.45,0.68921644,19
1694177100,1629.47,1629.47,1628.74,1628.74,2.61108642,9
1694178000,1629.16,1629.16,1627.95,1627.95,0.55508741,3
1694178900,1628.8,1629.43,1628.8,1629.37,3.54107684,6
1694179800,1630.23,1632.1,1630.23,1632.09,7.25039014,10
1694180700,1631.91,1633.85,1631.17,1631.17,4.98583943,7
1694181600,1630.46,1632.07,1630.34,1631.48,11.70449368,8
1694182500,1632.14,1633.97,1631.94,1633.97,5.27451781,11
1694183400,1633.25,1633.25,1632.8,1632.8,0.39056561,2
1694184300,1632.73,1632.73,1631.49,1631.75,1.02788406,4
1694185200,1629.79,1631.76,1629.79,1631.76,0.51805561,6
1694186100,1631.82,1631.82,1630.54,1631.59,18.98180045,7
1694187000,1630.39,1630.44,1630.39,1630.44,1.03752664,2
1694187900,1629.55,1629.55,1627.99,1628.46,20.3540128,8
1694188800,1628.94,1630.47,1628.94,1630.47,0.28070046,2
1694189700,1630.58,1631.07,1629.54,1629.54,0.26677443,4
1694190600,1629.02,1629.02,1626.02,1626.02,57.93491598,79
1694192400,1627.65,1627.69,1626.52,1627.69,0.53652101,3
1694193300,1627.64,1627.78,1627.64,1627.78,1.3095496,2
1694194200,1627.87,1629.73,1627.87,1629.73,0.20494921,3
1694195100,1629.38,1629.38,1629.17,1629.17,0.06361661,2
1694196000,1630.96,1630.96,1629.96,1629.96,0.68165399,3
1694196900,1628.75,1628.75,1627.82,1627.82,0.38181697,5
1694197800,1627.36,1628.5,1627.36,1628.5,0.96043588,4
1694199600,1628.5,1628.5,1627.03,1628.45,1.04894638,10
1694200500,1629.03,1631.73,1629.03,1631.73,0.18436403,3
1694201400,1634.4,1634.4,1634.13,1634.13,0.25749683,2
1694202300,1634.41,1634.41,1633.56,1633.56,0.03176844,2
1694203200,1634.24,1634.65,1634.24,1634.65,0.2090449,2
1694204100,1634.07,1634.79,1633.09,1634.79,1.05249549,5
1694205000,1635.4,1635.4,1635.4,1635.4,0.01172593,1
1694205900,1636.47,1636.47,1636.46,1636.46,0.13208471,2
1694206800,1636.47,1636.77,1635.68,1635.68,1.59270522,5
1694207700,1635.88,1636.04,1634.13,1635.78,15.97111895,17
1694208600,1634.13,1634.13,1634.13,1634.13,0.3,1
1694209500,1635.41,1635.41,1635.41,1635.41,0.06674,1
1694210400,1634.42,1635.54,1634.42,1635.15,0.13636161,3
1694211300,1635.13,1635.13,1635.09,1635.09,0.14849302,2
1694213100,1635.82,1635.82,1635.78,1635.78,0.14988707,2
1694214000,1635.71,1637.74,1635.71,1637.74,29.30215527,24
1694214900,1637.81,1638.01,1637.81,1638.01,0.20581691,2
1694215800,1636.71,1636.71,1636.64,1636.64,0.30555011,2
1694217600,1636.56,1636.94,1636.56,1636.94,0.1294594,3
1694218500,1636.58,1636.64,1636.49,1636.64,0.56418009,3
1694219400,1636.9,1636.9,1636.9,1636.9,0.01527267,1
1694221200,1635.08,1635.08,1634.92,1634.92,0.88285212,4
1694223000,1635.56,1636.06,1635.56,1636.06,0.14679253,3
1694223900,1636.36,1636.36,1636.23,1636.23,0.03526008,2
1694224800,1636.11,1636.11,1635.4,1635.4,0.43214558,4
1694225700,1635.42,1635.42,1635.42,1635.42,0.68935,1
1694226600,1636.2,1636.2,1635.65,1635.65,0.66442809,4
1694228400,1635.19,1635.19,1635.19,1635.19,0.59753458,1
1694229300,1633.74,1633.74,1633.74,1633.74,0.18,1
1694232000,1634.64,1634.64,1633.76,1634.37,9.98363732,8
1694232900,1633.13,1633.14,1633.13,1633.14,0.54059182,2
1694233800,1633.16,1633.25,1633.16,1633.25,0.12104237,2
1694235600,1634.15,1634.15,1634.15,1634.15,0.011,1
1694236500,1634.16,1634.18,1634.16,1634.18,0.60288871,3
1694237400,1634.16,1634.59,1634.16,1634.59,0.12335,2
1694238300,1632.44,1632.44,1632.44,1632.44,0.0012391,1
1694240100,1633.37,1633.37,1633.37,1633.37,0.12244548,1
1694241000,1633.47,1633.87,1633.47,1633.87,0.13213437,2
1694241900,1634.33,1634.33,1634.33,1634.33,0.06653136,1
1694242800,1635.63,1635.63,1634.72,1635.12,3.30274085,13
1694243700,1634.98,1634.98,1634.98,1634.98,0.2,1
1694244600,1634.97,1634.97,1634.39,1634.44,6.8147,17
1694245500,1634.4,1634.81,1633.88,1634.63,8.85181759,18
1694246400,1634.94,1634.94,1634.36,1634.37,7.01486939,12
1694247300,1634.0,1634.05,1633.55,1633.56,10.94724,28
1694248200,1633.69,1634.07,1633.69,1633.84,4.68285344,10
1694249100,1634.28,1634.28,1634.18,1634.18,0.32062216,3
1694250000,1634.14,1634.14,1634.06,1634.06,5,5
1694250900,1633.93,1634.25,1633.64,1634.25,3.95109355,12
1694251800,1635.82,1636.08,1635.22,1635.85,8.38,24
1694252700,1635.84,1635.89,1634.76,1634.76,5.62434627,24
1694253600,1634.86,1634.86,1634.86,1634.86,0.11325,1
1694254500,1634.57,1634.58,1634.0,1634.2,5.29533373,13
1694255400,1633.82,1633.82,1633.82,1633.82,0.02305594,1
1694256300,1634.31,1634.31,1633.6,1633.6,3.87565901,4
1694257200,1634.18,1634.29,1633.74,1634.03,6.85489294,14
1694259900,1634.98,1635.12,1634.93,1634.93,7.01772752,10
1694260800,1634.55,1635.2,1634.55,1635.16,1.44042686,5
1694261700,1635.3,1635.58,1635.11,1635.51,7.24515172,17
1694262600,1635.48,1635.48,1634.31,1635.01,2.39244514,22
1694263500,1635.01,1635.23,1635.01,1635.23,2.72381193,7
1694264400,1634.48,1634.48,1634.11,1634.18,1.60574608,9
1694265300,1634.19,1634.19,1633.54,1633.61,2.808,10
1694266200,1632.23,1632.23,1630.57,1631.78,16.94100101,26
1694267100,1631.27,1632.04,1630.63,1631.9,5.20202916,14
1694268000,1630.8,1631.67,1629.94,1631.67,77.3042101,109
1694268900,1631.9,1632.08,1631.52,1631.87,1.54366794,14
1694269800,1631.89,1631.89,1630.88,1631.1,2.79581674,9
1694270700,1632.51,1632.73,1632.51,1632.73,0.1085134,2
1694271600,1635.11,1635.26,1635.11,1635.26,0.49431791,3
1694272500,1635.61,1635.61,1634.95,1634.95,5.38224203,18
1694273400,1635.01,1635.43,1634.21,1635.43,16.04550935,42
1694274300,1635.46,1635.93,1635.0,1635.0,2.59552445,12
1694275200,1635.05,1635.05,1634.84,1634.84,0.1718124,4
1694276100,1635.78,1636.09,1635.78,1635.86,0.56737634,4
1694277000,1636.38,1636.69,1634.73,1634.73,0.383,4
1694277900,1634.87,1635.57,1634.87,1635.57,0.26811491,2
1694278800,1635.39,1635.39,1635.12,1635.31,0.39463375,4
1694279700,1635.45,1635.45,1635.44,1635.44,0.17361279,4
1694280600,1635.44,1635.45,1635.44,1635.44,7.03934796,11
1694281500,1635.44,1635.45,1634.7,1634.7,2.55586997,8
1694282400,1634.71,1634.71,1634.71,1634.71,0.760449,4
1694283300,1634.7,1634.7,1633.21,1633.3,9.80103469,9
1694284200,1632.93,1632.93,1632.46,1632.46,5.03089882,7
1694285100,1633.6,1633.61,1633.6,1633.61,1,2
1694286000,1632.59,1633.35,1632.59,1633.35,1.08587092,7
1694286900,1632.9,1633.18,1632.9,1633.18,0.04769224,2
1694287800,1633.59,1633.59,1633.59,1633.59,0.02571008,1
1694288700,1633.98,1634.68,1633.98,1634.68,0.15766771,3
1694290500,1634.33,1634.33,1634.15,1634.25,0.23052014,3
1694291400,1634.06,1634.06,1634.06,1634.06,0.06126,1
1694292300,1633.98,1633.98,1633.8,1633.8,2.71170289,5
1694293200,1633.59,1634.99,1633.5,1634.99,0.57913297,8
1694294100,1635.0,1635.48,1634.53,1634.63,0.63281162,6
1694295000,1634.87,1634.87,1634.21,1634.24,0.27242487,5
1694295900,1635.41,1635.41,1635.41,1635.41,0.2448,1
1694296800,1635.52,1635.62,1635.15,1635.62,0.49654423,4
1694297700,1636.33,1636.73,1636.21,1636.21,3.10824043,13
1694298600,1635.99,1635.99,1635.99,1635.99,0.08088,1
1694299500,1635.9,1636.46,1635.9,1636.46,0.60586734,3
1694300400,1635.57,1635.57,1635.21,1635.21,0.13759826,2
1694301300,1635.28,1635.28,1634.8,1634.8,0.87179777,6
1694303100,1634.83,1635.09,1634.83,1635.09,1.07367421,2
1694304900,1634.21,1634.21,1632.5,1632.5,0.95036907,3
1694305800,1632.58,1632.58,1631.54,1631.54,9.2923,23
1694306700,1631.76,1631.76,1631.76,1631.76,0.23780759,1
1694307600,1631.78,1632.06,1631.78,1632.06,0.43320466,6
1694308500,1629.21,1629.21,1629.21,1629.21,0.01674497,2
1694309400,1630.27,1630.34,1630.27,1630.34,0.24488549,2
1694310300,1630.31,1631.35,1630.31,1630.86,2.66845522,8
1694311200,1631.52,1631.52,1631.52,1631.52,0.01,1
1694312100,1630.19,1630.19,1630.11,1630.11,9.93,8
1694314800,1631.05,1631.25,1630.89,1631.07,7.21434267,19
1694316600,1630.71,1630.76,1629.84,1629.84,2.10578442,8
1694317500,1631.01,1631.17,1631.01,1631.17,0.047094,2
1694318400,1631.18,1631.28,1629.86,1629.86,4.87,11
1694319300,1629.66,1629.66,1619.98,1624.86,14.71319399,51
1694320200,1619.92,1624.09,1619.92,1623.76,11.9561,31
1694321100,1622.79,1625.21,1622.51,1625.21,0.80918496,6
1694322000,1623.28,1623.37,1623.2,1623.2,1.426394,5
1694322900,1623.76,1625.62,1623.76,1625.35,1.01855,6
1694323800,1626.03,1626.03,1624.57,1625.18,1.73151524,11
1694324700,1625.18,1625.94,1625.18,1625.94,3.65407496,7
1694326500,1627.62,1627.62,1627.56,1627.56,0.77,3
1694327400,1627.6,1627.74,1627.11,1627.11,7.94512287,23
1694328300,1626.74,1626.74,1626.74,1626.74,0.03633918,1
1694329200,1626.47,1626.65,1626.47,1626.65,0.26,2
1694330100,1626.58,1626.58,1626.24,1626.24,0.78303264,3
1694331000,1626.44,1626.44,1626.04,1626.04,1.5582,7
1694331900,1625.38,1625.39,1624.69,1624.83,9.43902559,31
1694332800,1624.75,1624.75,1623.4,1623.4,9.2088559,26
1694333700,1623.82,1624.29,1623.73,1624.29,0.848072,5
1694334600,1623.48,1624.27,1623.39,1624.27,6.56442929,22
1694335500,1625.6,1625.6,1624.9,1625.04,0.66644721,6
1694336400,1625.34,1626.07,1624.31,1626.07,6.48535766,21
1694337300,1625.62,1625.62,1625.62,1625.62,0.12302998,1
1694338200,1625.13,1625.61,1625.13,1625.39,0.32284716,3
1694339100,1625.57,1625.57,1623.39,1623.39,6.07852268,13
1694340000,1623.97,1623.99,1623.04,1623.36,4.83046278,14
1694340900,1623.29,1623.98,1622.69,1623.98,4.8202037,18
1694341800,1622.8,1623.21,1622.44,1622.97,21.53726971,14
1694343600,1620.36,1622.8,1620.36,1622.57,1.53922639,8
1694344500,1623.53,1624.07,1623.52,1624.07,0.29744737,3
1694345400,1624.04,1626.58,1624.04,1626.46,0.52609999,9
1694346300,1624.93,1624.93,1624.06,1624.78,4.44222426,13
1694347200,1624.33,1625.57,1624.26,1625.57,0.51183597,5
1694348100,1625.42,1625.7,1624.99,1625.7,0.05567425,3
1694349000,1625.42,1626.09,1625.32,1625.72,0.122,13
1694349900,1626.62,1626.62,1625.37,1625.37,0.46822224,3
1694350800,1625.72,1625.72,1625.72,1625.72,0.41873,2
1694351700,1624.8,1624.8,1624.28,1624.28,0.06130928,5
1694352600,1626.2,1626.2,1626.2,1626.2,0.029,1
1694353500,1627.57,1627.86,1626.45,1626.45,5.98107529,17
1694354400,1626.88,1627.2,1626.31,1627.2,19.71290393,19
1694355300,1626.66,1626.66,1625.3,1625.34,10.65005882,11
1694356200,1625.31,1625.31,1623.17,1623.17,10.99936915,21
1694357100,1622.41,1623.5,1622.4,1623.4,53.9753417,20
1694358000,1621.49,1621.49,1613.0,1617.96,47.5338553,111
1694358900,1618.35,1618.82,1615.91,1615.91,66.6124514,139
1694359800,1616.77,1620.22,1616.16,1620.22,20.8046138,51
1694360700,1620.67,1620.67,1619.2,1619.76,4.66209857,13
1694361600,1619.15,1619.15,1617.85,1617.85,0.75411902,4
1694362500,1618.74,1618.74,1613.55,1616.02,8.98111142,25
1694363400,1614.73,1615.23,1614.72,1615.23,7.07070908,16
1694364300,1613.68,1613.72,1600.0,1610.01,122.54565982,208
1694365200,1611.68,1612.47,1605.68,1605.68,9.01612846,9
1694366100,1604.99,1607.49,1604.99,1607.49,0.93334149,5
1694367000,1608.83,1608.83,1606.84,1606.84,3.08344183,9
1694367900,1606.77,1609.36,1606.4,1606.41,52.26056865,71
1694368800,1608.04,1611.96,1608.04,1611.96,0.95597574,6
1694369700,1612.36,1613.35,1612.22,1613.0,1.4424811,8
1694370600,1611.99,1611.99,1611.99,1611.99,0.08,1
1694371500,1612.01,1612.01,1611.98,1611.98,0.31,2
1694372400,1612.06,1612.06,1612.06,1612.06,1.54252,1
1694373300,1612.06,1612.27,1610.53,1610.53,5.14499507,11
1694374200,1609.66,1609.66,1604.23,1607.54,2.06988542,9
1694375100,1613.25,1616.16,1610.1,1616.16,23.63353271,14
1694376000,1616.27,1620.36,1615.13,1619.1,3.3760482,11
1694376900,1621.38,1625.14,1621.38,1622.2,0.82729117,14
1694377800,1621.19,1621.19,1620.65,1620.65,0.22338372,2
1694378700,1617.87,1619.24,1617.57,1617.57,0.07844372,3
1694379600,1618.98,1622.94,1618.98,1622.04,5.97210728,11
1694380500,1624.53,1624.53,1623.75,1623.75,0.18498064,2
1694381400,1624.99,1624.99,1623.1,1623.1,0.21753072,4
1694382300,1623.67,1623.67,1622.25,1622.25,9.37792246,3
1694383200,1621.89,1622.77,1621.89,1622.77,0.21632243,2
1694384100,1624.37,1624.37,1622.84,1623.69,3.18539304,5
1694385000,1623.11,1623.11,1623.06,1623.06,0.27,2
1694385900,1621.37,1621.37,1620.28,1620.9,0.55991422,5
1694387700,1618.41,1618.41,1617.05,1617.05,0.09718627,2
1694388600,1617.84,1618.53,1617.8,1618.53,0.72501999,3
1694389500,1618.14,1618.14,1617.19,1617.19,0.19143389,2
1694390400,1617.68,1617.68,1617.0,1617.0,4.365467,2
1694391300,1617.83,1617.9,1615.14,1615.14,5.20616502,8
1694392200,1615.66,1615.66,1606.86,1608.98,5.11425595,31
1694393100,1606.57,1610.09,1604.35,1610.09,1.18825027,11
1694394000,1610.24,1612.27,1610.24,1612.27,0.07197524,2
1694395800,1607.77,1607.77,1606.89,1606.89,2.06210047,3
1694396700,1608.6,1610.36,1608.6,1609.37,0.47448924,4
1694397600,1608.28,1608.45,1608.26,1608.26,1.29372785,4
1694399400,1611.2,1612.99,1611.2,1612.99,33.08495966,9
1694402100,1613.45,1613.45,1612.95,1612.95,5.77640689,7
1694403000,1613.0,1613.12,1613.0,1613.12,0.94257995,4
1694404800,1612.63,1612.63,1609.14,1609.17,5.83524493,13
1694405700,1608.31,1608.34,1608.31,1608.34,9.14710331,12
1694406600,1610.87,1610.87,1610.87,1610.87,0.03344605,1
1694407500,1611.61,1611.61,1611.61,1611.61,0.02426124,1
1694408400,1612.15,1612.15,1612.15,1612.15,0.189,1
1694409300,1611.35,1611.56,1611.17,1611.56,13.07153081,9
1694410200,1612.73,1613.61,1612.73,1613.61,0.0763237,2
1694411100,1614.91,1615.18,1614.91,1615.18,0.2,2
1694412900,1616.81,1616.81,1615.67,1615.76,33.83528431,18
1694413800,1615.88,1616.95,1615.14,1616.44,97.1348321,28
1694414700,1616.55,1616.55,1615.55,1615.56,38.15762072,9
1694415600,1615.6,1615.6,1615.49,1615.49,1.36957214,4
1694416500,1614.25,1614.25,1612.65,1613.03,2.89443493,8
1694417400,1611.93,1612.77,1611.93,1612.77,1.05516214,2
1694418300,1612.33,1612.38,1612.33,1612.38,0.15107,2
1694419200,1612.19,1612.19,1608.81,1608.97,1.45496912,7
1694420100,1606.56,1607.87,1605.16,1605.22,26.05418259,11
1694421000,1605.43,1606.66,1605.43,1606.66,0.11213855,3
1694421900,1608.55,1608.55,1607.33,1607.33,1.3248529,8
1694422800,1607.44,1607.44,1607.44,1607.44,0.01377878,1
1694423700,1607.46,1607.46,1582.05,1592.87,102.73412696,185
1694424600,1593.08,1597.12,1593.05,1593.09,1.77004815,13
1694425500,1594.69,1597.07,1594.69,1594.91,0.68021063,6
1694426400,1592.38,1593.25,1589.38,1593.25,1.20557392,8
1694427300,1592.36,1592.36,1577.25,1589.28,4.07422098,43
1694428200,1585.01,1588.61,1585.0,1588.61,2.62037573,7
1694429100,1589.27,1591.84,1588.25,1588.73,15.27655599,24
1694430000,1590.23,1590.23,1588.69,1590.0,1.62318121,5
1694430900,1588.6,1588.95,1588.28,1588.28,11.31005949,16
1694431800,1589.55,1589.62,1589.03,1589.35,0.52886302,5
1694432700,1588.66,1588.66,1587.1,1587.1,0.3230094,6
1694433600,1587.18,1588.33,1587.02,1588.33,10.04784732,12
1694434500,1587.33,1587.94,1586.72,1587.94,0.169287,3
1694435400,1588.33,1591.2,1588.33,1590.29,70.1794383,30
1694436300,1590.98,1592.81,1590.98,1592.81,4.66679165,17
1694437200,1593.85,1595.42,1592.1,1592.34,21.65221845,13
1694438100,1592.08,1592.94,1592.02,1592.8,19.24884917,9
1694439000,1592.8,1596.84,1592.01,1592.53,5.15308414,16
1694439900,1593.05,1593.05,1588.1,1588.5,52.21460788,19
1694440800,1587.73,1589.17,1568.82,1574.25,37.65900165,123
1694441700,1575.97,1581.71,1574.7,1577.65,184.05581005,82
1694442600,1578.2,1580.8,1565.33,1569.12,31.83640492,83
1694443500,1567.91,1567.91,1551.01,1559.56,156.654822,186
1694444400,1557.54,1564.4,1556.87,1559.35,37.07314812,38
1694445300,1558.92,1562.11,1552.27,1561.37,95.7303787,82
1694446200,1559.79,1562.97,1559.79,1560.31,28.61832677,16
1694447100,1561.54,1564.01,1560.75,1563.27,26.93012799,32
1694448000,1561.34,1568.07,1561.34,1562.34,2.29295388,15
1694448900,1561.45,1564.34,1561.45,1564.34,0.6052666,3
1694449800,1561.86,1561.86,1558.87,1558.87,0.24344353,6
1694450700,1559.27,1560.72,1558.14,1558.14,7.1259826,9
1694451600,1558.38,1558.38,1555.72,1555.98,18.27186305,19
1694452500,1555.79,1557.24,1553.23,1557.24,7.21976471,10
1694453400,1558.26,1560.94,1558.26,1559.07,9.59305057,10
1694454300,1561.35,1563.65,1561.35,1563.65,0.50481297,4
1694455200,1562.86,1562.95,1561.18,1561.87,16.80462881,9
1694456100,1561.27,1561.3,1560.79,1561.16,0.49138433,6
1694457000,1560.41,1562.02,1560.41,1561.13,0.18077358,4
1694457900,1560.0,1560.0,1555.61,1556.58,26.06495309,17
1694458800,1555.74,1557.24,1555.66,1556.62,21.72348537,18
1694459700,1555.02,1555.02,1539.66,1549.01,115.40934853,201
1694460600,1549.29,1549.45,1539.98,1543.84,9.18451598,19
1694461500,1542.11,1546.05,1538.03,1538.03,7.51482783,19
1694462400,1538.68,1543.43,1532.48,1543.24,27.22858321,57
1694463300,1544.23,1544.73,1541.54,1542.04,55.25033672,27
1694464200,1544.05,1544.05,1542.57,1542.87,2.96287552,9
1694465100,1543.78,1543.8,1541.26,1541.26,2.59046209,12
1694466000,1541.0,1546.43,1540.0,1546.43,730.40063445,31
1694466900,1546.43,1547.0,1545.28,1545.77,169.30813872,23
1694467800,1546.39,1546.39,1542.49,1542.94,39.79511085,13
1694468700,1543.84,1544.25,1543.65,1544.25,4.04538179,12
1694470500,1545.08,1547.9,1545.08,1547.9,3.99536844,15
1694471400,1547.9,1549.36,1547.72,1547.72,0.63628828,8
1694472300,1547.31,1547.31,1547.31,1547.31,0.96795565,1
1694473200,1549.04,1549.77,1549.04,1549.57,13.00820762,9
1694474100,1547.68,1548.19,1547.36,1547.78,51.07469671,27
1694475000,1548.17,1550.14,1548.16,1550.13,13.50125306,13
1694475900,1550.13,1552.15,1549.7,1552.08,12.54028996,13
1694476800,1552.09,1552.23,1551.9,1551.9,5.09433994,8
1694477700,1552.69,1552.69,1552.69,1552.69,0.51,2
1694478600,1549.69,1549.69,1549.69,1549.69,0.15804951,1
1694479500,1553.3,1557.66,1553.3,1557.66,6.04438056,10
1694480400,1557.84,1557.84,1557.84,1557.84,0.1792017,1
1694481300,1554.84,1554.96,1553.21,1553.21,31.40391272,17
1694482200,1553.08,1553.08,1553.08,1553.08,5,2
1694483100,1552.13,1554.2,1552.13,1554.2,4.89819932,7
1694484000,1552.41,1553.72,1552.41,1553.63,7.47066029,13
1694484900,1553.68,1554.55,1553.15,1553.89,20.05486752,21
1694485800,1554.14,1557.79,1554.14,1557.55,0.11936143,3
1694486700,1554.92,1556.4,1554.92,1556.4,0.88089554,5
1694487600,1557.85,1566.22,1557.85,1566.22,9.1823701,18
1694488500,1566.99,1594.14,1566.99,1591.9,230.9068564,152
1694489400,1586.56,1586.56,1584.22,1585.49,0.91725039,5
1694490300,1583.36,1585.7,1582.65,1585.7,1.41299286,6
1694491200,1588.59,1591.3,1587.4,1587.48,66.35252732,84
1694492100,1585.61,1588.13,1585.11,1588.13,1.18088644,6
1694493000,1586.56,1586.56,1586.19,1586.45,0.27861256,3
1694493900,1585.45,1585.47,1585.45,1585.45,1.19218033,5
1694494800,1581.06,1581.06,1577.91,1579.67,14.95348901,25
1694495700,1577.9,1577.9,1577.59,1577.59,0.06564431,3
1694497500,1579.22,1579.23,1579.22,1579.23,0.72780863,2
1694498400,1583.72,1583.97,1581.72,1581.72,19.73948772,13
1694499300,1579.91,1580.36,1579.88,1579.88,0.44641184,3
1694500200,1579.71,1579.71,1579.71,1579.71,0.25,1
1694501100,1579.86,1580.41,1579.41,1580.41,35.33983064,19
1694502000,1581.12,1581.12,1577.02,1577.02,0.33980029,5
1694502900,1576.4,1577.44,1575.19,1575.93,21.65688066,17
1694503800,1580.11,1580.11,1580.11,1580.11,0.15944,1
1694504700,1580.6,1580.77,1579.61,1580.29,3.50074524,10
1694505600,1580.44,1580.53,1578.73,1578.73,7.25547362,14
1694506500,1581.33,1582.83,1580.41,1580.41,1.31354644,6
1694507400,1581.12,1581.13,1579.63,1579.72,3.85718041,7
1694508300,1579.4,1579.4,1576.81,1577.51,0.29677666,6
1694509200,1578.04,1578.04,1577.3,1577.34,0.661,3
1694510100,1580.42,1580.91,1580.42,1580.91,6.03726243,5
1694511000,1581.28,1583.9,1581.28,1583.9,4.52925181,13
1694511900,1585.33,1589.28,1585.27,1589.28,3.03348438,12
1694512800,1587.33,1587.49,1586.79,1587.49,0.17053279,4
1694513700,1589.18,1622.27,1588.56,1611.92,122.108161,173
1694514600,1614.11,1614.11,1606.64,1608.16,3.24695935,19
1694515500,1608.07,1613.52,1608.07,1612.84,3.98095218,6
1694516400,1613.83,1614.88,1612.17,1614.88,2.71544459,8
1694517300,1613.71,1613.71,1610.45,1610.45,10.22917906,18
1694518200,1607.87,1607.87,1607.79,1607.79,0.5458,3
1694519100,1608.92,1609.61,1608.9,1609.61,0.30877453,4
1694520000,1609.78,1610.86,1609.78,1610.17,0.62818371,5
1694520900,1611.87,1611.87,1607.47,1609.9,1.49854923,11
1694521800,1610.53,1610.53,1606.94,1609.33,1.19110463,16
1694522700,1607.05,1607.18,1604.9,1604.9,6.23055182,10
1694523600,1605.16,1605.23,1603.41,1603.41,3.45263205,11
1694524500,1603.35,1603.36,1596.73,1598.76,5.27616081,33
1694525400,1599.6,1603.46,1597.25,1603.46,10.22119146,21
1694526300,1604.72,1609.14,1604.72,1609.07,13.21309589,31
1694527200,1610.1,1611.91,1605.43,1609.31,219.7667862,114
1694528100,1608.07,1608.16,1601.29,1601.94,5.06484159,20
1694529000,1603.17,1606.38,1602.79,1603.76,1.29604429,13
1694529900,1601.92,1601.92,1596.95,1599.51,0.97543998,8
1694530800,1598.08,1601.76,1598.08,1600.4,2.78559169,10
1694531700,1600.21,1602.68,1600.0,1602.68,161.08302425,29
1694532600,1603.66,1603.77,1603.66,1603.66,0.18238819,3
1694533500,1603.93,1604.14,1603.68,1604.14,0.24716759,4
1694534400,1603.98,1604.55,1603.73,1603.74,7.28702833,14
1694535300,1603.66,1608.63,1603.66,1607.12,244.41971236,83
1694536200,1610.6,1620.36,1606.56,1606.56,13.64678217,35
1694537100,1604.67,1604.67,1597.7,1597.7,24.71852357,31
1694538000,1598.87,1600.01,1597.02,1600.01,100.27722009,31
1694538900,1600.0,1600.0,1586.47,1589.81,4.71590989,47
1694539800,1591.95,1591.95,1590.92,1590.92,0.71893999,5
1694540700,1590.97,1591.32,1588.44,1588.44,0.6214699,6
1694541600,1586.61,1590.06,1586.08,1590.06,7.42637067,14
1694542500,1591.02,1592.27,1591.02,1591.7,0.49668862,4
1694543400,1592.03,1592.03,1591.34,1591.72,1.29008914,5
1694544300,1592.03,1592.19,1591.91,1591.96,1.88912938,6
1694545200,1594.88,1596.42,1594.88,1596.34,0.4301649,9
1694546100,1598.84,1607.55,1598.84,1600.05,8.02965946,32
1694547000,1599.04,1599.58,1599.04,1599.58,0.07433026,2
1694547900,1599.52,1600.14,1599.52,1600.14,0.09335837,3
1694548800,1599.51,1599.89,1599.48,1599.55,19.59438562,10
1694549700,1599.52,1599.52,1599.42,1599.42,0.6351172,3
1694550600,1600.21,1600.85,1600.0,1600.62,8.15320169,12
1694551500,1600.02,1600.78,1598.88,1598.88,0.73764128,7
1694552400,1597.95,1602.92,1597.95,1602.92,16.82201391,8
1694553300,1602.06,1603.9,1601.98,1603.9,51.92802835,10
1694554200,1602.04,1602.04,1600.63,1600.75,0.73575303,5
1694555100,1602.21,1602.21,1601.29,1601.29,0.10935874,3
1694556000,1599.85,1599.85,1598.72,1598.95,0.1427378,3
1694556900,1598.29,1599.08,1597.29,1597.29,0.42852157,6
1694557800,1597.55,1597.63,1597.55,1597.63,0.54711785,3
1694558700,1597.98,1597.98,1596.97,1596.97,9.5890864,4
1694559600,1596.95,1596.95,1592.25,1592.25,0.2520026,6
1694560500,1591.84,1595.6,1591.84,1594.65,0.20711994,5
1694561400,1594.92,1596.53,1594.92,1595.53,0.1579146,4
1694562300,1593.49,1593.49,1592.67,1592.74,9.21208379,5
1694563200,1590.73,1594.35,1590.58,1594.07,21.82263403,12
1694564100,1596.44,1596.44,1596.44,1596.44,0.02314754,1
1694565000,1597.52,1599.99,1597.52,1599.99,0.12891353,3
1694565900,1599.79,1599.79,1598.2,1598.2,0.16118974,5
1694566800,1597.98,1598.3,1597.98,1598.3,6.16460994,7
1694567700,1599.31,1599.38,1599.31,1599.33,0.63386222,4
1694568600,1600.0,1600.0,1599.89,1599.89,6.52597377,8
1694570400,1598.12,1598.12,1598.12,1598.12,0.186,1
1694571300,1597.13,1597.14,1597.05,1597.05,0.76971664,4
1694572200,1596.75,1596.78,1596.75,1596.78,0.99468238,6
1694573100,1597.21,1597.21,1597.21,1597.21,0.032765,1
1694574000,1595.28,1595.28,1593.86,1593.86,0.11333916,2
1694574900,1592.39,1592.39,1592.39,1592.39,0.03169572,1
1694576700,1590.57,1590.57,1590.0,1590.0,0.03838344,2
1694577600,1590.56,1590.56,1589.5,1589.5,0.28021,3
1694578500,1588.96,1591.48,1588.77,1591.48,1.36700692,5
1694580300,1591.85,1591.85,1591.21,1591.21,0.08269569,3
1694581200,1588.87,1588.87,1588.8,1588.8,0.90777,4
1694582100,1587.48,1587.48,1583.58,1585.31,1.73415061,16
1694583000,1583.96,1583.96,1583.36,1583.69,0.05910076,5
1694583900,1583.35,1583.98,1583.29,1583.98,0.08058954,3
1694584800,1583.55,1583.87,1583.29,1583.48,3.26359417,10
1694585700,1584.67,1585.21,1584.18,1584.18,0.56265692,5
1694586600,1584.98,1584.98,1584.56,1584.56,1.14074075,5
1694587500,1586.12,1587.85,1586.12,1587.85,0.18945704,5
1694588400,1588.66,1589.52,1588.66,1589.4,1.74580667,8
1694589300,1589.13,1589.72,1588.53,1588.62,15.19579339,16
1694590200,1588.75,1603.46,1586.7,1586.7,43.59568228,81
1694591100,1585.87,1587.39,1584.31,1584.31,0.84723787,7
1694592000,1585.96,1585.96,1585.96,1585.96,0.00315266,1
1694592900,1590.77,1593.06,1590.77,1592.9,0.51967259,4
1694593800,1592.31,1593.96,1592.31,1593.6,5.91205733,6
1694594700,1592.85,1592.85,1592.22,1592.22,0.12085373,3
1694595600,1592.63,1592.63,1592.14,1592.14,0.08553739,2
1694596500,1593.34,1595.65,1593.31,1595.65,0.23447329,4
1694597400,1595.49,1598.32,1595.49,1598.32,0.03562535,2
1694598300,1597.26,1600.37,1597.15,1600.37,1.2134431,8
1694599200,1600.96,1602.53,1599.7,1599.81,2.05743088,14
1694600100,1597.91,1597.96,1597.01,1597.01,0.22783687,3
1694601900,1600.2,1600.2,1598.65,1599.38,1.99223788,10
1694602800,1600.16,1600.16,1598.2,1598.2,11.44817179,25
1694603700,1599.46,1602.91,1597.43,1602.08,20.9988729,18
1694604600,1603.85,1603.85,1602.29,1603.05,3.27825998,10
1694605500,1603.5,1605.3,1603.22,1603.71,100.72347209,31
1694606400,1604.59,1604.59,1602.56,1602.56,0.5313053,3
1694607300,1603.62,1603.62,1602.51,1602.51,0.17049311,3
1694608200,1602.51,1602.51,1593.88,1594.37,13.59858742,29
1694609100,1598.89,1601.19,1598.89,1601.19,1.68919051,3
1694610000,1600.68,1600.68,1599.22,1599.22,0.35769845,2
1694610900,1596.56,1596.92,1596.56,1596.81,0.53422584,5
1694611800,1596.55,1598.66,1596.55,1598.66,1.11702087,7
1694612700,1597.0,1597.0,1593.76,1595.75,12.54582278,9
1694613600,1596.22,1596.34,1594.13,1596.34,1.32529032,4
1694614500,1596.34,1601.31,1596.34,1600.28,6.6181184,9
1694615400,1600.76,1609.77,1600.76,1606.85,103.66938908,36
1694616300,1606.11,1606.11,1606.11,1606.11,0.25,1
1694617200,1606.89,1608.26,1606.89,1608.26,0.10807,2
1694618100,1608.79,1618.19,1605.51,1610.52,8.46117633,26
1694619000,1611.11,1611.46,1610.56,1611.43,6.84592731,10
1694619900,1611.21,1611.21,1608.3,1608.3,1.22197205,5
1694621700,1609.82,1612.63,1609.82,1610.6,128.4063085,44
1694622600,1612.82,1613.08,1611.26,1613.01,27.79308868,23
1694623500,1612.67,1612.67,1609.94,1610.01,4.56551829,8
1694624400,1609.11,1609.72,1608.0,1609.72,33.53145295,11
1694625300,1610.41,1610.41,1602.01,1602.01,2.9689356,14
1694626200,1603.63,1604.48,1601.32,1601.32,0.85183347,13
1694627100,1600.24,1601.92,1598.0,1598.0,3.61411135,13
1694628000,1598.02,1601.45,1598.02,1601.45,2.38452319,7
1694628900,1601.71,1602.06,1601.45,1601.45,6.58097771,14
1694629800,1601.64,1601.64,1600.92,1600.92,0.36429,2
1694630700,1601.0,1601.17,1598.87,1599.83,2.23076755,10
1694631600,1596.96,1599.86,1596.96,1599.86,1.19007014,8
1694632500,1599.59,1601.69,1599.36,1601.67,0.27099439,6
1694633400,1602.27,1602.27,1600.76,1600.76,0.21844791,2
1694634300,1601.85,1601.85,1600.92,1601.01,0.26626231,3
1694635200,1599.82,1601.67,1599.82,1601.67,8.50046319,14
1694636100,1601.75,1602.62,1601.36,1601.36,0.33014839,7
1694637000,1602.43,1602.43,1602.36,1602.36,8,4
1694637900,1604.09,1604.09,1604.05,1604.05,0.07388258,2
1694638800,1603.16,1605.56,1603.16,1605.56,0.85945457,7
1694639700,1605.51,1605.51,1604.45,1604.5,0.92042471,8
1694640600,1605.78,1605.82,1605.09,1605.3,3.19578461,5
1694642400,1605.68,1605.81,1605.68,1605.81,0.14403,2
1694643300,1605.82,1608.98,1605.81,1608.98,5.62873331,16
1694644200,1607.64,1607.64,1607.64,1607.64,0.02197457,1
1694645100,1606.44,1606.86,1606.32,1606.86,0.68344027,4
1694646000,1607.27,1608.78,1607.27,1608.75,0.63763028,3
1694647800,1606.88,1606.9,1606.88,1606.9,2.98610536,2
1694648700,1606.75,1606.75,1606.75,1606.75,0.01,1
1694649600,1606.82,1608.02,1606.82,1608.02,0.33889608,5
1694650500,1608.35,1608.57,1608.35,1608.57,0.24578239,3
1694651400,1608.5,1616.87,1608.5,1616.87,2.00540074,16
1694652300,1618.15,1634.69,1618.15,1634.69,24.90833888,109
1694653200,1633.66,1636.47,1628.11,1628.85,4.10581454,17
1694654100,1628.11,1628.11,1620.81,1622.36,22.30232408,28
1694655000,1621.97,1623.38,1621.92,1623.38,1.11298329,4
1694655900,1622.78,1622.78,1622.15,1622.15,0.02,2
1694656800,1621.35,1622.08,1619.79,1622.08,0.38394509,5
1694657700,1619.47,1619.47,1617.78,1617.78,0.5165,6
1694658600,1619.48,1621.02,1618.65,1621.02,0.75732751,8
1694659500,1620.36,1620.36,1620.36,1620.36,0.01,1
1694660400,1621.82,1622.09,1621.82,1622.09,0.1742917,2
1694661300,1620.69,1620.69,1620.59,1620.59,0.10298393,2
1694662200,1620.59,1620.59,1619.24,1619.24,0.21243363,4
1694664000,1620.66,1620.67,1620.66,1620.67,0.14931269,2
1694665800,1618.62,1618.62,1618.62,1618.62,0.02186038,1
1694666700,1616.32,1616.32,1614.7,1615.65,0.3235654,11
1694667600,1615.46,1615.94,1615.46,1615.94,0.05124634,2
1694668500,1615.94,1615.94,1614.05,1614.05,0.32367716,4
1694669400,1613.57,1613.57,1613.5,1613.5,4.13659977,3
1694670300,1614.24,1614.24,1613.5,1613.5,0.78682027,3
1694671200,1615.92,1615.92,1615.92,1615.92,0.18565276,1
1694673000,1617.79,1617.79,1617.68,1617.68,0.01843378,2
1694673900,1618.5,1620.0,1618.38,1620.0,1.54304099,8
1694674800,1619.58,1619.6,1618.64,1618.9,8.0811957,5
1694675700,1617.91,1617.91,1617.44,1617.44,3.8937,6
1694677500,1622.2,1622.63,1621.15,1621.15,54.52546593,23
1694678400,1621.42,1621.42,1619.67,1619.67,11.52417,12
1694679300,1619.96,1622.31,1619.96,1619.98,459.85917321,143
1694680200,1619.61,1622.31,1619.61,1622.31,0.79487211,4
1694681100,1621.82,1621.82,1618.37,1619.04,11.21674401,16
1694682000,1619.24,1619.31,1619.24,1619.31,27.79142968,40
1694682900,1620.85,1620.99,1619.09,1619.24,7.77427678,12
1694683800,1619.24,1619.25,1619.24,1619.24,0.10407487,3
1694684700,1619.24,1619.95,1619.24,1619.55,0.20074555,4
1694685600,1619.24,1619.25,1619.24,1619.25,6.46800156,3
1694686500,1619.25,1621.39,1619.24,1621.39,9.11528457,14
1694687400,1619.24,1619.24,1618.54,1618.54,1.88017528,4
1694688300,1619.18,1620.22,1619.18,1620.22,0.649438,2
1694689200,1622.3,1623.65,1622.3,1623.12,1.64970297,7
1694690100,1624.63,1625.13,1623.88,1625.08,0.70132179,6
1694691000,1623.54,1624.58,1622.93,1622.93,1.83654495,6
1694691900,1624.9,1625.31,1623.7,1624.9,34.49862904,39
1694692800,1625.0,1626.61,1625.0,1626.61,0.48257076,7
1694693700,1627.89,1627.89,1623.0,1623.0,1.08585752,7
1694694600,1619.6,1621.65,1619.47,1621.21,0.52669239,15
1694695500,1621.42,1624.15,1621.39,1624.07,20.7241178,16
1694696400,1624.46,1624.46,1624.46,1624.46,1,7
1694697300,1626.26,1632.27,1626.26,1628.64,53.89101209,40
1694698200,1627.96,1631.69,1627.96,1628.85,23.12979518,15
1694699100,1627.58,1628.82,1623.18,1625.16,2.35515559,21
1694700000,1626.92,1626.92,1623.74,1623.85,7.12880977,20
1694700900,1627.86,1627.86,1624.71,1627.85,2.08370006,57
1694701800,1631.21,1631.21,1626.34,1629.47,3.77873305,11
1694702700,1630.1,1635.95,1630.1,1635.95,1.84220109,7
1694703600,1636.47,1643.62,1632.48,1635.97,56.7655919,74
1694704500,1636.22,1636.22,1630.75,1630.75,1.50930121,12
1694705400,1630.75,1632.05,1629.3,1632.05,9.19414627,17
1694706300,1634.13,1635.32,1633.83,1634.4,8.48976458,12
1694707200,1635.16,1635.16,1632.06,1632.06,0.06643539,2
1694708100,1633.54,1633.54,1629.94,1633.06,3.0433074,11
1694709000,1633.3,1634.29,1628.3,1631.5,14.60341195,26
1694709900,1630.82,1634.06,1630.24,1634.06,19.91666053,19
1694710800,1633.68,1636.75,1633.68,1635.23,142.97327749,117
1694711700,1634.05,1634.05,1632.47,1632.57,12.62720877,13
1694712600,1633.14,1635.85,1633.14,1635.85,0.75950754,10
1694713500,1634.38,1638.14,1634.38,1637.56,13.04280775,21
1694714400,1635.86,1636.02,1635.68,1636.02,0.49863713,4
1694715300,1636.17,1636.23,1635.63,1636.1,6.88924067,10
1694716200,1636.09,1641.39,1634.96,1634.96,11.32139879,16
1694717100,1634.65,1634.76,1630.46,1630.56,12.94662392,29
1694718000,1630.0,1632.81,1630.0,1631.61,1.19196124,9
1694718900,1631.27,1633.26,1631.23,1633.26,4.57490129,7
1694719800,1632.2,1632.2,1632.2,1632.2,0.28397439,1
1694720700,1634.72,1635.92,1634.72,1635.92,0.10750994,5
1694721600,1635.91,1636.7,1634.34,1634.92,2.4606409,16
1694722500,1633.0,1633.0,1633.0,1633.0,0.01224741,1
1694723400,1631.92,1631.92,1631.35,1631.79,3.84185039,6
1694724300,1631.0,1631.0,1628.76,1629.27,2.65077495,13
1694725200,1628.3,1628.53,1626.94,1628.39,2.20217096,12
1694726100,1628.82,1628.88,1628.82,1628.88,0.64492794,4
1694727000,1628.6,1628.88,1627.13,1627.13,0.4245888,9
1694727900,1626.93,1626.93,1624.42,1625.49,1.53594211,20
1694728800,1628.12,1628.12,1628.12,1628.12,0.0263,1
1694729700,1628.13,1631.12,1628.13,1631.12,0.29487531,7
1694730600,1632.12,1632.12,1632.12,1632.12,0.01378079,1
1694731500,1629.75,1630.64,1629.71,1630.64,0.4825869,7
1694732400,1629.55,1630.86,1629.21,1630.86,5.14491345,9
1694733300,1630.89,1630.89,1629.86,1629.86,0.19371169,2
1694735100,1625.39,1626.73,1625.39,1626.73,0.52084438,7
1694736000,1626.35,1626.35,1626.09,1626.09,0.83840877,4
1694736900,1624.63,1624.63,1624.43,1624.43,0.03557187,2
1694738700,1627.5,1627.89,1624.16,1624.16,7.64583089,10
1694739600,1624.93,1624.93,1624.93,1624.93,0.65455576,2
1694740500,1625.32,1625.32,1625.32,1625.32,0.00098,1
1694741400,1625.9,1625.9,1625.9,1625.9,0.56881,1
1694742300,1626.44,1626.54,1626.44,1626.54,2.13628615,5
1694743200,1629.92,1633.67,1629.92,1632.94,3.47921152,23
1694744100,1634.41,1634.41,1634.07,1634.07,0.01891312,2
1694745000,1634.41,1635.56,1634.41,1634.67,0.20326893,4
1694745900,1633.28,1633.28,1632.25,1632.25,0.07238815,2
1694746800,1633.63,1633.63,1633.05,1633.05,0.2003099,2
1694747700,1634.14,1634.46,1632.95,1632.95,0.04592131,3
1694748600,1634.94,1635.02,1633.04,1633.04,0.50953778,3
1694749500,1634.23,1634.36,1634.11,1634.11,0.10333085,3
1694750400,1635.01,1635.95,1634.97,1635.95,0.07905262,4
1694751300,1635.62,1635.62,1632.59,1632.86,1.69160706,8
1694753100,1632.69,1634.0,1632.69,1634.0,0.10508017,4
1694754000,1633.19,1633.56,1632.89,1633.56,0.36401374,3
1694754900,1633.89,1633.89,1632.96,1633.25,1.84080475,5
1694755800,1633.52,1633.61,1633.52,1633.61,1.27997537,2
1694756700,1631.0,1631.18,1630.06,1630.48,1.91695205,12
1694757600,1630.81,1630.81,1629.53,1629.87,2.5547541,9
1694758500,1632.16,1632.17,1631.15,1631.7,0.65870223,6
1694759400,1630.79,1630.85,1629.14,1629.26,1.6974209,11
1694760300,1628.71,1630.59,1628.71,1630.42,0.2820238,7
1694761200,1630.42,1630.43,1628.71,1628.71,5.62075829,14
1694762100,1628.91,1628.91,1627.48,1628.58,0.06329587,4
1694763000,1629.07,1629.28,1629.05,1629.17,0.09139159,4
1694763900,1628.53,1628.53,1627.45,1627.62,1.0850907,7
1694764800,1627.52,1627.71,1627.52,1627.71,0.04608172,2
1694766600,1628.0,1628.0,1627.99,1628.0,0.41544346,7
1694767500,1628.0,1629.8,1628.0,1629.8,2.7465451,15
1694768400,1630.67,1630.67,1627.52,1628.11,2.16163867,12
1694769300,1627.85,1627.85,1627.45,1627.45,0.45325717,6
1694770200,1629.31,1629.47,1629.31,1629.47,0.03482059,2
1694771100,1630.33,1630.73,1628.88,1629.17,1.28735616,11
1694772000,1628.34,1629.06,1628.29,1629.06,0.2145869,4
1694772900,1629.46,1630.06,1629.03,1630.06,1.08204266,5
1694773800,1629.63,1630.0,1628.95,1628.95,1.10291911,7
1694774700,1629.43,1630.14,1629.43,1630.14,0.17830281,2
1694775600,1629.57,1629.63,1627.45,1627.45,2.36198666,16
1694776500,1625.96,1625.96,1624.14,1624.33,0.1775258,8
1694777400,1624.38,1624.38,1622.94,1622.94,2.54594475,11
1694778300,1624.06,1624.51,1618.69,1618.72,25.85146324,33
1694779200,1621.23,1622.82,1621.23,1622.82,0.11655405,3
1694780100,1622.7,1623.15,1622.43,1623.15,0.96162578,9
1694781000,1621.57,1621.57,1619.71,1620.24,1.88218625,23
1694781900,1620.81,1621.09,1619.84,1619.84,1.0615098,4
1694782800,1620.33,1621.88,1620.33,1620.95,5.701856,6
1694783700,1621.71,1622.08,1620.72,1620.72,2.30352436,6
1694784600,1621.37,1624.86,1621.11,1624.69,4.25237888,14
1694785500,1624.32,1624.35,1621.08,1621.08,2.1802971,14
1694786400,1621.15,1622.36,1620.81,1620.81,1.38725582,8
1694787300,1621.68,1622.24,1619.36,1619.36,3.17630112,11
1694788200,1618.53,1618.53,1615.07,1615.42,1.04944264,12
1694789100,1615.0,1615.01,1612.36,1614.24,4.43486852,21
1694790000,1614.49,1617.0,1614.49,1616.73,1.75659182,9
1694790900,1617.0,1617.0,1615.76,1615.76,0.79194288,8
1694791800,1617.0,1618.56,1615.99,1616.96,265.03026148,92
1694792700,1617.7,1619.16,1617.7,1619.16,0.41397591,3
1694793600,1619.27,1621.19,1618.79,1619.75,22.7179672,20
1694794500,1619.06,1619.65,1619.06,1619.65,0.02919033,2
1694795400,1621.02,1621.38,1620.04,1620.87,1.75337364,5
1694796300,1620.68,1620.87,1620.68,1620.87,0.02584906,2
1694797200,1621.6,1621.6,1621.13,1621.13,2.94694584,5
1694798100,1621.13,1621.14,1620.09,1620.34,0.31291001,6
1694799000,1620.94,1620.94,1620.94,1620.94,0.01197103,1
1694799900,1620.85,1620.85,1619.1,1619.1,0.39740311,3
1694800800,1619.52,1620.02,1619.21,1619.21,0.15227852,4
1694801700,1619.74,1619.76,1617.93,1619.24,25.50810288,16
1694802600,1619.29,1621.31,1619.29,1620.91,1.27526699,6
1694803500,1619.31,1619.31,1619.31,1619.31,0.0584073,1
1694804400,1619.72,1619.72,1619.72,1619.72,0.21220341,1
1694805300,1621.15,1622.56,1621.15,1622.56,80.36323999,46
1694806200,1623.08,1623.08,1622.8,1622.8,1.07681,4
1694807100,1622.91,1623.36,1621.04,1621.04,1.16429443,6
1694808000,1620.85,1620.85,1619.99,1619.99,0.57044986,4
1694808900,1620.56,1621.34,1620.56,1621.01,0.76184,4
1694809800,1621.04,1621.48,1621.04,1621.48,1.30252208,7
1694810700,1621.77,1622.19,1621.77,1621.9,0.36874206,3
1694811600,1623.68,1636.72,1623.68,1633.66,11.39894504,77
1694812500,1632.91,1632.91,1629.38,1629.43,0.27029282,6
1694813400,1628.6,1628.61,1628.6,1628.61,0.12399475,2
1694814300,1628.76,1628.76,1628.76,1628.76,0.00604887,1
1694815200,1632.78,1632.78,1632.28,1632.28,2.30545,2
1694816100,1633.43,1633.43,1633.4,1633.41,0.41099296,3
1694817000,1633.24,1647.53,1633.24,1647.53,1.63721462,48
1694817900,1646.83,1652.13,1646.0,1647.38,40.69415789,65
1694818800,1649.89,1652.0,1647.85,1647.85,3.38824307,25
1694819700,1644.32,1645.01,1644.2,1645.01,20.20868292,18
1694820600,1644.22,1645.44,1644.22,1645.44,1.95259458,12
1694821500,1643.07,1643.07,1641.39,1641.39,0.48882903,6
1694822400,1641.47,1642.11,1640.94,1642.11,2.07036956,5
1694823300,1643.18,1643.18,1643.16,1643.16,0.68258403,2
1694824200,1644.35,1644.35,1641.33,1641.33,1.0581463,6
1694825100,1641.74,1642.92,1641.74,1642.92,0.71025396,3
1694826000,1642.31,1642.31,1642.31,1642.31,0.183,1
1694826900,1643.17,1643.17,1640.81,1640.81,0.03224873,2
1694827800,1640.81,1642.02,1640.15,1641.49,3.71487399,8
1694828700,1642.55,1642.55,1642.55,1642.55,0.01558,1
1694829600,1644.99,1647.42,1644.91,1647.05,4.36396672,18
1694830500,1648.31,1651.16,1647.09,1647.09,0.29012659,6
1694831400,1646.64,1646.64,1644.97,1645.14,1.47277486,6
1694832300,1647.94,1649.94,1647.87,1649.94,0.23915668,4
1694833200,1647.01,1647.41,1645.47,1645.47,1.44293061,7
1694834100,1646.91,1646.91,1646.91,1646.91,1.40678414,2
1694835000,1644.62,1644.62,1644.62,1644.62,0.053326,1
1694835900,1643.49,1643.49,1642.3,1642.3,0.0370776,2
1694836800,1641.39,1641.39,1640.72,1640.72,0.02204801,2
1694837700,1640.6,1640.6,1640.6,1640.6,0.01969876,1
1694838600,1641.29,1641.96,1640.69,1640.69,52.34193586,20
1694840400,1639.69,1639.69,1639.69,1639.69,0.0304958,1
1694841300,1639.61,1640.38,1639.61,1640.38,3.07262023,6
1694842200,1639.02,1639.02,1638.04,1638.72,1.28207143,12
1694843100,1638.67,1638.67,1638.67,1638.67,0.99193562,2
1694844000,1638.76,1639.05,1637.88,1637.88,1.02887741,6
1694844900,1638.22,1638.22,1637.36,1637.36,0.13541,2
1694845800,1637.37,1637.37,1636.43,1636.43,0.73108173,4
1694846700,1637.03,1637.03,1635.67,1635.67,0.06969154,3
1694847600,1636.22,1636.22,1636.22,1636.22,0.1484,1
1694848500,1635.89,1635.9,1635.89,1635.9,0.42160529,2
1694849400,1635.74,1635.74,1635.45,1635.45,0.32393531,4
1694850300,1636.7,1636.7,1636.7,1636.7,0.06934165,1
1694851200,1636.15,1636.15,1636.15,1636.15,0.01,1
1694852100,1635.74,1635.74,1635.73,1635.73,0.53,2
1694853000,1636.18,1636.53,1636.18,1636.53,0.5152,3
1694853900,1636.36,1636.36,1634.65,1634.65,9.12823622,15
1694854800,1634.78,1634.78,1634.78,1634.78,0.047819,1
1694855700,1635.02,1635.02,1634.98,1635.01,0.50594034,6
1694856600,1635.02,1636.5,1635.02,1636.5,3.28694357,13
1694857500,1636.5,1636.5,1636.37,1636.37,2.27171362,5
1694858400,1634.0,1634.0,1632.57,1632.57,0.1914735,5
1694859300,1635.05,1635.05,1633.97,1634.79,0.10793374,3
1694860200,1635.59,1636.42,1635.59,1636.42,3.55161253,4
1694861100,1636.45,1636.5,1636.45,1636.5,0.03438543,2
1694862900,1635.07,1635.37,1635.07,1635.26,1.1464308,3
1694863800,1635.55,1635.61,1635.55,1635.61,0.89214695,4
1694864700,1635.6,1635.6,1635.6,1635.6,0.07642455,1
1694865600,1635.16,1635.3,1634.96,1634.97,1.24018933,16
1694866500,1634.96,1635.51,1634.96,1635.23,0.25999918,4
1694867400,1635.72,1637.69,1635.62,1637.25,2.76513169,23
1694868300,1639.22,1639.22,1638.51,1638.71,0.1581815,4
1694869200,1637.36,1637.41,1637.36,1637.41,0.09884076,2
1694870100,1637.41,1637.41,1634.96,1634.99,3.33894038,24
1694871000,1634.97,1634.97,1634.97,1634.97,2.14574127,6
1694872800,1634.96,1635.99,1634.96,1635.55,0.32542132,4
1694873700,1634.96,1634.96,1634.96,1634.96,0.0219,1
1694874600,1634.96,1635.99,1634.79,1635.85,2.38518399,6
1694875500,1634.81,1634.81,1634.0,1634.0,0.07461639,4
1694876400,1632.57,1634.86,1631.89,1634.86,0.36876937,5
1694877300,1634.35,1636.17,1634.35,1636.17,0.09256222,4
1694878200,1636.14,1636.14,1636.03,1636.03,0.4677778,2
1694879100,1635.47,1635.47,1635.47,1635.47,0.15010132,1
1694880000,1634.46,1634.46,1634.33,1634.33,0.52073854,3
1694880900,1634.98,1634.98,1634.47,1634.47,0.24486983,2
1694881800,1633.71,1635.57,1633.71,1635.57,1.07,3
1694882700,1635.36,1635.71,1635.36,1635.71,0.01609,2
1694883600,1635.58,1635.58,1635.58,1635.58,0.03713221,1
1694884500,1637.01,1637.63,1637.01,1637.55,2.82309049,8
1694885400,1637.36,1637.36,1637.34,1637.34,0.37949,2
1694886300,1638.58,1638.66,1638.58,1638.66,1.310313,5
1694887200,1637.19,1638.54,1637.19,1638.54,0.742706,3
1694888100,1636.37,1636.7,1636.37,1636.7,0.5536741,5
1694889000,1636.96,1636.96,1635.96,1635.96,1.52765945,6
1694889900,1635.83,1636.97,1635.83,1636.97,0.08298507,2
1694890800,1637.32,1637.32,1634.06,1634.06,0.93860566,5
1694891700,1633.17,1633.17,1633.17,1633.17,0.03081745,2
1694893500,1632.17,1633.56,1632.17,1633.56,0.03648,3
1694894400,1632.99,1633.02,1632.99,1633.02,0.60712303,2
1694895300,1634.04,1634.04,1634.04,1634.04,0.12238029,1
1694896200,1635.51,1636.37,1635.51,1636.37,0.06921098,3
1694897100,1635.65,1635.65,1634.52,1634.9,0.7098886,5
1694898000,1635.2,1635.41,1635.02,1635.02,1.83224452,6
1694898900,1635.66,1637.73,1635.66,1637.73,0.99744299,5
1694899800,1635.99,1637.5,1635.99,1636.06,0.56003666,5
1694900700,1635.69,1635.69,1635.69,1635.69,0.00457,1
1694901600,1635.45,1635.45,1635.45,1635.45,0.02958,1
1694902500,1635.29,1635.91,1635.29,1635.91,0.09383524,3
1694903400,1636.19,1636.19,1636.19,1636.19,0.0635748,1
1694904300,1636.03,1636.03,1636.03,1636.03,0.00463,1
1694906100,1633.71,1633.71,1633.53,1633.53,0.10364915,2
1694907000,1633.86,1635.48,1633.86,1635.48,71.16283528,32
1694907900,1634.54,1634.56,1634.54,1634.56,0.09072637,2
1694908800,1633.9,1633.9,1625.77,1625.77,33.71767368,92
1694909700,1625.48,1629.11,1625.48,1629.11,0.6515541,6
1694910600,1628.38,1628.41,1628.38,1628.41,0.80951412,4
1694911500,1628.78,1628.78,1625.0,1625.0,83.06147196,8
1694912400,1625.0,1625.0,1621.47,1623.84,93.81203559,24
1694913300,1623.79,1623.79,1623.78,1623.78,0.5,2
1694914200,1626.03,1626.03,1626.03,1626.03,0.04789916,1
1694916000,1625.37,1625.37,1625.37,1625.37,0.04789916,1
1694916900,1625.9,1626.6,1625.9,1626.6,2.05040505,7
1694917800,1626.13,1628.18,1626.13,1628.18,0.03900263,2
1694918700,1628.9,1628.9,1628.89,1628.89,0.02934919,2
1694919600,1628.89,1628.89,1628.74,1628.74,0.53307819,2
1694921400,1629.7,1629.7,1626.73,1628.16,7.25296017,11
1694922300,1628.63,1628.63,1628.63,1628.63,0.02,1
1694923200,1628.94,1628.94,1628.94,1628.94,0.1369398,1
1694925000,1628.39,1628.39,1628.39,1628.39,0.0306835,1
1694925900,1629.97,1631.37,1629.97,1631.37,0.03201427,3
1694926800,1630.62,1631.45,1630.36,1631.45,1.7562783,7
1694927700,1630.89,1630.89,1630.84,1630.84,1.08092662,4
1694928600,1629.61,1629.61,1628.85,1628.85,0.31229852,2
1694929500,1628.86,1629.91,1628.86,1629.75,13.20828518,9
1694931300,1629.24,1629.27,1629.24,1629.27,0.40406,2
1694932200,1630.45,1630.68,1630.17,1630.64,0.70269107,5
1694933100,1630.14,1630.61,1629.91,1630.61,2.96780097,12
1694934900,1630.7,1631.15,1630.7,1631.15,0.1613976,2
1694935800,1629.77,1629.83,1629.1,1629.29,5.22317637,11
1694936700,1627.81,1627.81,1627.68,1627.68,0.23329,2
1694937600,1627.35,1627.61,1627.35,1627.61,0.6670305,6
1694938500,1629.9,1629.9,1629.71,1629.71,0.32995344,2
1694939400,1631.25,1631.67,1631.25,1631.67,0.06,2
1694940300,1632.41,1632.41,1631.95,1632.12,0.68843388,5
1694941200,1631.41,1631.41,1631.16,1631.16,0.09462162,2
1694942100,1630.7,1631.78,1630.7,1631.78,1.08558483,6
1694943000,1631.58,1631.58,1631.58,1631.58,0.0183,1
1694943900,1632.35,1633.48,1631.95,1633.48,0.10715482,3
1694944800,1633.49,1633.49,1633.48,1633.48,0.03045782,2
1694945700,1633.48,1633.65,1633.18,1633.25,0.21809877,6
1694946600,1633.7,1634.56,1633.66,1634.56,0.62820186,6
1694947500,1634.39,1634.57,1633.74,1633.94,0.84451092,5
1694948400,1633.89,1634.47,1633.66,1633.66,2.81277752,13
1694949300,1633.66,1633.66,1631.88,1631.88,95.46856576,29
1694951100,1632.07,1632.07,1630.14,1630.14,0.65182402,3
1694952000,1630.0,1630.0,1630.0,1630.0,0.17468208,3
1694952900,1631.27,1631.27,1630.95,1631.16,0.16722158,5
1694953800,1632.01,1632.01,1631.27,1631.35,1.2631363,18
1694954700,1630.97,1631.27,1630.97,1631.27,10.10059324,9
1694955600,1631.51,1631.51,1629.28,1629.45,10.30452399,9
1694956500,1630.22,1630.22,1629.4,1629.4,11.2512019,10
1694957400,1630.21,1630.21,1628.26,1628.26,27.22909974,19
1694958300,1628.36,1628.36,1627.52,1627.52,28.99899405,15
1694959200,1629.05,1629.05,1628.72,1629.05,33.02006651,12
1694960100,1629.04,1630.0,1628.81,1629.99,0.53111084,10
1694961000,1630.0,1632.07,1629.99,1630.14,18.61463456,21
1694961900,1630.88,1630.88,1628.64,1628.64,0.28405284,4
1694962800,1630.34,1630.86,1630.34,1630.71,0.13249818,4
1694963700,1629.8,1630.76,1629.58,1630.76,4.65166462,12
1694964600,1629.46,1629.46,1629.14,1629.14,0.06684,2
1694965500,1629.42,1630.0,1629.42,1629.64,0.18940476,4
1694966400,1629.52,1629.52,1628.0,1628.0,0.37152548,3
1694967300,1628.0,1628.0,1627.02,1627.27,1.97711507,12
1694968200,1626.12,1626.12,1624.63,1624.64,1.21404865,5
1694969100,1624.48,1625.08,1624.48,1625.08,0.01797,2
1694970000,1625.08,1625.08,1623.42,1623.42,0.04945594,3
1694970900,1623.41,1624.07,1622.38,1624.07,0.60974876,5
1694971800,1623.81,1623.81,1623.36,1623.64,0.19261634,3
1694972700,1623.16,1623.16,1621.01,1621.01,0.22450426,3
1694973600,1621.0,1623.14,1619.36,1623.14,35.95510564,37
1694974500,1623.33,1623.81,1623.33,1623.58,0.22547406,4
1694975400,1624.36,1625.21,1624.3,1624.93,1.60296024,6
1694976300,1625.28,1625.4,1625.28,1625.4,0.7483549,3
1694977200,1624.81,1625.58,1624.81,1625.58,0.26513345,2
1694978100,1625.77,1626.11,1625.77,1625.77,0.41197328,3
1694979000,1625.73,1626.3,1625.73,1625.79,2.71305496,4
1694979900,1625.43,1625.56,1625.43,1625.56,0.14142671,2
1694980800,1625.61,1625.85,1625.61,1625.85,0.0324896,3
1694981700,1625.85,1625.85,1625.84,1625.84,1.22548418,5
1694982600,1625.85,1625.85,1620.07,1621.21,4.21792967,17
1694983500,1621.72,1621.72,1615.59,1615.59,0.92622116,13
1694984400,1615.77,1617.06,1612.69,1612.69,39.09260162,28
1694985300,1619.34,1619.8,1617.04,1617.04,0.72486271,6
1694986200,1618.46,1618.87,1618.46,1618.87,0.32252976,3
1694987100,1619.1,1619.58,1617.96,1619.58,1.41299628,8
1694988000,1618.61,1618.61,1616.4,1616.55,19.98787117,15
1694988900,1619.76,1619.76,1619.76,1619.76,0.03,1
1694989800,1619.35,1619.35,1619.0,1619.0,17.61395,7
1694990700,1619.33,1620.27,1618.72,1620.27,1.39546962,8
1694991600,1620.7,1620.7,1617.84,1617.84,0.09225712,2
1694992500,1617.02,1618.19,1617.02,1618.19,0.10288611,2
1694993400,1618.99,1619.0,1618.99,1619.0,3.16254098,4
1694994300,1619.0,1622.33,1619.0,1622.33,17.50910485,14
1694995200,1622.79,1623.63,1622.79,1623.63,0.14113168,2
1694996100,1622.36,1622.36,1619.71,1619.71,7.43337353,18
1694997000,1618.99,1618.99,1606.06,1613.19,18.48631142,105
1694997900,1613.94,1616.15,1613.03,1613.03,0.08848091,4
1694998800,1613.41,1615.59,1613.41,1615.59,0.11781283,5
1694999700,1615.95,1615.95,1614.09,1614.09,0.1315366,3
1695000600,1615.73,1616.2,1615.73,1616.2,0.07301884,2
1695002400,1615.54,1616.37,1615.54,1616.36,0.54047212,3
1695003300,1616.37,1631.04,1616.37,1631.04,0.59539217,23
1695004200,1631.67,1634.68,1631.67,1634.68,0.6800271,9
1695005100,1630.3,1630.48,1628.78,1630.48,0.76035926,5
1695006000,1630.39,1630.39,1628.26,1628.26,0.25021477,2
1695007800,1630.44,1630.76,1629.39,1629.39,0.12411927,3
1695008700,1628.73,1628.73,1628.62,1628.62,1.04674392,6
1695009600,1631.05,1631.89,1631.05,1631.07,55.9951537,87
1695010500,1630.15,1630.15,1630.15,1630.15,0.22843164,1
1695012300,1629.8,1629.81,1629.8,1629.81,0.06682,2
1695013200,1630.72,1630.76,1630.72,1630.76,1.1482868,4
1695014100,1632.98,1632.98,1632.31,1632.4,0.16444513,3
1695015000,1633.69,1634.68,1632.1,1632.1,2.96769503,11
1695015900,1633.01,1633.01,1632.09,1632.09,0.04963439,2
1695016800,1630.23,1631.79,1630.23,1631.79,30.04288864,16
1695017700,1631.95,1632.12,1631.1,1631.1,20.08974,14
1695018600,1630.77,1630.77,1630.77,1630.77,0.073,1
1695019500,1632.66,1632.66,1630.74,1630.74,2.64652946,10
1695020400,1629.73,1631.28,1629.73,1630.66,16.29897448,17
1695021300,1632.6,1636.0,1632.25,1635.73,0.2756526,9
1695022200,1635.65,1636.47,1634.07,1634.07,0.1565693,7
1695024000,1634.05,1634.71,1632.14,1632.14,2.89253585,10
1695025800,1631.4,1631.48,1631.4,1631.48,0.42096113,3
1695026700,1632.0,1632.18,1631.66,1632.18,7.35039443,11
1695027600,1633.41,1635.96,1633.41,1634.63,1.40516471,8
1695028500,1636.16,1636.69,1633.91,1633.91,66.8895374,27
1695029400,1635.19,1640.97,1635.19,1637.83,7.57074289,23
1695030300,1637.6,1641.0,1637.6,1638.93,2.01103033,11
1695031200,1639.56,1641.17,1638.36,1638.36,29.16634494,23
1695032100,1640.88,1642.44,1639.24,1641.52,21.53050541,18
1695033000,1642.52,1649.18,1642.52,1647.59,136.92806543,57
1695033900,1648.13,1650.9,1647.03,1647.98,24.47305018,50
1695034800,1649.27,1649.72,1648.91,1649.52,0.77376253,7
1695035700,1650.85,1656.7,1649.21,1656.28,7.44246077,55
1695036600,1652.18,1653.53,1651.5,1653.53,1.58772132,8
1695037500,1651.16,1653.92,1650.55,1653.92,2.31258788,9
1695038400,1655.79,1656.26,1651.5,1652.34,3.4258715,16
1695039300,1652.93,1661.49,1652.73,1659.8,390.89810437,129
1695040200,1660.14,1668.62,1660.14,1667.05,25.7302461,75
1695041100,1664.28,1665.97,1662.56,1665.97,42.66084716,35
1695042000,1665.01,1667.07,1662.58,1662.58,6.53743552,9
1695042900,1663.67,1663.67,1659.39,1659.39,0.18145922,10
1695043800,1658.81,1660.31,1657.98,1657.98,2.96112557,16
1695044700,1656.0,1656.0,1655.49,1655.49,0.61619397,4
1695045600,1657.36,1657.7,1651.85,1653.25,13.89941085,20
1695046500,1655.05,1656.78,1655.0,1656.78,1.75809106,5
1695047400,1656.63,1656.78,1656.63,1656.77,3.50036979,9
1695048300,1656.77,1658.99,1656.77,1658.99,12.31348916,32
1695049200,1658.03,1658.76,1658.03,1658.75,2.01736121,10
1695050100,1658.75,1659.0,1656.78,1658.34,610.5490471,46
1695051000,1659.0,1660.0,1657.8,1658.29,2.79248888,10
1695051900,1660.0,1660.0,1655.12,1655.59,7.73208355,22
1695052800,1657.0,1657.0,1655.58,1655.58,1.28506712,6
1695053700,1654.6,1654.6,1652.73,1652.75,38.91168814,31
1695054600,1653.0,1658.37,1652.64,1657.0,50.49367955,34
1695055500,1657.2,1657.44,1656.24,1656.24,1.15282002,8
1695056400,1655.97,1657.61,1653.92,1653.92,12.63165502,12
1695057300,1651.11,1651.11,1642.98,1642.98,2.88505534,22
1695058200,1642.98,1642.98,1636.32,1639.31,52.40419902,74
1695059100,1638.54,1641.05,1638.27,1638.38,3.64944516,8
1695060000,1638.38,1641.75,1638.13,1641.68,0.3424098,5
1695060900,1643.16,1643.16,1639.13,1639.13,1.64053547,8
1695061800,1636.21,1637.77,1634.52,1634.52,17.94742002,21
1695062700,1635.12,1636.68,1634.84,1635.91,10.67888781,13
1695063600,1638.8,1640.02,1638.8,1640.02,0.32636899,3
1695064500,1638.69,1639.49,1637.01,1639.49,13.3388635,24
1695065400,1638.84,1642.09,1638.84,1641.94,0.77053298,7
1695066300,1643.5,1643.5,1641.82,1641.82,0.44000498,4
1695067200,1640.74,1640.74,1639.78,1640.04,0.11506539,3
1695068100,1639.48,1639.48,1639.3,1639.3,0.16481835,3
1695069000,1637.76,1637.9,1637.52,1637.9,0.77551643,4
1695069900,1637.91,1637.91,1637.23,1637.23,2.949402,7
1695070800,1636.84,1636.84,1635.95,1635.95,3.40286086,17
1695071700,1638.53,1638.53,1637.23,1637.56,0.11788909,3
1695072600,1638.66,1639.45,1638.58,1639.45,0.60101367,4
1695073500,1638.29,1638.97,1638.29,1638.97,0.27009642,3
1695074400,1640.05,1640.68,1639.19,1639.47,4.49937997,9
1695075300,1639.97,1640.16,1639.59,1639.59,0.77295323,5
1695076200,1638.18,1638.19,1638.18,1638.19,0.7414143,3
1695077100,1639.79,1641.37,1639.79,1641.37,12.74844916,17
1695078000,1641.74,1641.74,1639.28,1639.28,0.33865,3
1695078900,1638.7,1638.7,1637.61,1637.61,0.41509504,5
1695079800,1637.42,1637.42,1637.04,1637.04,0.34179846,2
1695081600,1637.01,1638.1,1637.01,1638.06,0.50339036,4
1695082500,1635.0,1635.0,1626.9,1628.5,13.05280298,46
1695083400,1627.9,1631.48,1627.9,1630.52,0.11036633,4
1695084300,1630.79,1630.79,1630.28,1630.4,16.21711377,16
1695085200,1629.78,1630.02,1629.78,1630.02,0.51813244,3
1695086100,1633.01,1633.2,1632.5,1632.68,0.11695246,5
1695087000,1632.85,1632.93,1632.68,1632.93,0.06802351,4
1695087900,1633.25,1633.25,1633.25,1633.25,0.04145162,1
1695089700,1635.86,1635.86,1635.86,1635.86,0.01047942,1
1695091500,1635.95,1638.41,1635.95,1638.41,0.43470168,37
1695092400,1638.4,1639.66,1637.17,1637.17,1.26097196,8
1695093300,1637.0,1637.0,1634.54,1634.54,9.24068644,17
1695094200,1634.46,1634.5,1634.46,1634.5,0.11981,3
1695095100,1634.48,1634.5,1634.48,1634.49,0.19500665,4
1695096000,1633.92,1633.92,1633.92,1633.92,0.00108,1
1695096900,1634.5,1635.95,1634.5,1635.95,71.54790769,14
1695097800,1635.9,1636.7,1635.9,1636.53,1.80854494,7
1695098700,1637.69,1637.69,1637.69,1637.69,0.14704788,1
1695100500,1637.71,1637.71,1637.23,1637.65,1.84648845,9
1695101400,1638.12,1638.12,1638.03,1638.03,5,5
1695102300,1638.21,1638.21,1636.15,1636.15,7.85543226,25
1695103200,1635.67,1635.68,1635.67,1635.67,0.39905907,3
1695104100,1633.92,1634.67,1633.56,1633.64,2.17914131,9
1695105000,1635.31,1635.31,1635.31,1635.31,0.04,1
1695105900,1636.78,1636.78,1636.78,1636.78,0.35,1
1695106800,1636.37,1637.17,1636.37,1637.17,0.49187956,3
1695107700,1637.74,1637.96,1637.74,1637.81,25.01088015,11
1695108600,1638.11,1638.61,1637.18,1637.18,1.58415325,7
1695109500,1636.82,1637.44,1636.82,1637.44,1.04764,5
1695110400,1637.22,1637.63,1637.08,1637.12,3.54677857,12
1695111300,1638.44,1638.74,1638.12,1638.52,1.09854683,6
1695112200,1639.41,1640.88,1638.67,1640.88,2.5699214,12
1695113100,1639.73,1641.39,1638.42,1641.39,55.06903827,17
1695114000,1643.35,1646.72,1641.68,1646.72,25.01074855,25
1695114900,1647.49,1652.5,1647.49,1652.24,3.33410209,15
1695115800,1654.14,1659.53,1653.91,1653.91,86.81350411,28
1695116700,1654.1,1654.87,1654.0,1654.19,69.01246851,19
1695117600,1654.19,1654.19,1649.67,1650.38,2.76692905,13
1695118500,1650.66,1650.99,1644.71,1644.77,15.50350117,29
1695119400,1644.85,1647.46,1644.85,1646.2,5.22477824,20
1695120300,1646.04,1646.58,1644.32,1646.58,2.11150952,21
1695121200,1645.96,1646.19,1644.06,1644.06,33.01726631,36
1695122100,1642.98,1644.38,1642.22,1644.38,10.98879441,25
1695123000,1644.7,1644.7,1644.3,1644.53,0.54465029,8
1695123900,1644.58,1647.41,1644.58,1647.39,2.1541824,9
1695124800,1647.87,1647.87,1646.57,1646.57,1.92518512,11
1695125700,1646.52,1650.34,1646.52,1649.85,62.67736992,47
1695126600,1650.17,1650.17,1641.94,1641.94,13.5484256,32
1695127500,1642.56,1644.88,1642.56,1644.88,0.43270051,3
1695128400,1643.88,1644.82,1642.61,1644.3,2.22878691,10
1695129300,1645.29,1645.62,1644.26,1644.35,1.55682874,7
1695130200,1643.96,1647.5,1643.96,1646.7,3.1162724,10
1695131100,1646.67,1646.68,1638.14,1638.42,786.55443068,64
1695132000,1638.03,1640.57,1636.25,1640.57,5.17515664,12
1695132900,1641.33,1642.71,1640.83,1641.91,33.18994201,27
1695133800,1643.33,1643.96,1640.23,1643.61,24.30910319,30
1695134700,1644.23,1645.82,1644.1,1645.82,7.54228519,13
1695135600,1645.82,1648.22,1644.73,1647.17,9.5624346,12
1695136500,1646.95,1650.01,1646.95,1650.01,18.16873634,18
1695137400,1650.82,1655.52,1649.41,1649.92,490.51323436,56
1695138300,1648.82,1657.45,1648.51,1657.11,16.06019952,20
1695139200,1657.2,1657.74,1653.07,1657.69,33.98371478,41
1695140100,1658.0,1658.55,1652.01,1652.14,53.23181192,12
1695141000,1654.18,1654.49,1652.88,1654.33,10.39284819,16
1695141900,1652.96,1652.96,1650.48,1650.91,0.46396272,5
1695142800,1649.57,1649.57,1645.59,1645.59,0.07899347,5
1695143700,1646.44,1646.44,1646.11,1646.11,2.70961964,4
1695144600,1647.2,1649.55,1647.2,1648.0,2.7882859,7
1695145500,1648.02,1648.02,1645.81,1645.81,0.08449987,2
1695146400,1645.62,1647.9,1645.62,1647.9,0.33478251,3
1695147300,1647.72,1648.0,1647.55,1647.55,10.40337236,16
1695148200,1647.36,1647.36,1644.73,1645.1,18.09511278,8
1695149100,1645.18,1646.05,1644.95,1646.05,1.82413501,7
1695150000,1644.4,1644.76,1644.38,1644.76,0.09348586,4
1695150900,1642.98,1644.45,1642.16,1644.45,3.55633681,12
1695151800,1644.69,1644.69,1643.72,1643.99,0.43596473,5
1695152700,1643.62,1644.1,1643.02,1643.92,0.14340465,4
1695153600,1643.57,1644.43,1640.0,1644.43,4.98682246,17
1695154500,1640.08,1640.45,1640.06,1640.17,10.86198322,10
1695155400,1641.22,1642.02,1641.22,1641.45,12.81537266,9
1695156300,1643.49,1643.5,1643.49,1643.49,772.65747591,54
1695157200,1641.01,1642.19,1640.41,1640.49,0.53954718,5
1695158100,1640.13,1640.13,1639.0,1639.0,4.95299117,8
1695159000,1639.28,1639.6,1638.74,1639.44,0.11202263,4
1695159900,1640.23,1641.06,1640.17,1641.06,0.19138062,4
1695160800,1640.01,1640.07,1640.01,1640.07,25,14
1695161700,1640.0,1640.0,1639.3,1639.3,0.26166177,5
1695162600,1640.19,1641.63,1639.61,1641.49,3.51981674,10
1695163500,1642.62,1642.62,1642.31,1642.31,1.05016632,2
1695164400,1641.46,1641.46,1641.46,1641.46,0.2421134,1
1695165300,1644.2,1644.2,1643.8,1643.81,6.07407029,3
1695166200,1642.77,1643.94,1642.77,1643.56,19.73252848,14
1695167100,1643.61,1643.61,1643.28,1643.28,0.0404375,2
1695168900,1643.67,1643.67,1640.93,1640.93,47.31179203,27
1695169800,1641.47,1641.47,1641.47,1641.47,0.01532558,1
1695170700,1640.84,1641.55,1640.8,1641.06,33.18497501,22
1695171600,1642.18,1646.2,1642.18,1646.2,20.73963836,11
1695172500,1644.71,1645.98,1644.71,1645.55,1.15577611,6
1695173400,1645.96,1646.14,1645.79,1646.09,2.21213939,8
1695174300,1646.61,1648.0,1646.44,1648.0,0.94062308,6
1695175200,1647.99,1647.99,1644.8,1644.8,4.79409943,8
1695176100,1644.18,1646.21,1641.99,1641.99,124.43529724,40
1695177000,1640.62,1641.08,1640.62,1640.78,1.04350595,5
1695177900,1642.04,1642.09,1640.16,1640.16,1.13532029,4
1695178800,1640.18,1640.63,1640.18,1640.63,0.63289864,3
1695179700,1640.62,1640.62,1638.3,1639.09,3.69822819,9
1695180600,1638.15,1639.02,1638.15,1639.02,3.46916808,7
1695181500,1638.14,1638.14,1636.59,1636.84,2.3574815,11
1695182400,1636.22,1636.84,1636.17,1636.73,1.17366832,7
1695183300,1637.34,1638.65,1636.57,1638.65,15.66441583,17
1695184200,1638.79,1638.79,1638.79,1638.79,0.01017082,1
1695185100,1638.54,1638.54,1638.53,1638.53,0.42195063,2
1695186000,1636.02,1637.02,1636.02,1637.02,0.09700867,5
1695186900,1635.09,1637.17,1634.49,1637.05,7.26321929,11
1695187800,1636.85,1636.85,1635.71,1635.71,0.87217603,7
1695188700,1635.82,1636.41,1634.49,1634.49,0.46655698,4
1695189600,1634.49,1634.49,1632.57,1632.57,1.05127618,8
1695190500,1635.79,1635.79,1635.74,1635.74,0.04290402,2
1695191400,1635.33,1636.88,1634.89,1634.89,0.70598954,8
1695192300,1634.63,1640.06,1632.78,1634.79,300.62417984,66
1695193200,1634.79,1634.8,1633.69,1634.63,1.43045976,13
1695194100,1634.31,1634.65,1634.14,1634.64,0.26667272,5
1695195000,1634.65,1636.91,1634.64,1635.43,8.12063414,13
1695195900,1636.65,1636.66,1634.35,1634.35,13.13959379,10
1695196800,1634.23,1635.25,1633.88,1634.46,0.67056346,6
1695197700,1634.63,1635.73,1634.63,1634.75,17.23469521,17
1695198600,1635.33,1635.79,1634.64,1635.79,3.45528612,10
1695199500,1635.86,1638.01,1635.77,1637.88,10.63590393,31
1695200400,1637.87,1637.87,1636.25,1636.25,35.2979879,25
1695201300,1636.15,1636.52,1635.91,1635.92,3.19734214,12
1695202200,1635.91,1635.91,1633.44,1633.87,80.6077204,39
1695203100,1632.75,1632.75,1620.83,1625.24,103.7542754,112
1695204000,1627.27,1627.27,1624.34,1625.87,4.32294233,15
1695204900,1624.32,1626.89,1624.08,1626.89,5.13710053,11
1695205800,1626.51,1627.06,1619.73,1619.73,304.6917569,96
1695206700,1626.79,1628.39,1626.79,1628.39,3.19609814,8
1695207600,1628.93,1629.96,1628.8,1629.95,4.47682987,20
1695208500,1629.97,1631.03,1629.97,1630.69,1.0783979,8
1695209400,1631.03,1632.01,1629.91,1630.66,2.09717944,14
1695210300,1629.85,1630.3,1629.49,1629.86,22.55027849,14
1695211200,1631.89,1632.46,1629.94,1629.95,1.43833386,12
1695212100,1630.01,1631.06,1628.0,1628.2,9.62208783,44
1695213000,1628.31,1628.31,1624.26,1624.31,9.45785811,34
1695213900,1624.51,1626.73,1624.4,1626.4,3.55884281,12
1695214800,1626.13,1627.16,1626.13,1626.6,2.25990521,14
1695215700,1626.84,1626.98,1621.97,1623.99,41.73123787,19
1695216600,1624.0,1628.58,1622.95,1628.58,12.43130358,24
1695217500,1628.35,1632.84,1627.54,1632.26,62.76831516,45
1695218400,1632.38,1633.38,1631.73,1632.04,1.1720418,10
1695219300,1625.41,1631.57,1625.41,1631.46,2.55781404,15
1695220200,1631.51,1631.84,1629.14,1629.14,5.77073397,16
1695221100,1630.37,1630.47,1627.13,1627.13,14.98797669,22
1695222000,1627.29,1629.41,1626.32,1628.57,22.14083973,29
1695222900,1628.02,1629.67,1626.13,1626.17,20.09809004,27
1695223800,1626.58,1627.76,1626.4,1627.76,20.29375372,21
1695224700,1629.48,1630.82,1628.66,1628.66,26.76676648,21
1695225600,1629.45,1629.45,1627.92,1628.45,10.42602696,29
1695226500,1628.61,1630.42,1626.45,1627.44,10.04880265,27
1695227400,1627.58,1630.12,1626.64,1629.55,2.88760006,16
1695228300,1629.46,1629.67,1627.93,1627.93,3.43060336,20
1695229200,1629.11,1629.62,1627.98,1629.62,3.32908535,15
1695230100,1629.87,1632.0,1629.87,1631.99,1.74395254,12
1695231000,1632.0,1632.59,1627.16,1627.16,12.73238232,19
1695231900,1628.36,1630.14,1628.27,1630.14,0.9756837,12
1695232800,1629.14,1631.49,1626.77,1631.49,31.17249063,26
1695233700,1631.02,1633.72,1631.02,1632.81,4.40779167,11
1695234600,1633.97,1639.85,1630.01,1634.44,19.08400282,32
1695235500,1633.44,1633.44,1629.51,1632.36,2.24412807,24
1695236400,1631.57,1631.57,1629.21,1629.21,1.40147789,9
1695237300,1628.3,1628.3,1606.6,1615.81,26.64280799,131
1695238200,1615.38,1616.37,1614.72,1615.76,2.35053591,11
1695239100,1615.4,1617.29,1611.78,1617.07,21.53517287,16
1695240000,1616.97,1617.82,1616.97,1617.82,638.21916157,41
1695240900,1617.51,1618.35,1617.0,1617.69,271.11236734,37
1695241800,1618.1,1619.97,1617.22,1619.62,4.75564988,13
1695242700,1619.63,1623.67,1618.61,1623.67,7.96105033,27
1695243600,1623.23,1623.84,1622.57,1623.84,10.34845029,15
1695244500,1624.12,1629.97,1624.12,1629.47,3.61647141,27
1695245400,1628.26,1628.84,1627.11,1627.95,1.4537692,11
1695246300,1627.41,1627.41,1625.98,1625.99,1.72254013,12
1695247200,1626.31,1626.31,1623.94,1624.19,1.22221118,9
1695248100,1624.01,1624.68,1623.14,1623.14,3.91032916,10
1695249000,1622.9,1623.04,1621.29,1623.03,1.19372198,9
1695249900,1623.09,1623.98,1623.03,1623.03,0.76419667,4
1695250800,1623.19,1623.19,1621.0,1621.0,0.42938307,9
1695251700,1621.01,1623.94,1621.0,1623.94,1.78855704,17
1695252600,1623.83,1624.31,1623.0,1623.0,0.85955827,8
1695253500,1622.64,1624.21,1622.07,1622.07,3.06554908,11
1695254400,1622.11,1622.31,1621.0,1622.3,3.0353406,15
1695255300,1621.07,1621.74,1620.66,1620.8,36.86744704,35
1695256200,1621.85,1623.04,1620.79,1622.41,0.64694456,12
1695257100,1623.46,1624.9,1620.5,1620.5,0.30585855,9
1695258000,1621.21,1621.21,1617.2,1617.46,1.1727355,15
1695258900,1617.83,1619.04,1616.0,1616.0,501.69659908,31
1695259800,1616.01,1616.65,1613.93,1615.61,2.95162496,14
1695260700,1616.58,1617.94,1615.92,1617.79,1.26370899,10
1695261600,1618.06,1620.87,1618.06,1620.3,0.81219622,7
1695262500,1620.17,1620.17,1615.87,1617.88,1.39492444,8
1695263400,1617.33,1618.0,1617.23,1617.43,6.86604248,22
1695264300,1617.42,1618.2,1617.42,1618.2,0.58979317,6
1695265200,1619.99,1619.99,1619.45,1619.51,0.83143429,6
1695266100,1619.02,1619.68,1619.01,1619.68,0.43969736,6
1695267000,1619.75,1621.0,1619.68,1620.87,0.79095319,7
1695267900,1622.62,1622.62,1621.29,1622.36,0.61072871,5
1695268800,1623.56,1623.56,1621.23,1621.23,0.72458394,7
1695269700,1622.38,1623.0,1622.23,1622.23,0.16901164,5
1695270600,1622.36,1624.04,1622.36,1624.04,0.26184614,3
1695271500,1623.87,1624.08,1623.87,1624.03,19.53280001,9
1695272400,1622.84,1623.2,1622.84,1623.2,0.13091401,2
1695273300,1622.49,1622.49,1621.98,1621.98,0.05096906,2
1695274200,1621.32,1621.32,1621.32,1621.32,0.01116621,1
1695275100,1623.42,1624.08,1623.42,1623.73,0.5544876,6
1695276000,1624.03,1624.03,1621.21,1621.31,0.30099518,5
1695276900,1620.65,1620.65,1619.01,1619.01,0.6668267,6
1695277800,1619.02,1619.29,1618.19,1619.29,22.81865682,19
1695278700,1619.29,1621.29,1619.29,1620.88,3.39300907,14
1695279600,1620.7,1620.98,1619.74,1619.92,29.23947783,27
1695280500,1620.24,1620.64,1619.38,1619.7,1.68224317,13
1695281400,1619.13,1619.7,1617.74,1617.74,56.48449803,33
1695282300,1617.72,1618.69,1617.43,1617.95,1.71944239,13
1695283200,1617.77,1619.3,1616.63,1619.29,27.8068335,18
1695284100,1619.7,1620.21,1617.5,1618.1,1.89885855,12
1695285000,1618.14,1619.94,1617.67,1619.94,1.87836904,13
1695285900,1621.47,1622.6,1616.78,1616.78,1.60022786,12
1695286800,1617.02,1618.01,1616.13,1618.01,2.44096126,13
1695287700,1616.28,1616.28,1611.04,1611.65,15.87426645,32
1695288600,1612.04,1612.93,1609.22,1611.7,3.15947385,13
1695289500,1611.46,1611.46,1608.0,1610.33,6.92517815,18
1695290400,1609.96,1611.74,1609.35,1611.46,3.15294871,17
1695291300,1610.12,1611.03,1601.0,1607.79,133.56233925,102
1695292200,1606.4,1606.43,1603.59,1606.43,4.68335592,10
1695293100,1606.87,1606.88,1588.19,1593.75,183.72737352,125
1695294000,1590.87,1596.45,1590.87,1595.48,0.901383,14
1695294900,1595.84,1596.7,1593.24,1593.24,13.07700596,26
1695295800,1593.5,1593.53,1590.6,1593.0,3.29648234,34
1695296700,1594.54,1594.71,1594.22,1594.22,0.39376237,4
1695297600,1595.7,1596.98,1595.13,1595.13,3.01607792,11
1695298500,1595.12,1595.12,1592.0,1592.27,21.43150027,17
1695299400,1592.02,1592.38,1587.54,1590.56,42.12852278,41
1695300300,1587.54,1590.86,1585.59,1590.85,12.16154391,31
1695301200,1590.45,1590.45,1586.36,1586.37,3.24695009,12
1695302100,1585.91,1587.32,1582.39,1583.68,11.82779699,35
1695303000,1583.29,1583.29,1569.53,1573.45,39.5778028,95
1695303900,1575.9,1578.57,1574.4,1577.38,14.07451803,26
1695304800,1575.65,1582.06,1575.64,1581.9,42.38297822,43
1695305700,1582.09,1582.93,1580.98,1582.44,3.59781906,12
1695306600,1581.25,1583.82,1581.25,1583.82,4.89494639,21
1695307500,1583.44,1583.68,1583.04,1583.31,3.9162975,15
1695308400,1584.47,1584.91,1582.55,1584.36,13.4386918,22
1695309300,1584.37,1584.37,1582.55,1582.56,69.09262462,13
1695310200,1582.56,1583.98,1581.44,1583.98,5.44536744,18
1695311100,1584.56,1587.43,1583.81,1583.81,2.33951958,13
1695312000,1583.63,1583.83,1582.45,1583.43,5.81802684,17
1695312900,1583.61,1584.6,1583.53,1584.6,2.18300836,12
1695313800,1583.81,1584.96,1583.81,1584.47,2.36396583,11
1695314700,1584.3,1586.51,1584.3,1586.51,4.96152009,14
1695315600,1586.65,1591.45,1586.65,1590.6,2.74964785,19
1695316500,1591.85,1592.45,1590.27,1590.79,0.7394776,8
1695317400,1590.23,1591.24,1588.85,1588.85,4.92725334,12
1695318300,1589.76,1591.72,1589.17,1589.31,38.38530882,34
1695319200,1588.67,1591.03,1588.67,1590.35,0.60197874,6
1695320100,1589.77,1590.15,1589.49,1589.91,23.67485339,21
1695321000,1589.75,1590.26,1589.05,1590.07,2.40288122,14
1695321900,1589.69,1592.53,1589.69,1592.0,1.53542927,14
1695322800,1591.74,1592.0,1588.12,1588.12,37.74885458,35
1695323700,1588.12,1589.95,1586.58,1589.11,6.57089663,21
1695324600,1587.85,1589.47,1587.85,1588.96,17.27580281,12
1695325500,1589.25,1590.37,1589.25,1589.86,0.68690259,7
1695326400,1590.32,1590.53,1589.06,1589.22,0.59397779,12
1695327300,1589.21,1589.21,1584.77,1584.94,2.00763532,19
1695328200,1584.94,1586.47,1584.89,1586.47,0.7577889,7
1695329100,1586.47,1588.81,1586.47,1588.17,4.9344529,11
1695330000,1588.03,1588.03,1586.14,1587.11,1.65392493,13
1695330900,1587.16,1588.22,1585.03,1585.03,70.82543566,21
1695331800,1585.15,1586.23,1584.79,1586.23,2.59553416,7
1695332700,1586.34,1588.4,1585.95,1588.28,1.10200522,14
1695333600,1588.01,1588.01,1585.05,1585.77,1.53768044,11
1695334500,1585.91,1585.91,1584.58,1585.05,1.21614377,12
1695335400,1585.27,1585.27,1584.55,1584.86,2.41828683,11
1695336300,1585.15,1585.57,1584.98,1585.57,1.99690758,7
1695337200,1586.91,1588.1,1586.53,1588.1,0.61759979,4
1695338100,1587.0,1587.0,1585.92,1585.92,0.83240416,6
1695339000,1585.89,1585.89,1584.53,1584.53,0.6774588,11
1695339900,1584.88,1585.05,1584.11,1584.5,20.03261754,15
1695340800,1585.4,1586.43,1584.01,1584.94,1.19306549,8
1695341700,1584.01,1584.83,1579.02,1580.96,1.96160218,18
1695342600,1587.43,1589.14,1587.43,1588.55,3.2274666,11
1695343500,1588.28,1591.56,1587.53,1591.53,1.26047088,9
1695344400,1588.18,1588.18,1586.35,1587.25,14.77644358,12
1695345300,1588.34,1594.31,1588.34,1594.29,0.46301602,10
1695346200,1592.5,1593.7,1592.16,1592.16,0.13886999,5
1695347100,1592.7,1592.7,1591.8,1591.8,0.20730651,2
1695348000,1591.8,1592.68,1591.8,1592.41,5.10854577,5
1695348900,1591.36,1591.8,1590.63,1590.63,0.45991812,4
1695349800,1590.11,1590.11,1588.96,1588.96,0.95892712,6
1695350700,1588.81,1589.02,1588.52,1588.52,1.64733373,7
1695351600,1588.73,1592.4,1588.7,1592.4,0.2901978,5
1695352500,1594.61,1594.61,1592.53,1592.53,40.29363222,26
1695353400,1591.82,1592.56,1591.6,1591.99,7.71265884,12
1695354300,1591.28,1594.22,1591.28,1594.22,8.31452178,17
1695355200,1593.99,1595.7,1593.99,1595.7,2.12048367,12
1695356100,1594.7,1595.23,1594.18,1594.69,0.61114654,6
1695357000,1593.52,1595.04,1593.52,1595.04,3.11693723,6
1695357900,1594.02,1595.03,1593.95,1594.31,22.57363875,43
1695358800,1594.44,1594.56,1593.66,1593.66,5.89051211,15
1695359700,1591.85,1592.11,1591.85,1592.11,0.13765322,2
1695360600,1591.83,1591.83,1591.82,1591.82,0.12767567,2
1695361500,1593.0,1593.93,1592.9,1593.93,6.81258338,10
1695362400,1594.59,1595.47,1594.59,1595.47,0.02953231,3
1695363300,1592.43,1593.17,1592.43,1593.0,1.38380006,4
1695364200,1593.0,1593.01,1593.0,1593.0,6.76656442,4
1695365100,1592.03,1592.03,1591.57,1591.57,0.47459652,4
1695366000,1591.81,1593.07,1591.81,1593.07,2.17955918,6
1695366900,1593.71,1593.73,1587.61,1589.83,2.41317231,11
1695367800,1590.63,1591.36,1590.4,1591.36,0.93144793,6
1695368700,1591.6,1596.89,1591.56,1596.86,5.37159742,10
1695369600,1597.02,1602.0,1597.02,1601.47,9.33883277,22
1695370500,1601.0,1601.0,1596.91,1596.93,0.32621486,5
1695371400,1599.13,1599.28,1596.03,1596.03,28.42943897,23
1695372300,1596.07,1597.26,1596.07,1596.94,0.33839159,5
1695373200,1596.15,1596.15,1596.15,1596.15,6,1
1695374100,1595.5,1595.5,1593.99,1593.99,4.92678177,10
1695375000,1594.17,1595.54,1594.17,1594.88,2.2356709,8
1695375900,1595.56,1595.71,1595.08,1595.41,3.81358557,8
1695376800,1595.63,1596.49,1595.51,1596.25,6.08011054,11
1695377700,1596.4,1596.5,1594.48,1594.48,6.04372225,10
1695378600,1594.9,1594.9,1593.72,1594.79,28.56114504,19
1695379500,1594.73,1594.73,1593.37,1593.68,0.2282743,6
1695380400,1593.89,1594.9,1593.89,1594.9,1.19377244,6
1695381300,1594.89,1594.9,1594.89,1594.9,0.99553323,5
1695382200,1594.9,1597.25,1594.9,1597.25,5.54710955,9
1695383100,1597.78,1597.78,1597.45,1597.45,0.16167526,3
1695384000,1597.56,1597.71,1596.7,1597.3,0.52488672,4
1695384900,1598.63,1598.63,1597.46,1597.75,0.17103385,5
1695385800,1599.13,1599.13,1595.06,1597.03,41.36206489,33
1695386700,1596.25,1596.25,1594.96,1594.96,0.65566659,5
1695387600,1595.65,1595.93,1595.45,1595.93,4.05013765,8
1695388500,1595.71,1597.23,1595.71,1595.97,3.29686774,9
1695389400,1595.78,1595.78,1594.05,1594.05,0.72644029,6
1695390300,1596.99,1596.99,1594.51,1594.51,1.68132224,4
1695391200,1595.77,1599.49,1595.21,1598.17,5.02754047,12
1695392100,1593.59,1595.44,1593.58,1595.44,3.51418096,16
1695393000,1596.64,1599.56,1596.64,1597.01,1.3175154,8
1695393900,1595.3,1596.94,1594.77,1596.94,21.46247202,13
1695394800,1598.9,1598.9,1596.86,1596.86,0.6759207,2
1695395700,1595.55,1598.32,1595.55,1598.32,15.20446827,18
1695396600,1598.32,1598.33,1595.8,1595.8,12.23346679,11
1695397500,1596.09,1596.09,1593.0,1593.0,46.90392796,21
1695398400,1592.99,1594.42,1592.12,1592.12,0.18757169,4
1695399300,1592.97,1593.65,1592.97,1593.65,0.66491039,4
1695400200,1592.06,1592.06,1590.75,1591.41,0.12069312,6
1695401100,1590.66,1590.84,1589.21,1589.79,3.02659245,13
1695402000,1589.66,1590.47,1589.66,1589.74,0.10529303,3
1695402900,1589.79,1589.79,1587.62,1588.56,0.5391932,6
1695403800,1590.11,1590.38,1589.13,1589.13,16.22703928,10
1695404700,1588.87,1592.69,1588.59,1591.97,1.99777931,9
1695405600,1592.34,1592.34,1590.5,1590.77,1.39167376,11
1695406500,1590.92,1592.26,1590.92,1592.02,1.6415172,13
1695407400,1591.85,1592.88,1591.85,1592.17,0.93999884,4
1695408300,1593.79,1594.2,1593.79,1593.83,0.67469915,5
1695409200,1597.01,1598.16,1597.01,1598.16,0.29049288,5
1695410100,1597.25,1598.19,1597.25,1597.92,0.11699896,4
1695411000,1596.16,1596.29,1594.97,1596.22,31.25775953,9
1695411900,1594.76,1594.76,1592.43,1592.43,1.10657886,10
1695412800,1593.58,1593.72,1593.48,1593.72,0.10147902,3
1695413700,1594.08,1594.08,1592.75,1592.75,0.23289537,4
1695414600,1592.31,1592.31,1590.36,1590.36,1.69559959,4
1695415500,1590.88,1591.65,1590.76,1590.76,3.12335589,8
1695416400,1591.23,1591.23,1589.56,1589.56,0.54577646,6
1695417300,1591.51,1591.9,1591.51,1591.87,98.87665059,29
1695418200,1591.9,1593.57,1591.9,1593.57,0.8415109,4
1695419100,1593.37,1593.86,1593.09,1593.86,0.86387739,5
1695420000,1593.6,1593.6,1593.07,1593.07,0.2636619,3
1695420900,1593.57,1593.77,1593.57,1593.77,0.65735111,2
1695421800,1593.88,1593.92,1593.17,1593.17,0.75573846,5
1695422700,1593.0,1593.0,1593.0,1593.0,0.01395,1
1695423600,1594.2,1594.2,1594.2,1594.2,0.19627,1
1695424500,1593.47,1594.4,1593.3,1594.4,23.32324897,14
1695425400,1593.83,1594.3,1593.63,1594.3,0.45152921,4
1695426300,1594.58,1594.58,1594.3,1594.3,0.36774682,5
1695427200,1594.3,1596.31,1594.3,1596.31,2.08967461,4
1695428100,1597.05,1597.74,1597.05,1597.74,0.32024195,3
1695429000,1596.01,1596.01,1596.01,1596.01,0.08053075,1
1695429900,1595.41,1596.09,1595.3,1596.09,53.58513589,79
1695430800,1596.09,1596.09,1596.05,1596.05,12.12589399,21
1695431700,1595.2,1595.2,1594.6,1594.6,0.21861178,3
1695432600,1596.45,1596.45,1596.45,1596.45,0.20042061,1
1695433500,1596.47,1596.47,1596.47,1596.47,0.14719351,1
1695435300,1594.38,1594.38,1594.3,1594.3,0.12210615,3
1695436200,1594.3,1594.3,1594.3,1594.3,0.01,1
1695437100,1594.3,1594.3,1594.3,1594.3,0.07179416,1
1695438000,1593.0,1593.0,1592.95,1592.95,0.11160123,2
1695438900,1592.34,1592.34,1592.34,1592.34,0.94176298,1
1695439800,1592.51,1592.51,1592.51,1592.51,0.03711888,1
1695440700,1591.56,1591.56,1591.29,1591.29,0.37485881,3
1695441600,1591.28,1591.28,1590.25,1590.25,0.09512347,4
1695442500,1591.25,1591.25,1591.25,1591.25,0.04888802,1
1695443400,1592.12,1592.8,1592.12,1592.61,0.16320252,3
1695444300,1592.64,1592.64,1592.64,1592.64,0.12147539,1
1695445200,1592.61,1592.61,1592.61,1592.61,0.177,1
1695446100,1593.04,1593.92,1593.04,1593.92,0.37782524,2
1695447900,1594.05,1594.05,1593.77,1593.77,0.34597494,2
1695449700,1594.64,1594.64,1594.5,1594.5,0.72084,3
1695450600,1594.27,1594.32,1594.25,1594.32,0.59528929,6
1695451500,1594.21,1594.6,1594.21,1594.6,1.62944394,5
1695452400,1594.46,1594.46,1594.28,1594.28,0.92510519,3
1695453300,1594.2,1594.2,1594.2,1594.2,0.06272738,2
1695454200,1594.27,1594.27,1594.27,1594.27,0.81184001,2
1695455100,1593.93,1594.27,1592.61,1594.26,1.46049081,7
1695456000,1594.0,1594.03,1594.0,1594.03,0.06695978,2
1695456900,1594.27,1594.27,1593.44,1593.67,0.33959412,3
1695457800,1593.42,1593.42,1593.42,1593.42,0.18192944,1
1695458700,1592.92,1593.83,1592.92,1593.83,0.14244484,4
1695459600,1594.26,1594.26,1594.26,1594.26,0.36029564,1
1695460500,1592.61,1592.61,1591.5,1591.5,0.82754895,4
1695461400,1591.43,1591.73,1591.43,1591.73,0.31758902,3
1695462300,1592.46,1593.09,1592.4,1593.09,2.68247868,8
1695463200,1593.22,1593.22,1592.44,1592.44,0.62086547,3
1695464100,1592.91,1592.96,1592.91,1592.96,0.12555392,2
1695465000,1592.78,1592.78,1592.78,1592.78,0.01,1
1695465900,1593.03,1593.03,1592.6,1592.6,1.49207,3
1695466800,1592.24,1592.6,1592.24,1592.6,1.24342455,8
1695467700,1592.59,1592.59,1591.29,1591.29,0.94468568,5
1695468600,1592.24,1592.75,1592.24,1592.53,0.101057,5
1695469500,1592.54,1592.54,1592.5,1592.54,0.75799098,5
1695470400,1592.54,1592.54,1592.54,1592.54,0.0666995,6
1695471300,1592.54,1592.85,1592.54,1592.85,2.0845862,4
1695472200,1593.34,1594.87,1593.34,1594.64,0.21095526,15
1695473100,1591.92,1591.92,1591.92,1591.92,0.00127992,1
1695474000,1592.61,1592.61,1592.07,1592.07,1.27460347,4
1695474900,1592.0,1592.0,1591.94,1591.96,2.75528177,6
1695475800,1591.88,1592.59,1591.88,1592.59,0.26281127,2
1695476700,1591.56,1591.64,1591.25,1591.25,7.56953452,11
1695477600,1591.25,1592.11,1591.25,1591.25,10.20541912,6
1695478500,1591.25,1591.25,1591.25,1591.25,2.11118255,6
1695479400,1591.77,1592.5,1591.77,1592.5,0.09635356,2
1695480300,1591.7,1591.83,1591.7,1591.83,0.61583141,3
1695481200,1591.37,1591.84,1591.37,1591.84,0.11508,2
1695482100,1591.49,1591.49,1589.1,1589.1,14.29287896,19
1695483000,1589.1,1589.29,1588.67,1588.67,0.52349383,6
1695483900,1590.14,1590.14,1590.09,1590.11,1.47030413,4
1695484800,1590.16,1590.16,1588.92,1588.99,0.33444492,4
1695485700,1589.33,1589.4,1589.33,1589.4,0.75034525,3
1695486600,1589.4,1589.85,1589.31,1589.85,0.1724717,3
1695487500,1591.62,1593.51,1591.62,1593.51,0.37741819,3
1695488400,1592.71,1592.71,1592.71,1592.71,0.37,1
1695489300,1592.71,1592.71,1591.73,1591.74,5.2098414,13
1695490200,1591.73,1591.74,1591.73,1591.73,2.13976105,12
1695491100,1591.73,1591.74,1591.73,1591.73,0.9392591,5
1695492000,1591.73,1593.64,1591.73,1593.64,0.26199832,5
1695492900,1593.75,1594.95,1593.68,1593.68,2.53411138,7
1695493800,1594.44,1594.44,1593.64,1593.67,0.14006928,4
1695494700,1593.64,1593.65,1593.64,1593.64,2.14561681,5
1695495600,1593.64,1593.66,1593.64,1593.66,0.13393,2
1695497400,1593.94,1595.02,1593.91,1595.02,21.19426981,18
1695498300,1594.98,1595.03,1594.97,1594.97,5.2968959,7
1695500100,1594.03,1594.17,1593.96,1593.96,0.44738061,5
1695501000,1593.97,1593.97,1593.74,1593.74,0.09462007,3
1695501900,1593.74,1593.75,1593.74,1593.75,0.07633756,3
1695502800,1593.74,1593.75,1593.64,1593.64,6.0493964,15
1695503700,1593.64,1593.64,1593.64,1593.64,0.0308191,1
1695504600,1593.87,1593.87,1593.64,1593.64,0.0142118,2
1695505500,1593.65,1593.65,1593.65,1593.65,1.5,3
1695506400,1593.65,1593.65,1593.64,1593.64,1.4534317,6
1695507300,1593.65,1593.65,1593.64,1593.64,12.23421203,11
1695508200,1591.75,1591.75,1591.73,1591.74,0.15780761,3
1695509100,1591.73,1591.73,1591.73,1591.73,1.25709988,1
1695510000,1591.73,1591.74,1590.01,1590.96,3.59261464,7
1695510900,1591.77,1591.77,1591.77,1591.77,1.27358059,1
1695511800,1592.2,1592.68,1592.2,1592.68,0.31549196,3
1695512700,1592.61,1593.83,1592.41,1593.82,0.40089413,5
1695513600,1593.63,1593.63,1593.38,1593.38,0.02509609,2
1695514500,1592.89,1593.56,1592.89,1593.49,0.26494793,7
1695517200,1591.2,1591.22,1591.2,1591.22,0.62942554,2
1695519000,1592.67,1592.9,1592.67,1592.9,0.10564956,2
1695519900,1593.33,1593.64,1593.33,1593.64,0.04836597,2
1695521700,1593.64,1593.64,1593.63,1593.63,0.48096838,4
1695523500,1593.64,1593.64,1593.64,1593.64,0.01,1
1695524400,1593.64,1593.64,1593.62,1593.62,0.66986181,2
1695525300,1593.53,1593.64,1593.53,1593.64,0.11659865,2
1695526200,1593.38,1593.38,1593.38,1593.38,0.05397159,2
1695528000,1591.95,1592.19,1591.95,1592.19,1.01413666,5
1695529800,1591.84,1591.84,1591.84,1591.84,0.07015243,1
1695530700,1592.53,1592.87,1592.53,1592.87,1.32639819,7
1695531600,1592.5,1592.5,1592.3,1592.3,0.02691265,2
1695532500,1591.67,1591.67,1591.67,1591.67,0.02337234,1
1695533400,1592.06,1592.09,1592.02,1592.09,1.2597113,6
1695534300,1591.93,1591.93,1591.93,1591.93,0.03124463,1
1695535200,1592.03,1592.04,1591.54,1591.54,1.41644048,5
1695536100,1591.51,1591.51,1591.5,1591.51,0.82298274,4
1695537000,1591.51,1591.51,1591.51,1591.51,0.23730409,11
1695537900,1591.5,1591.51,1591.5,1591.51,0.74884032,9
1695538800,1591.51,1592.31,1591.51,1592.31,0.8398025,5
1695539700,1592.31,1592.32,1592.31,1592.31,0.1435782,4
1695540600,1592.31,1592.31,1591.55,1591.55,1.20206239,2
1695541500,1591.72,1592.07,1591.72,1592.07,2.11494,7
1695543300,1592.24,1592.36,1592.24,1592.36,0.31580029,3
1695544200,1593.64,1593.64,1593.64,1593.64,0.44008,2
1695545100,1593.64,1593.64,1593.64,1593.64,0.13370854,4
1695546000,1593.64,1595.0,1593.64,1595.0,8.05631966,11
1695546900,1594.99,1595.0,1594.04,1594.04,0.69296123,6
1695547800,1593.68,1593.73,1593.68,1593.73,4.17363085,3
1695549600,1593.99,1594.08,1593.99,1594.08,1.63313237,3
1695550500,1593.94,1593.94,1593.44,1593.44,0.39445835,5
1695551400,1593.59,1593.78,1593.59,1593.78,1.0093,3
1695552300,1592.12,1592.42,1592.12,1592.42,0.51903817,6
1695553200,1592.87,1593.08,1592.87,1593.08,0.21475645,2
1695554100,1594.89,1594.89,1594.89,1594.89,0.04492473,1
1695555000,1594.64,1594.64,1593.64,1593.64,0.68547146,6
1695555900,1593.66,1593.89,1593.66,1593.89,0.56277634,6
1695556800,1593.95,1593.95,1593.95,1593.95,0.04,1
1695557700,1593.08,1593.54,1593.08,1593.54,0.7502557,4
1695558600,1592.49,1593.61,1592.47,1593.61,1.33604637,16
1695559500,1594.73,1595.91,1594.73,1595.15,132.20449924,46
1695560400,1595.32,1596.58,1595.17,1595.84,8.67075909,17
1695561300,1595.83,1595.83,1595.83,1595.83,3.37474849,5
1695562200,1594.48,1594.48,1594.47,1594.47,0.51975744,2
1695563100,1594.6,1595.45,1594.6,1594.93,0.73259308,8
1695564000,1594.76,1594.76,1593.72,1593.91,2.43218203,11
1695564900,1594.17,1594.57,1594.17,1594.57,0.38974792,2
1695565800,1594.39,1594.39,1594.39,1594.39,0.034,1
1695566700,1594.65,1595.05,1594.65,1595.05,0.48577097,4
1695567600,1595.03,1595.09,1593.64,1593.64,0.85027118,7
1695568500,1591.8,1592.06,1591.8,1591.81,4.38084589,11
1695569400,1591.8,1591.8,1589.9,1589.9,3.72008314,5
1695571200,1590.56,1590.73,1590.56,1590.73,0.23006928,4
1695572100,1590.56,1590.56,1589.56,1589.56,0.39065774,3
1695573000,1590.79,1591.15,1590.46,1590.46,0.02591637,3
1695573900,1591.46,1591.47,1590.91,1590.91,2.30795054,4
1695574800,1590.55,1590.55,1590.55,1590.55,0.22645525,1
1695575700,1591.92,1591.92,1591.92,1591.92,0.01729173,1
1695576600,1591.45,1592.44,1591.08,1592.44,6.31294436,5
1695577500,1593.58,1599.78,1593.58,1597.1,0.81590574,14
1695578400,1599.49,1599.96,1597.18,1597.28,37.83211894,19
1695579300,1595.12,1595.12,1580.0,1588.14,9.55098142,59
1695580200,1588.14,1592.45,1588.14,1592.45,1.12952851,9
1695581100,1590.33,1590.33,1590.25,1590.32,1.4754575,4
1695582000,1589.23,1590.42,1588.85,1590.42,0.27388561,4
1695582900,1585.0,1585.0,1581.38,1582.39,27.69040381,8
1695583800,1586.95,1587.89,1585.26,1585.26,0.91476841,6
1695584700,1585.97,1588.17,1585.97,1586.41,0.69121696,7
1695585600,1587.48,1587.48,1586.74,1586.79,0.7217352,10
1695586500,1587.51,1588.11,1585.88,1587.46,1.74298535,10
1695587400,1588.74,1589.42,1588.39,1589.42,1.08928881,5
1695588300,1588.66,1589.72,1588.55,1589.72,0.40678539,7
1695589200,1589.72,1589.72,1589.71,1589.72,0.79340632,13
1695590100,1587.23,1589.59,1586.63,1589.59,0.93700148,8
1695591000,1589.23,1589.62,1589.23,1589.42,1.92132098,4
1695591900,1589.72,1589.72,1589.71,1589.71,0.74896571,5
1695592800,1588.56,1588.56,1587.37,1587.37,3.85779752,5
1695593700,1586.96,1587.53,1586.96,1587.35,7.77669824,5
1695594600,1588.78,1589.18,1588.44,1588.44,0.20218631,5
1695595500,1589.29,1589.67,1589.22,1589.22,0.36752951,4
1695596400,1588.47,1588.47,1588.47,1588.47,0.03257065,1
1695597300,1586.0,1586.18,1570.05,1576.38,43.56018112,86
1695598200,1576.69,1579.77,1576.69,1579.77,5.15806902,9
1695599100,1580.14,1580.74,1580.14,1580.62,0.33746536,7
1695600000,1580.35,1580.36,1577.58,1578.8,5.25511206,7
1695600900,1577.46,1577.46,1564.67,1573.46,9.49967962,61
1695601800,1574.15,1574.97,1573.27,1574.97,0.22659728,6
1695602700,1574.41,1577.9,1574.41,1577.9,7.72855958,18
1695603600,1579.02,1586.2,1579.02,1585.39,60.93927803,108
1695604500,1584.81,1584.81,1583.32,1583.32,0.14320623,3
1695605400,1583.32,1583.32,1582.74,1582.74,0.15297177,2
1695606300,1581.09,1581.19,1577.12,1577.12,3.2784877,15
1695607200,1577.03,1580.15,1577.03,1580.15,0.34474922,4
1695608100,1579.69,1579.69,1578.08,1578.38,6.18287613,5
1695609000,1577.71,1578.07,1577.71,1577.99,2.34436729,6
1695609900,1578.48,1578.48,1577.94,1577.94,0.19306719,2
1695610800,1580.09,1582.39,1580.09,1581.32,17.79957098,15
1695611700,1581.18,1581.18,1580.82,1580.82,0.04847575,2
1695614400,1577.94,1577.94,1576.79,1576.79,1.45627083,6
1695615300,1576.79,1579.21,1576.79,1579.21,5.67847606,8
1695616200,1577.78,1577.79,1577.78,1577.79,6.342,3
1695617100,1577.94,1578.35,1577.94,1578.32,1.13089432,4
1695618000,1578.59,1579.19,1578.14,1578.14,0.24633492,6
1695618900,1578.11,1578.11,1577.78,1577.78,0.11467628,2
1695619800,1575.61,1576.02,1575.41,1576.02,0.9863901,3
1695620700,1575.47,1576.0,1575.0,1576.0,4.13013977,8
1695621600,1576.0,1576.0,1573.66,1573.66,2.79291285,15
1695622500,1576.0,1576.0,1575.99,1576.0,0.33351123,6
1695623400,1576.0,1580.36,1576.0,1580.36,6.52578338,10
1695624300,1579.1,1579.18,1578.59,1578.59,2.07458281,8
1695625200,1578.6,1578.6,1577.91,1578.4,4.06232434,10
1695626100,1578.75,1579.31,1578.6,1578.6,3.50109721,6
1695627000,1578.01,1578.01,1578.0,1578.0,1.22593421,4
1695627900,1580.1,1581.1,1580.1,1581.1,9.4844826,9
1695628800,1582.27,1582.27,1581.12,1581.73,1.41131486,5
1695629700,1580.26,1586.83,1580.1,1586.83,317.68128002,89
1695630600,1580.09,1580.09,1577.63,1577.63,28.61666783,14
1695631500,1577.81,1578.32,1577.81,1578.32,0.32684112,3
1695632400,1578.05,1578.05,1577.23,1577.48,20.96299808,12
1695633300,1577.01,1577.01,1577.0,1577.0,10.57889143,3
1695634200,1575.61,1575.61,1575.26,1575.26,0.03280066,2
1695635100,1575.82,1575.82,1573.43,1573.43,0.69760656,7
1695636000,1573.45,1574.57,1573.45,1573.5,1.57126384,12
1695636900,1573.5,1574.88,1573.5,1574.88,17.19327237,24
1695637800,1575.11,1576.1,1573.82,1573.82,26.93632921,23
1695638700,1574.53,1574.62,1574.53,1574.62,1.2557348,2
1695639600,1574.95,1575.34,1572.94,1572.94,59.09009864,22
1695640500,1572.89,1572.89,1570.91,1571.32,7.75797493,14
1695641400,1571.32,1571.32,1567.27,1569.74,28.83228276,24
1695642300,1569.06,1569.06,1569.06,1569.06,0.10561185,1
1695643200,1569.74,1570.02,1569.06,1569.06,61.25096043,29
1695644100,1567.26,1567.26,1565.34,1565.34,0.95754796,9
1695645000,1569.18,1569.18,1567.3,1567.3,0.85401019,3
1695645900,1570.72,1571.43,1570.71,1571.29,14.10552968,4
1695646800,1570.91,1572.36,1570.91,1572.36,3.85086918,5
1695647700,1572.52,1573.86,1572.52,1573.86,20.73304761,9
1695648600,1573.64,1573.71,1573.08,1573.71,0.06084861,3
1695649500,1574.15,1576.42,1574.15,1576.42,1.90390117,7
1695650400,1575.77,1576.04,1575.27,1575.31,30.19547248,10
1695651300,1575.46,1575.46,1573.74,1573.74,2.90262512,7
1695652200,1574.3,1575.96,1574.3,1575.57,3.48635854,8
1695653100,1576.18,1576.18,1575.0,1575.0,0.74619205,5
1695654000,1576.35,1578.53,1576.35,1578.3,1.71128495,8
1695654900,1579.02,1588.78,1579.02,1584.69,12.04519121,42
1695655800,1584.68,1588.24,1583.37,1588.24,48.12039993,23
1695656700,1588.24,1588.24,1583.31,1584.49,23.85732851,30
1695657600,1585.29,1595.34,1585.29,1594.6,75.9277007,84
1695658500,1593.89,1596.36,1592.79,1593.61,10.44376772,17
1695659400,1593.66,1593.66,1593.11,1593.11,3.71620959,17
1695660300,1593.11,1593.73,1590.95,1590.95,62.62277454,90
1695661200,1590.59,1592.95,1590.59,1592.89,7.2084627,22
1695662100,1592.21,1592.69,1588.76,1588.76,15.55423021,21
1695663000,1588.77,1589.97,1588.75,1589.97,42.5056021,34
1695663900,1589.97,1593.1,1589.97,1593.1,5.39500938,6
1695664800,1591.74,1592.35,1591.39,1592.09,8.89588031,14
1695665700,1592.06,1592.06,1592.05,1592.05,4.07270656,11
1695666600,1591.38,1591.4,1591.32,1591.4,0.63228414,3
1695667500,1592.05,1592.06,1591.67,1591.67,1.01976561,4
1695668400,1591.64,1591.64,1587.4,1588.12,4.63111969,23
1695669300,1588.25,1588.9,1588.25,1588.9,0.10354266,3
1695670200,1588.54,1589.62,1588.28,1589.62,0.49351002,6
1695671100,1589.82,1592.12,1589.75,1592.12,3.60674844,13
1695672000,1592.67,1595.0,1592.67,1594.92,3.92070359,7
1695672900,1595.0,1595.0,1590.6,1590.6,12.99192636,14
1695673800,1589.85,1589.85,1588.82,1588.82,0.83721999,3
1695674700,1588.48,1588.48,1587.23,1587.23,0.43358569,5
1695675600,1587.17,1587.27,1586.04,1586.15,0.88642742,10
1695676500,1585.39,1586.06,1585.05,1586.06,3.04691169,5
1695677400,1586.17,1586.86,1586.0,1586.71,7.56965429,5
1695679200,1587.54,1587.54,1586.64,1586.64,0.53718273,3
1695680100,1587.89,1587.89,1587.26,1587.26,0.16541,3
1695681000,1586.67,1587.17,1586.67,1587.0,2.07097701,8
1695681900,1586.92,1587.31,1586.82,1586.82,0.07185804,3
1695684600,1587.74,1587.8,1587.58,1587.8,0.60108466,6
1695685500,1587.24,1588.64,1587.24,1588.64,0.11329438,3
1695686400,1588.23,1588.23,1588.23,1588.23,0.015,1
1695687300,1587.96,1587.96,1587.95,1587.95,3.23375085,3
1695688200,1587.95,1587.95,1587.25,1587.25,0.94786142,2
1695689100,1587.95,1587.95,1587.95,1587.95,0.03333933,1
1695690000,1587.39,1588.08,1587.11,1588.08,2.14911851,4
1695690900,1589.9,1589.9,1588.47,1588.47,1.6384649,6
1695691800,1587.65,1587.65,1587.52,1587.52,1.58856098,2
1695692700,1589.91,1589.91,1589.91,1589.91,0.47334519,1
1695693600,1592.08,1592.08,1592.08,1592.08,0.01220326,1
1695694500,1589.6,1590.49,1589.21,1590.49,58.67256256,22
1695695400,1590.36,1590.36,1589.39,1589.39,12.81707538,10
1695696300,1590.93,1592.84,1590.93,1592.84,10.62810914,5
1695699000,1593.73,1593.93,1593.73,1593.93,0.02716764,2
1695699900,1592.67,1592.67,1592.05,1592.05,0.20234932,3
1695700800,1592.05,1592.05,1592.05,1592.05,0.05,1
1695701700,1591.71,1591.71,1591.46,1591.46,2.36536522,4
1695706200,1592.02,1592.56,1591.87,1591.87,1.38914408,5
1695707100,1591.75,1592.03,1591.75,1592.03,0.57847238,2
1695708000,1592.98,1593.2,1592.98,1593.1,0.80240253,3
1695708900,1591.2,1591.2,1590.08,1590.08,6.51914082,7
1695709800,1590.72,1590.72,1590.07,1590.07,0.23292906,2
1695710700,1589.51,1589.78,1587.82,1589.16,46.43627972,44
1695711600,1588.77,1588.86,1588.35,1588.86,4.55096394,7
1695712500,1588.21,1588.75,1588.21,1588.75,0.25631204,3
1695713400,1588.27,1588.27,1587.37,1588.24,1.43685625,8
1695714300,1588.24,1588.25,1588.24,1588.25,6.8276563,8
1695715200,1589.13,1590.12,1588.56,1588.98,59.91045623,23
1695716100,1588.99,1589.49,1588.83,1589.43,2.51876293,7
1695717900,1590.65,1590.98,1589.87,1589.87,1.10016694,4
1695718800,1590.03,1590.03,1588.87,1588.87,0.95418826,6
1695719700,1588.87,1590.37,1588.39,1590.37,37.37324037,18
1695720600,1590.99,1595.38,1590.99,1595.38,1.46685943,6
1695721500,1595.65,1598.0,1592.84,1592.84,22.70017171,26
1695722400,1593.27,1593.27,1591.92,1591.92,0.77231739,7
1695723300,1591.93,1591.93,1587.81,1587.89,9.21298641,15
1695724200,1588.29,1588.83,1588.25,1588.67,24.62975374,17
1695725100,1588.85,1588.91,1588.36,1588.36,0.59890075,7
1695726000,1588.0,1588.01,1587.02,1587.45,43.36439622,13
1695726900,1588.5,1589.12,1588.5,1589.12,1.09734334,4
1695727800,1591.62,1591.62,1590.13,1590.13,0.04490727,2
1695728700,1589.25,1589.52,1589.23,1589.23,0.28890594,4
1695729600,1592.33,1592.55,1592.33,1592.55,0.24077608,2
1695730500,1591.11,1591.96,1591.11,1591.96,0.08674255,3
1695731400,1590.35,1590.46,1589.0,1589.0,0.903459,4
1695732300,1587.67,1588.3,1587.53,1587.54,3.25499286,8
1695733200,1586.97,1586.97,1586.24,1586.24,4.90574314,6
1695734100,1587.11,1587.28,1586.31,1586.7,39.44662413,20
1695735000,1586.0,1586.0,1584.31,1584.31,0.16945008,5
1695735900,1588.03,1589.4,1582.11,1582.38,1.35834263,19
1695736800,1583.53,1586.15,1583.53,1585.26,2.19031719,8
1695737700,1583.21,1585.73,1583.21,1584.37,3.64555283,10
1695738600,1584.55,1585.37,1584.55,1584.71,1.88752858,4
1695739500,1585.93,1586.73,1585.55,1585.57,0.90919868,5
1695740400,1586.98,1586.98,1585.73,1585.73,0.64239989,5
1695741300,1584.84,1584.84,1584.12,1584.12,0.04459466,3
1695742200,1583.29,1584.54,1582.6,1583.23,117.57524975,45
1695743100,1583.47,1583.47,1582.46,1582.82,0.60056757,6
1695744000,1584.15,1584.99,1584.15,1584.54,0.41355359,3
1695744900,1585.6,1587.23,1585.6,1586.57,0.29864605,6
1695745800,1588.22,1592.08,1588.22,1591.51,0.72624736,14
1695746700,1590.42,1591.13,1590.22,1590.22,1.97303178,18
1695747600,1591.29,1591.29,1590.44,1590.44,1.09648325,4
1695748500,1589.25,1589.25,1588.34,1588.34,1.43686,6
1695749400,1587.78,1588.08,1585.33,1585.33,0.35455542,9
1695750300,1586.26,1586.59,1586.09,1586.09,0.32012503,3
1695751200,1585.95,1586.43,1585.1,1585.16,17.07898084,10
1695752100,1585.15,1586.22,1585.15,1586.12,1.23494262,6
1695753000,1584.82,1585.0,1584.82,1585.0,0.15539299,2
1695753900,1584.78,1584.78,1584.06,1584.06,0.02994376,2
1695754800,1584.46,1586.26,1584.46,1585.76,1.79991599,11
1695755700,1585.94,1586.95,1585.84,1586.19,1.3063062,7
1695756600,1587.75,1588.04,1587.75,1588.04,0.02829418,2
1695757500,1589.07,1590.44,1588.54,1589.93,1.04634716,6
1695758400,1589.04,1591.13,1589.04,1589.62,73.75332515,28
1695759300,1590.06,1590.06,1588.47,1589.05,28.67371095,24
1695760200,1588.93,1590.19,1588.93,1589.53,45.0753583,21
1695761100,1590.23,1590.23,1587.74,1587.74,12.72593329,11
1695762000,1588.11,1588.11,1588.11,1588.11,0.37410125,2
1695762900,1587.74,1587.75,1585.0,1587.75,1.43351367,11
1695763800,1586.95,1587.75,1586.59,1587.75,1.82733416,8
1695764700,1587.75,1588.6,1587.75,1588.6,0.71167028,6
1695765600,1588.74,1589.54,1588.74,1589.54,3.43012796,5
1695766500,1590.42,1590.42,1590.42,1590.42,0.11003383,1
1695767400,1591.18,1591.18,1590.54,1590.54,0.33085079,5
1695768300,1588.36,1588.36,1588.36,1588.36,0.033,1
1695769200,1587.74,1590.06,1587.56,1590.06,14.99056887,9
1695771000,1591.81,1593.73,1591.81,1593.73,1.74198623,11
1695771900,1594.61,1594.94,1594.61,1594.94,0.13178601,2
1695772800,1595.37,1595.65,1593.85,1593.85,0.65956393,8
1695773700,1594.89,1594.89,1594.3,1594.3,0.86920509,5
1695774600,1593.14,1593.14,1592.43,1592.43,0.09731468,2
1695775500,1593.03,1593.03,1593.03,1593.03,0.10985492,1
1695777300,1589.85,1590.86,1589.85,1590.86,1.18146348,2
1695778200,1591.77,1591.77,1591.75,1591.75,0.04534651,2
1695779100,1591.42,1592.31,1591.1,1592.31,0.33390171,5
1695780000,1592.72,1592.72,1592.72,1592.72,0.174,1
1695780900,1593.17,1593.17,1592.83,1592.83,5.32610792,3
1695781800,1590.64,1590.64,1590.64,1590.64,0.0375,1
1695782700,1590.22,1591.58,1590.22,1591.58,0.35560044,2
1695783600,1590.24,1591.29,1590.24,1591.29,0.21731593,5
1695786300,1594.08,1597.02,1594.08,1597.02,0.51532691,3
1695787200,1596.68,1596.84,1596.68,1596.83,917.95082407,33
1695788100,1596.83,1596.83,1594.65,1594.65,666.4596271,26
1695789000,1592.46,1593.5,1592.46,1593.5,0.10679777,2
1695789900,1593.82,1593.82,1592.93,1592.93,0.10553201,3
1695790800,1592.27,1592.43,1592.27,1592.43,1.22211871,2
1695791700,1591.48,1591.52,1590.97,1590.97,0.52038153,3
1695792600,1591.32,1592.24,1591.32,1592.24,0.17599607,3
1695793500,1591.72,1592.68,1591.56,1592.68,0.62833627,5
1695794400,1593.22,1593.24,1593.22,1593.24,1,3
1695795300,1593.12,1593.12,1593.12,1593.12,0.03239,1
1695796200,1592.83,1594.25,1592.83,1594.25,0.31381163,3
1695797100,1594.32,1594.32,1593.56,1593.75,1.80154093,8
1695798000,1593.9,1594.27,1593.9,1593.93,1.55485167,4
1695798900,1591.46,1591.46,1591.46,1591.46,0.407,1
1695799800,1591.49,1592.11,1591.29,1591.72,68.82035085,36
1695800700,1591.87,1592.48,1591.87,1592.48,1.65695524,11
1695801600,1592.17,1592.17,1591.13,1591.23,18.58437678,14
1695802500,1591.14,1591.49,1590.23,1591.27,1.47585278,9
1695803400,1591.25,1592.95,1591.25,1592.49,3.30432888,8
1695804300,1592.63,1593.16,1592.6,1592.72,0.71509555,6
1695805200,1592.62,1593.01,1592.4,1593.01,0.87039924,4
1695806100,1592.68,1595.31,1592.68,1595.31,7.7511575,14
1695807000,1595.37,1606.86,1595.37,1604.28,138.73917748,138
1695807900,1603.92,1612.5,1602.18,1611.29,24.20017444,59
1695808800,1612.68,1614.53,1610.51,1614.53,9.44265907,26
1695809700,1613.87,1615.0,1612.0,1615.0,1.39074868,15
1695810600,1615.0,1620.0,1613.8,1614.91,135.67200947,78
1695811500,1617.63,1617.8,1615.8,1617.08,5.95970362,18
1695812400,1617.4,1620.0,1617.29,1618.97,8.54715864,19
1695813300,1618.53,1623.89,1618.53,1622.54,29.54830055,51
1695814200,1623.29,1628.39,1623.29,1628.39,12.98706229,40
1695815100,1626.99,1632.76,1626.88,1630.17,15.45638376,45
1695816000,1630.57,1631.06,1627.1,1627.1,9.53871598,23
1695816900,1628.37,1629.28,1626.77,1627.08,4.76277371,20
1695817800,1626.76,1628.49,1622.28,1622.28,6.7475899,27
1695818700,1622.26,1624.37,1622.0,1623.21,120.02083083,117
1695819600,1623.6,1628.04,1623.6,1627.88,27.81395852,47
1695820500,1625.62,1626.84,1624.21,1626.84,127.05,45
1695821400,1625.69,1625.69,1623.66,1623.68,23.13116668,16
1695822300,1623.32,1623.32,1617.98,1619.11,5.55762645,24
1695823200,1619.14,1619.14,1617.83,1618.35,2.48542448,7
1695824100,1617.26,1617.26,1602.99,1607.0,8.80948422,65
1695825000,1606.88,1606.88,1597.03,1599.97,4.31659893,32
1695825900,1597.02,1597.02,1594.09,1595.9,1.72748971,23
1695826800,1594.45,1600.69,1594.45,1600.61,25.40365993,24
1695827700,1601.56,1602.59,1599.28,1599.28,128.98996765,34
1695828600,1603.01,1603.01,1598.79,1599.4,188.31229639,83
1695829500,1599.17,1601.62,1599.17,1601.28,5.36936171,16
1695830400,1599.23,1599.59,1598.94,1599.59,6.15649834,9
1695831300,1600.78,1601.23,1600.78,1601.23,0.48978191,3
1695832200,1601.56,1602.53,1599.79,1600.01,16.11187763,13
1695833100,1599.07,1599.47,1599.0,1599.47,1.27113051,9
1695834000,1599.0,1599.0,1597.67,1598.41,21.26571213,10
1695834900,1598.26,1599.34,1596.63,1596.63,1.61841961,7
1695835800,1595.23,1595.23,1593.7,1595.0,2.07547703,10
1695836700,1596.0,1597.0,1596.0,1596.49,2.17186625,17
1695837600,1593.58,1593.58,1585.36,1586.41,5.9182807,64
1695838500,1586.44,1591.78,1586.44,1591.33,1.28218473,8
1695839400,1592.08,1595.72,1592.08,1595.72,2.23576507,17
1695840300,1594.9,1594.9,1594.31,1594.31,0.09609772,4
1695841200,1594.4,1596.49,1594.4,1596.18,1.54165582,6
1695842100,1595.64,1598.67,1595.64,1598.67,1.99678579,12
1695843000,1598.67,1598.81,1596.76,1596.87,0.76461026,7
1695843900,1597.0,1597.7,1597.0,1597.7,12.74545181,9
1695844800,1597.7,1597.7,1597.0,1597.23,3.15663555,15
1695845700,1597.68,1599.49,1597.58,1599.49,0.33605464,5
1695846600,1597.17,1597.17,1593.77,1593.77,0.84537793,5
1695847500,1594.19,1595.34,1593.84,1595.31,31.51934,11
1695848400,1594.79,1595.2,1594.53,1594.53,1.16862117,7
1695849300,1594.61,1594.94,1594.61,1594.94,0.23400729,3
1695850200,1594.08,1594.68,1594.08,1594.68,0.11672287,3
1695852000,1595.93,1597.44,1595.64,1597.44,0.66616841,6
1695852900,1597.26,1597.26,1597.08,1597.08,0.57031878,2
1695853800,1596.63,1597.23,1596.63,1597.23,0.46061106,3
1695854700,1597.05,1598.05,1596.18,1598.05,0.36341122,5
1695855600,1598.33,1598.39,1597.69,1597.69,0.9159946,4
1695856500,1595.41,1595.61,1594.96,1595.61,2.28356033,4
1695857400,1595.96,1598.52,1595.96,1598.52,0.44322411,4
1695858300,1599.29,1599.3,1598.46,1598.46,1.45219944,6
1695859200,1597.9,1597.9,1597.89,1597.89,0.46465,2
1695860100,1599.82,1605.3,1599.68,1605.3,2.53196926,27
1695861900,1604.71,1605.78,1603.38,1604.42,0.60998809,7
1695862800,1602.49,1602.49,1602.49,1602.49,0.01,1
1695863700,1600.33,1603.36,1600.33,1603.36,0.14261472,2
1695864600,1604.64,1604.96,1603.45,1604.96,9.84161318,6
1695865500,1606.66,1606.94,1606.66,1606.93,0.34638388,7
1695866400,1606.94,1614.37,1606.94,1609.32,5.03942617,49
1695867300,1611.3,1611.49,1607.25,1607.25,0.4216201,6
1695869100,1607.21,1607.21,1605.8,1607.06,0.73332565,6
1695870000,1604.87,1604.87,1604.17,1604.17,0.18996359,3
1695872700,1606.58,1606.58,1606.58,1606.58,0.00158,1
1695873600,1607.1,1607.1,1606.25,1606.26,32.18849516,16
1695874500,1606.88,1607.17,1606.88,1607.17,0.27357502,2
1695875400,1607.12,1608.44,1606.79,1608.44,57.5636363,36
1695876300,1609.71,1611.02,1609.38,1611.02,50.06986222,27
1695877200,1609.97,1609.97,1608.68,1609.13,0.71880225,5
1695878100,1608.95,1611.02,1608.82,1610.99,2.22501235,9
1695879000,1613.26,1613.94,1612.7,1613.94,0.73771296,8
1695879900,1612.47,1613.83,1612.47,1613.83,1.61255393,8
1695881700,1612.0,1612.33,1611.04,1612.33,0.29583538,7
1695882600,1612.24,1612.24,1610.34,1610.35,118.34158998,34
1695883500,1613.87,1618.45,1613.84,1618.45,2.06609334,19
1695884400,1618.45,1619.66,1618.45,1618.74,0.65935305,12
1695885300,1619.27,1619.27,1618.43,1618.43,0.93601722,4
1695886200,1617.06,1620.65,1616.66,1620.3,7.142232,18
1695887100,1620.92,1620.92,1619.71,1619.71,0.38363255,5
1695888000,1618.82,1619.98,1616.58,1616.58,5.84239525,13
1695888900,1615.54,1616.92,1615.14,1616.37,17.8288721,10
1695889800,1616.14,1618.73,1616.14,1618.73,1.5410154,19
1695890700,1618.56,1619.26,1616.67,1617.83,9.72038374,12
1695891600,1617.91,1617.91,1617.91,1617.91,0.83166,2
1695892500,1619.76,1619.76,1617.94,1617.94,4.27647138,6
1695893400,1617.63,1618.12,1617.63,1617.87,3.09960697,3
1695894300,1619.19,1619.66,1619.19,1619.66,1.85700121,5
1695895200,1619.94,1621.23,1619.94,1621.23,0.24153571,2
1695896100,1619.51,1622.71,1619.36,1622.71,7.14823042,29
1695897000,1622.72,1635.55,1622.72,1635.55,34.47276192,74
1695897900,1635.94,1635.94,1631.45,1632.04,1.59394132,8
1695898800,1633.53,1633.53,1627.23,1628.03,19.58973423,13
1695899700,1626.84,1626.84,1625.38,1626.58,38.15846084,20
1695900600,1627.36,1627.51,1624.62,1624.73,1.24546971,10
1695901500,1624.88,1625.0,1621.97,1623.27,3.15877732,12
1695902400,1623.64,1624.95,1623.64,1624.68,0.49412681,6
1695903300,1624.99,1625.94,1624.99,1625.28,2.09870494,13
1695904200,1624.98,1627.0,1624.27,1624.28,1.78175753,18
1695905100,1624.28,1624.28,1621.97,1622.82,0.76942456,11
1695906000,1622.49,1625.95,1622.34,1624.46,0.91715224,7
1695906900,1625.63,1629.06,1625.63,1629.06,11.80481067,21
1695907800,1628.96,1628.96,1623.73,1623.73,18.69465291,26
1695908700,1623.05,1627.13,1622.66,1626.71,4.78598846,17
1695909600,1629.47,1631.17,1627.61,1629.49,2.58051519,14
1695910500,1630.85,1634.63,1628.07,1632.17,2.89734699,20
1695911400,1632.3,1645.83,1629.62,1645.05,23.72069316,99
1695912300,1644.71,1646.56,1642.67,1642.67,26.46730512,56
1695913200,1640.67,1643.55,1638.68,1643.44,15.07150922,19
1695914100,1641.0,1641.0,1639.63,1639.63,2E+1,13
1695915000,1640.02,1644.74,1638.93,1643.24,38.0641455,25
1695915900,1643.88,1652.84,1639.83,1652.84,217.40715153,107
1695916800,1653.17,1664.37,1653.17,1657.11,109.32878753,203
1695917700,1656.72,1664.37,1655.9,1664.37,55.71888554,57
1695918600,1664.55,1666.99,1657.16,1657.64,170.93809907,73
1695919500,1656.82,1659.63,1656.56,1657.43,3.36232432,13
1695920400,1656.45,1662.65,1656.44,1662.65,16.04257434,36
1695921300,1662.65,1663.06,1657.64,1657.64,54.49269904,42
1695922200,1657.95,1661.97,1657.95,1661.32,5.14542365,15
1695923100,1661.66,1662.12,1661.45,1662.01,1.26891158,7
1695924000,1661.46,1665.4,1661.46,1664.35,14.35241534,23
1695924900,1663.36,1663.36,1659.11,1659.11,233.30191591,58
1695925800,1658.99,1659.21,1653.95,1656.2,4.01599675,23
1695926700,1653.94,1653.94,1647.12,1650.71,8.36113716,35
1695927600,1650.5,1652.76,1648.19,1652.57,0.7833008,16
1695928500,1652.56,1657.45,1652.56,1656.67,0.65686522,14
1695929400,1656.23,1657.85,1655.39,1655.86,2.87921067,13
1695930300,1656.48,1657.27,1656.07,1657.27,0.8905759,8
1695931200,1658.84,1661.18,1657.59,1658.39,11.26413107,28
1695932100,1658.39,1659.33,1657.24,1658.83,1.89688036,15
1695933000,1658.78,1658.78,1657.84,1657.84,5.12703195,19
1695933900,1657.93,1657.93,1655.01,1657.07,4.21809083,19
1695934800,1657.16,1657.47,1655.0,1655.0,7.53586229,11
1695935700,1655.0,1655.0,1644.01,1644.01,15.08102213,36
1695936600,1647.89,1649.9,1646.14,1649.71,23.84758216,24
1695937500,1648.36,1651.5,1647.99,1650.39,3.46998165,18
1695938400,1650.49,1650.49,1650.49,1650.49,0.01103822,1
1695939300,1649.24,1652.52,1648.49,1651.76,4.60094412,22
1695940200,1651.49,1652.7,1651.49,1652.7,1.47675356,8
1695941100,1652.2,1652.2,1649.54,1650.03,49.1725886,28
1695942000,1650.42,1654.05,1650.11,1653.86,1.83933036,12
1695942900,1654.08,1654.13,1653.69,1654.13,5.57957609,6
1695943800,1652.44,1653.88,1652.44,1653.08,2.15273601,9
1695944700,1652.89,1652.93,1652.31,1652.87,1.53828186,9
1695945600,1653.89,1654.53,1651.77,1654.53,4.05131939,12
1695946500,1655.58,1656.86,1655.03,1656.3,55.51265314,29
1695947400,1655.55,1657.45,1651.65,1651.91,1.34947416,13
1695948300,1651.29,1655.46,1651.29,1653.64,2.04305389,9
1695949200,1653.83,1654.24,1652.4,1652.52,1.43054619,6
1695950100,1652.99,1655.52,1650.86,1650.86,2.20347302,11
1695951000,1650.88,1655.12,1650.88,1653.86,3.05274415,16
1695951900,1654.81,1657.04,1654.81,1657.04,0.74079816,5
1695952800,1657.45,1658.64,1654.91,1655.92,0.63546308,8
1695953700,1655.92,1656.15,1653.89,1653.96,0.95354636,11
1695954600,1654.24,1654.24,1651.85,1652.05,0.36218628,5
1695955500,1654.49,1654.49,1651.34,1651.35,1.19232482,9
1695956400,1650.65,1652.65,1650.65,1650.75,0.51799888,6
1695957300,1650.48,1651.04,1649.56,1649.56,0.80696332,5
1695958200,1649.03,1651.3,1649.03,1650.91,1.53089989,8
1695959100,1650.42,1651.72,1650.18,1651.65,6.28168867,24
1695960000,1651.45,1651.45,1651.03,1651.03,0.27953148,7
1695960900,1650.89,1650.89,1650.68,1650.68,0.35418175,4
1695961800,1650.7,1652.66,1649.19,1652.66,1.95339853,9
1695962700,1653.09,1653.85,1653.09,1653.58,1.85224895,5
1695963600,1654.16,1654.73,1654.16,1654.47,0.90934279,5
1695964500,1654.86,1655.97,1654.86,1655.29,0.56953444,5
1695965400,1655.05,1655.05,1654.97,1654.97,0.66037722,3
1695966300,1655.1,1656.92,1655.1,1656.92,1.30133709,9
1695967200,1655.8,1655.8,1655.41,1655.41,0.33412495,3
1695968100,1655.41,1657.38,1654.48,1657.01,2.50018836,11
1695969000,1656.78,1659.09,1656.78,1659.09,0.33741545,4
1695969900,1659.21,1660.42,1659.06,1659.31,101.4451724,37
1695970800,1659.38,1660.75,1658.19,1660.75,58.33615352,47
1695971700,1660.0,1662.5,1660.0,1662.5,5.54011505,17
1695972600,1662.49,1683.0,1662.49,1680.21,87.35826575,212
1695973500,1679.24,1687.55,1679.24,1684.49,163.38102631,60
1695974400,1686.38,1686.88,1680.59,1680.77,27.25968823,34
1695975300,1680.89,1680.89,1676.29,1677.75,6.73549186,20
1695976200,1677.77,1677.77,1675.56,1676.7,6.24845063,14
1695977100,1678.27,1678.27,1672.83,1672.83,16.47239246,26
1695978000,1672.14,1677.14,1672.14,1676.13,7.17094152,11
1695978900,1676.05,1676.12,1673.63,1673.63,21.02629837,12
1695979800,1673.41,1673.79,1671.2,1673.79,0.46820655,9
1695980700,1674.05,1674.62,1673.1,1673.1,1.36607694,10
1695981600,1672.41,1672.57,1671.69,1672.28,2.15941961,13
1695982500,1672.26,1674.13,1672.19,1673.66,35.38621964,27
1695983400,1671.3,1674.21,1671.09,1673.93,5.11399369,22
1695984300,1673.47,1674.75,1672.79,1673.37,27.11461731,10
1695985200,1673.88,1674.52,1671.81,1671.81,2.39954743,10
1695986100,1672.06,1673.1,1670.57,1671.02,149.85041225,59
1695987000,1670.61,1671.52,1669.19,1671.27,2.47310133,28
1695987900,1670.91,1670.91,1668.62,1668.98,36.73498422,24
1695988800,1668.64,1670.01,1667.66,1667.66,20.88528067,20
1695989700,1667.67,1670.59,1667.36,1670.59,2.82416131,18
1695990600,1669.76,1674.16,1669.76,1674.16,42.78634953,31
1695991500,1673.55,1674.68,1672.91,1673.71,21.62099593,18
1695992400,1673.71,1674.71,1672.51,1673.83,2.80605401,17
1695993300,1674.04,1674.04,1672.14,1673.65,0.87151654,12
1695994200,1673.99,1675.08,1670.54,1671.57,3.66059,20
1695995100,1671.98,1672.1,1669.0,1670.15,5.55470405,18
1695996000,1669.12,1669.12,1656.96,1664.58,27.88002612,96
1695996900,1664.53,1667.35,1661.26,1663.33,22.23279453,30
1695997800,1663.99,1682.45,1663.99,1676.74,37.50948244,72
1695998700,1680.82,1680.82,1671.92,1673.36,7.1573596,41
1695999600,1673.41,1674.57,1671.17,1671.5,8.15244626,17
1696000500,1671.11,1674.08,1668.79,1668.79,45.79588013,51
1696001400,1669.44,1671.21,1668.35,1670.16,2.67741492,20
1696002300,1671.31,1672.17,1670.4,1672.17,1.72815955,11
1696003200,1672.36,1673.37,1668.0,1668.14,4.33337892,19
1696004100,1667.78,1669.34,1667.66,1667.71,3.59958746,18
1696005000,1668.57,1668.57,1665.95,1666.96,6.090665,25
1696005900,1665.95,1667.31,1663.76,1666.82,2.60242885,21
1696006800,1666.84,1668.16,1665.93,1668.16,1.42404527,12
1696007700,1668.21,1668.21,1665.85,1666.27,7.80270532,22
1696008600,1666.32,1666.49,1665.23,1666.22,3.25455321,15
1696009500,1665.14,1665.92,1662.68,1662.71,1.55929642,10
1696010400,1662.5,1662.5,1658.38,1658.38,50.20380297,42
1696011300,1658.34,1662.35,1658.32,1661.57,5.53621008,24
1696012200,1661.68,1664.77,1661.57,1664.77,2.32677129,19
1696013100,1664.78,1667.3,1664.78,1666.54,3.99477584,11
1696014000,1666.88,1666.88,1664.8,1665.45,15.26785902,20
1696014900,1665.91,1666.08,1664.77,1666.08,2.48381026,19
1696015800,1665.54,1665.7,1664.77,1664.77,2.20431192,15
1696016700,1665.06,1667.07,1665.06,1665.26,1.98613002,17
1696017600,1665.54,1668.73,1665.54,1666.17,5.36368957,25
1696018500,1666.19,1666.47,1664.77,1665.57,18.54902151,20
1696019400,1666.1,1667.92,1666.1,1667.02,46.39248706,20
1696020300,1667.39,1667.63,1667.13,1667.43,8.92078557,13
1696021200,1668.52,1669.04,1666.03,1666.62,5.46677938,17
1696022100,1667.68,1669.56,1667.68,1669.38,19.04619417,19
1696023000,1669.31,1669.31,1667.23,1668.28,1.56729633,8
1696023900,1668.56,1668.56,1666.2,1666.26,17.7733102,21
1696024800,1666.07,1668.54,1666.07,1668.33,1.66484341,15
1696025700,1667.49,1667.63,1665.78,1666.13,2.86125825,15
1696026600,1666.75,1667.65,1666.05,1666.82,1.96969598,14
1696027500,1666.86,1667.91,1666.74,1667.02,0.83096422,10
1696028400,1666.38,1667.41,1665.58,1667.41,1.88110603,10
1696029300,1668.05,1668.84,1667.22,1667.22,1.56902591,8
1696030200,1666.62,1668.55,1666.46,1667.8,1.73903715,14
1696031100,1668.35,1668.51,1667.65,1667.89,1.59579493,10
1696032000,1667.55,1667.75,1666.73,1667.16,36.35604241,27
1696032900,1668.52,1669.7,1668.52,1668.56,220.79873049,68
1696033800,1668.17,1671.29,1668.17,1671.13,6.85975378,15
1696034700,1671.13,1672.53,1671.13,1672.44,1.71742097,11
1696035600,1671.36,1671.36,1669.73,1669.73,6.24702771,17
1696036500,1669.52,1670.08,1668.53,1669.22,1.64852527,9
1696037400,1669.85,1669.85,1668.2,1668.2,1.16114903,9
1696038300,1668.68,1668.85,1667.35,1667.35,2.67292556,17
1696039200,1666.89,1667.39,1666.89,1667.39,1.84717944,10
1696040100,1668.11,1668.83,1667.73,1667.73,1.11061815,10
1696041000,1668.01,1670.03,1667.71,1669.8,1.18501088,9
1696041900,1670.4,1670.76,1670.2,1670.56,0.08851631,4
1696042800,1671.28,1672.25,1671.28,1672.01,0.40050837,6
1696043700,1671.91,1671.91,1670.52,1670.52,0.45466977,3
1696044600,1670.55,1670.57,1669.61,1669.85,1.01274407,9
1696045500,1670.08,1670.45,1669.88,1670.45,1.21348842,12
1696046400,1670.61,1670.67,1670.35,1670.67,0.53102913,3
1696047300,1670.33,1670.83,1670.33,1670.77,0.25194182,5
1696048200,1670.96,1670.96,1670.54,1670.89,0.58660039,7
1696049100,1670.98,1671.21,1670.85,1670.85,0.1477649,3
1696050000,1670.25,1671.68,1670.25,1671.67,0.89018002,11
1696050900,1672.06,1672.59,1672.03,1672.46,1.04379819,7
1696051800,1671.54,1671.63,1670.6,1671.22,0.87728661,10
1696052700,1672.05,1672.66,1672.05,1672.66,10.40935438,12
1696053600,1672.66,1674.23,1672.66,1674.23,0.18323855,12
1696054500,1674.71,1675.01,1674.22,1674.22,1.15518718,15
1696055400,1674.13,1675.22,1674.13,1674.13,0.38987343,4
1696056300,1674.51,1674.51,1673.37,1673.37,57.15657671,16
1696057200,1673.37,1673.37,1672.26,1672.26,3.0258778,12
1696058100,1672.14,1672.14,1671.55,1671.58,0.5394284,5
1696059000,1673.0,1674.13,1673.0,1673.9,2.33811114,8
1696059900,1673.76,1673.78,1671.89,1672.14,5.95978362,26
1696060800,1672.98,1673.1,1672.58,1673.1,4.78796434,17
1696061700,1673.1,1673.1,1671.95,1672.06,15.79301723,15
1696062600,1672.12,1672.63,1672.12,1672.63,0.87409573,9
1696063500,1674.54,1674.79,1673.7,1674.32,2.09841732,8
1696064400,1674.58,1676.48,1674.58,1675.98,8.78350214,13
1696065300,1676.0,1677.29,1675.99,1677.29,6.31787758,15
1696066200,1675.48,1675.48,1675.08,1675.08,4.97014317,8
1696067100,1675.33,1675.45,1675.0,1675.01,0.22133393,10
1696068000,1675.94,1675.94,1675.46,1675.5,3.71503773,13
1696068900,1675.64,1676.1,1675.64,1676.05,1.43264014,11
1696069800,1675.86,1675.86,1675.01,1675.38,0.80432522,7
1696070700,1675.48,1675.77,1675.17,1675.77,0.25529297,3
1696071600,1675.69,1676.02,1675.69,1675.72,1.04363635,6
1696072500,1676.8,1678.52,1676.8,1677.73,11.76178604,24
1696073400,1677.63,1677.63,1674.74,1674.94,3.40525567,15
1696074300,1674.9,1677.29,1674.9,1675.78,0.59339142,9
1696075200,1676.65,1677.26,1676.18,1677.26,0.97039815,8
1696076100,1677.39,1677.81,1677.23,1677.23,0.45836031,6
1696077000,1677.64,1678.47,1677.15,1677.33,0.88506774,9
1696077900,1677.0,1677.0,1675.19,1675.19,0.36636264,8
1696078800,1674.64,1674.64,1673.18,1673.18,0.74405446,8
1696079700,1674.09,1674.1,1673.71,1674.1,1.75220941,12
1696080600,1674.27,1676.26,1674.23,1675.49,5.42690014,10
1696081500,1675.38,1680.25,1675.38,1680.25,11.24528771,38
1696082400,1680.82,1685.94,1680.25,1685.4,0.95543747,29
1696083300,1685.43,1685.43,1680.58,1681.47,3.07633112,15
1696084200,1681.35,1682.27,1680.13,1682.1,1.41946062,12
1696085100,1682.21,1683.95,1681.43,1681.62,3.0833237,18
1696086000,1681.81,1682.42,1680.18,1682.36,2.31977662,12
1696086900,1682.97,1682.97,1681.69,1681.69,1.69626947,26
1696087800,1681.69,1685.0,1681.69,1684.63,1.8424783,17
1696088700,1685.0,1692.66,1681.69,1682.63,17.84274415,88
1696089600,1682.86,1685.24,1682.63,1683.56,2.00795504,13
1696090500,1683.89,1683.89,1679.54,1681.14,510.93161782,56
1696091400,1680.91,1681.68,1680.9,1681.68,1.39854407,3
1696092300,1682.62,1683.0,1681.11,1681.27,0.99384301,8
1696093200,1680.49,1680.49,1675.49,1675.61,1.799866,30
1696094100,1677.11,1678.59,1677.11,1678.02,0.75242339,6
1696095000,1678.82,1680.08,1678.82,1679.91,29.91955784,19
1696095900,1680.43,1680.43,1678.8,1679.36,1.53650704,8
1696096800,1679.48,1679.69,1679.48,1679.53,0.04227547,4
1696097700,1679.48,1679.48,1677.89,1678.57,0.39278863,4
1696098600,1678.26,1678.46,1675.98,1676.36,0.69172104,7
1696099500,1675.6,1676.49,1675.6,1676.49,0.83678574,3
1696100400,1676.91,1677.61,1675.86,1677.61,2.06982474,6
1696101300,1677.31,1677.94,1677.3,1677.71,1.07947176,7
1696102200,1680.28,1680.41,1680.2,1680.41,4.36380979,3
1696103100,1679.55,1679.56,1679.55,1679.56,0.18496924,3
1696104000,1680.37,1680.46,1679.15,1679.15,17.44753223,12
1696104900,1679.72,1679.98,1678.06,1678.27,3.695332,16
1696105800,1679.47,1679.47,1679.47,1679.47,0.05955394,1
1696107600,1680.54,1680.54,1680.2,1680.47,0.10413981,3
1696108500,1681.38,1681.4,1681.35,1681.35,0.2613366,4
1696109400,1679.78,1679.78,1668.25,1671.1,33.00977039,40
1696110300,1672.47,1674.19,1672.47,1674.19,0.13395449,2
1696111200,1674.29,1676.3,1673.64,1675.69,0.92802084,6
1696112100,1676.29,1676.66,1676.29,1676.66,2.01533942,7
1696113000,1676.88,1677.17,1675.24,1675.24,0.14775779,4
1696113900,1674.48,1674.92,1674.48,1674.77,0.21346447,3
1696114800,1674.62,1674.62,1672.91,1672.91,1.69851829,4
1696115700,1672.91,1672.99,1670.51,1670.51,1.36130189,7
1696116600,1670.08,1671.03,1670.08,1670.81,7.59415087,5
1696117500,1669.38,1671.38,1669.1,1671.09,32.42665217,11
